source_index,timestamp,latitude,longitude,sensor_source,length_m,width_m,era5_covered,glorys_covered,environment_matched,openberg_geometry_compatible,geometry_compatibility_reason
0,2016-01-01,-66.584,146.7567,ASCAT,14816.0,7408.0,False,False,False,False,length_exceeds_openberg_maximum
1,2016-01-02,-66.584,146.7567,ASCAT,0.0,0.0,False,False,False,False,length_below_openberg_minimum
2,2016-01-03,-66.6102,146.8444,ASCAT,0.0,0.0,False,False,False,False,length_below_openberg_minimum
3,2016-01-04,-66.5845,146.9766,ASCAT,0.0,0.0,False,False,False,False,length_below_openberg_minimum
4,2016-01-05,-66.5506,146.981,ASCAT,0.0,0.0,False,False,False,False,length_below_openberg_minimum
5,2016-01-06,-66.4825,146.9459,ASCAT,0.0,0.0,False,False,False,False,length_below_openberg_minimum
6,2016-01-07,-66.4825,146.9459,ASCAT,0.0,0.0,False,False,False,False,length_below_openberg_minimum
7,2016-01-08,-66.4825,146.9459,ASCAT,14816.0,7408.0,False,False,False,False,length_exceeds_openberg_maximum
8,2016-01-09,-66.4825,146.9459,ASCAT,0.0,0.0,False,False,False,False,length_below_openberg_minimum
9,2016-01-10,-66.4638,147.0552,ASCAT,0.0,0.0,False,False,False,False,length_below_openberg_minimum
10,2016-01-11,-66.4028,147.0472,ASCAT,0.0,0.0,False,False,False,False,length_below_openberg_minimum
11,2016-01-12,-66.3687,147.0969,ASCAT,0.0,0.0,False,False,False,False,length_below_openberg_minimum
12,2016-01-13,-66.3465,147.2089,ASCAT,0.0,0.0,False,False,False,False,length_below_openberg_minimum
13,2016-01-14,-66.3358,147.2892,ASCAT,0.0,0.0,False,False,False,False,length_below_openberg_minimum
14,2016-01-15,-66.3358,147.2892,ASCAT,14816.0,7408.0,False,False,False,False,length_exceeds_openberg_maximum
15,2016-01-16,-66.2484,147.4058,ASCAT,0.0,0.0,False,False,False,False,length_below_openberg_minimum
16,2016-01-17,-66.2298,147.6011,ASCAT,0.0,0.0,False,False,False,False,length_below_openberg_minimum
17,2016-01-18,-66.2298,147.6011,ASCAT,0.0,0.0,False,False,False,False,length_below_openberg_minimum
18,2016-01-19,-66.2298,147.6011,ASCAT,0.0,0.0,False,False,False,False,length_below_openberg_minimum
19,2016-01-20,-66.1227,147.8286,ASCAT,0.0,0.0,False,False,False,False,length_below_openberg_minimum
20,2016-01-21,-66.0721,147.8028,ASCAT,0.0,0.0,False,False,False,False,length_below_openberg_minimum
21,2016-01-22,-66.0721,147.8028,ASCAT,0.0,0.0,False,False,False,False,length_below_openberg_minimum
22,2016-01-23,-66.0721,147.8028,ASCAT,0.0,0.0,False,False,False,False,length_below_openberg_minimum
23,2016-01-24,-66.0815,147.8263,ASCAT,0.0,0.0,False,False,False,False,length_below_openberg_minimum
24,2016-01-25,-66.1053,147.8831,ASCAT,0.0,0.0,False,False,False,False,length_below_openberg_minimum
25,2016-01-26,-66.176,148.0254,ASCAT,0.0,0.0,False,False,False,False,length_below_openberg_minimum
26,2016-01-27,-66.176,148.0254,ASCAT,0.0,0.0,False,False,False,False,length_below_openberg_minimum
27,2016-01-28,-65.9912,147.8565,ASCAT,0.0,0.0,False,False,False,False,length_below_openberg_minimum
28,2016-01-29,-65.9912,147.8565,ASCAT,14816.0,7408.0,False,False,False,False,length_exceeds_openberg_maximum
29,2016-01-30,-66.2433,148.0483,ASCAT,0.0,0.0,False,False,False,False,length_below_openberg_minimum
30,2016-01-31,-66.3266,147.9727,ASCAT,0.0,0.0,False,False,False,False,length_below_openberg_minimum
31,2016-02-01,-66.3882,148.1309,ASCAT,0.0,0.0,False,False,False,False,length_below_openberg_minimum
32,2016-02-02,-66.3882,148.1309,ASCAT,0.0,0.0,False,False,False,False,length_below_openberg_minimum
33,2016-02-03,-66.3882,148.1309,ASCAT,0.0,0.0,False,False,False,False,length_below_openberg_minimum
34,2016-02-04,-66.4987,148.0526,ASCAT,0.0,0.0,False,False,False,False,length_below_openberg_minimum
35,2016-02-05,-66.4987,148.0526,ASCAT,0.0,0.0,False,False,False,False,length_below_openberg_minimum
36,2016-02-06,-66.5632,148.1797,ASCAT,0.0,0.0,False,False,False,False,length_below_openberg_minimum
37,2016-02-07,-66.5632,148.1797,ASCAT,0.0,0.0,False,False,False,False,length_below_openberg_minimum
38,2016-02-08,-66.5632,148.1797,ASCAT,0.0,0.0,False,False,False,False,length_below_openberg_minimum
39,2016-02-09,-66.5873,148.2311,ASCAT,0.0,0.0,False,False,False,False,length_below_openberg_minimum
40,2016-02-10,-66.6113,148.2824,ASCAT,0.0,0.0,False,False,False,False,length_below_openberg_minimum
41,2016-02-11,-66.6113,148.2824,ASCAT,0.0,0.0,False,False,False,False,length_below_openberg_minimum
42,2016-02-12,-66.667,148.1729,ASCAT,0.0,0.0,False,False,False,False,length_below_openberg_minimum
43,2016-02-13,-66.667,148.1729,ASCAT,0.0,0.0,False,False,False,False,length_below_openberg_minimum
44,2016-02-14,-66.8292,148.3114,ASCAT,0.0,0.0,False,False,False,False,length_below_openberg_minimum
45,2016-02-15,-66.8189,148.231,ASCAT,0.0,0.0,False,False,False,False,length_below_openberg_minimum
46,2016-02-16,-66.8189,148.231,ASCAT,0.0,0.0,False,False,False,False,length_below_openberg_minimum
47,2016-02-17,-66.8189,148.231,ASCAT,0.0,0.0,False,False,False,False,length_below_openberg_minimum
48,2016-02-18,-66.8189,148.231,ASCAT,0.0,0.0,False,False,False,False,length_below_openberg_minimum
49,2016-02-19,-66.8189,148.231,ASCAT,0.0,0.0,False,False,False,False,length_below_openberg_minimum
50,2016-02-20,-66.8189,148.231,ASCAT,0.0,0.0,False,False,False,False,length_below_openberg_minimum
51,2016-02-21,-66.9184,147.9605,ASCAT,0.0,0.0,False,False,False,False,length_below_openberg_minimum
52,2016-02-22,-66.9184,147.9605,ASCAT,0.0,0.0,False,False,False,False,length_below_openberg_minimum
53,2016-02-23,-66.9184,147.9605,ASCAT,0.0,0.0,False,False,False,False,length_below_openberg_minimum
54,2016-02-24,-66.9733,147.9349,ASCAT,0.0,0.0,False,False,False,False,length_below_openberg_minimum
55,2016-02-25,-66.9069,147.9788,ASCAT,0.0,0.0,False,False,False,False,length_below_openberg_minimum
56,2016-02-26,-67.0893,147.8518,ASCAT,0.0,0.0,False,False,False,False,length_below_openberg_minimum
57,2016-02-27,-66.9184,147.9605,ASCAT,0.0,0.0,False,False,False,False,length_below_openberg_minimum
58,2016-02-28,-67.1353,147.5889,ASCAT,0.0,0.0,False,False,False,False,length_below_openberg_minimum
59,2016-02-29,-67.1353,147.5889,ASCAT,0.0,0.0,False,False,False,False,length_below_openberg_minimum
60,2016-03-01,-67.2281,147.1419,ASCAT,0.0,0.0,False,False,False,False,length_below_openberg_minimum
61,2016-03-02,-67.2281,147.1419,ASCAT,0.0,0.0,False,False,False,False,length_below_openberg_minimum
62,2016-03-03,-67.1875,147.0247,ASCAT,0.0,0.0,False,False,False,False,length_below_openberg_minimum
63,2016-03-04,-67.1093,147.0144,ASCAT,14816.0,7408.0,False,False,False,False,length_exceeds_openberg_maximum
64,2016-03-05,-67.1547,146.9731,ASCAT,0.0,0.0,False,False,False,False,length_below_openberg_minimum
65,2016-03-06,-67.1547,146.9731,ASCAT,0.0,0.0,False,False,False,False,length_below_openberg_minimum
66,2016-03-07,-67.1383,146.8808,ASCAT,0.0,0.0,False,False,False,False,length_below_openberg_minimum
67,2016-03-08,-67.1172,146.9396,ASCAT,0.0,0.0,False,False,False,False,length_below_openberg_minimum
68,2016-03-09,-67.0363,146.9014,ASCAT,0.0,0.0,False,False,False,False,length_below_openberg_minimum
69,2016-03-10,-67.0363,146.9014,ASCAT,0.0,0.0,False,False,False,False,length_below_openberg_minimum
70,2016-03-11,-66.9018,146.6549,ASCAT,14816.0,7408.0,False,False,False,False,length_exceeds_openberg_maximum
71,2016-03-12,-66.8574,146.5696,ASCAT,0.0,0.0,False,False,False,False,length_below_openberg_minimum
72,2016-03-13,-66.8574,146.5696,ASCAT,0.0,0.0,False,False,False,False,length_below_openberg_minimum
73,2016-03-14,-66.6901,146.6664,ASCAT,0.0,0.0,False,False,False,False,length_below_openberg_minimum
74,2016-03-15,-66.6901,146.6664,ASCAT,0.0,0.0,False,False,False,False,length_below_openberg_minimum
75,2016-03-16,-66.6901,146.6664,ASCAT,0.0,0.0,False,False,False,False,length_below_openberg_minimum
76,2016-03-17,-66.6901,146.6664,ASCAT,0.0,0.0,False,False,False,False,length_below_openberg_minimum
77,2016-03-18,-66.6901,146.6664,ASCAT,14816.0,7408.0,False,False,False,False,length_exceeds_openberg_maximum
78,2016-03-19,-66.6901,146.6664,ASCAT,0.0,0.0,False,False,False,False,length_below_openberg_minimum
79,2016-03-20,-66.6901,146.6664,ASCAT,0.0,0.0,False,False,False,False,length_below_openberg_minimum
80,2016-03-21,-66.6901,146.6664,ASCAT,0.0,0.0,False,False,False,False,length_below_openberg_minimum
81,2016-03-22,-66.6901,146.6664,ASCAT,0.0,0.0,False,False,False,False,length_below_openberg_minimum
82,2016-03-23,-66.6901,146.6664,ASCAT,0.0,0.0,False,False,False,False,length_below_openberg_minimum
83,2016-03-24,-66.6719,146.492,ASCAT,0.0,0.0,False,False,False,False,length_below_openberg_minimum
84,2016-03-25,-66.7421,146.3921,ASCAT,0.0,0.0,False,False,False,False,length_below_openberg_minimum
85,2016-03-26,-66.7421,146.3921,ASCAT,0.0,0.0,False,False,False,False,length_below_openberg_minimum
86,2016-03-27,-66.7421,146.3921,ASCAT,0.0,0.0,False,False,False,False,length_below_openberg_minimum
87,2016-03-28,-66.7421,146.3921,ASCAT,0.0,0.0,False,False,False,False,length_below_openberg_minimum
88,2016-03-29,-66.7043,146.2553,ASCAT,0.0,0.0,False,False,False,False,length_below_openberg_minimum
89,2016-03-30,-66.6604,146.0899,ASCAT,0.0,0.0,False,False,False,False,length_below_openberg_minimum
90,2016-03-31,-66.6631,145.8738,ASCAT,0.0,0.0,False,False,False,False,length_below_openberg_minimum
91,2016-04-01,-66.6305,145.5797,ASCAT,14816.0,7408.0,False,False,False,False,length_exceeds_openberg_maximum
92,2016-04-02,-66.6305,145.5797,ASCAT,0.0,0.0,False,False,False,False,length_below_openberg_minimum
93,2016-04-03,-66.6576,145.4588,ASCAT,0.0,0.0,False,False,False,False,length_below_openberg_minimum
94,2016-04-04,-66.6576,145.4588,ASCAT,0.0,0.0,False,False,False,False,length_below_openberg_minimum
95,2016-04-05,-66.6576,145.4588,ASCAT,0.0,0.0,False,False,False,False,length_below_openberg_minimum
96,2016-04-06,-66.6576,145.4588,ASCAT,0.0,0.0,False,False,False,False,length_below_openberg_minimum
97,2016-04-07,-66.6576,145.4588,ASCAT,0.0,0.0,False,False,False,False,length_below_openberg_minimum
98,2016-04-08,-66.6576,145.4588,ASCAT,14816.0,7408.0,False,False,False,False,length_exceeds_openberg_maximum
99,2016-04-09,-66.6576,145.4588,ASCAT,0.0,0.0,False,False,False,False,length_below_openberg_minimum
100,2016-04-10,-66.6576,145.4588,ASCAT,0.0,0.0,False,False,False,False,length_below_openberg_minimum
101,2016-04-11,-66.6576,145.4588,ASCAT,0.0,0.0,False,False,False,False,length_below_openberg_minimum
102,2016-04-12,-66.9212,143.4194,ASCAT,0.0,0.0,False,False,False,False,length_below_openberg_minimum
103,2016-04-13,-66.9212,143.4194,ASCAT,0.0,0.0,False,False,False,False,length_below_openberg_minimum
104,2016-04-14,-66.9212,143.4194,ASCAT,0.0,0.0,False,False,False,False,length_below_openberg_minimum
105,2016-04-15,-66.9212,143.4194,ASCAT,14816.0,7408.0,False,False,False,False,length_exceeds_openberg_maximum
106,2016-04-16,-66.9212,143.4194,ASCAT,0.0,0.0,False,False,False,False,length_below_openberg_minimum
107,2016-04-17,-66.9212,143.4194,ASCAT,0.0,0.0,False,False,False,False,length_below_openberg_minimum
108,2016-04-18,-66.9212,143.4194,ASCAT,0.0,0.0,False,False,False,False,length_below_openberg_minimum
109,2016-04-19,-66.9212,143.4194,ASCAT,0.0,0.0,False,False,False,False,length_below_openberg_minimum
110,2016-04-20,-66.9212,143.4194,ASCAT,0.0,0.0,False,False,False,False,length_below_openberg_minimum
111,2016-04-21,-66.9212,143.4194,ASCAT,0.0,0.0,False,False,False,False,length_below_openberg_minimum
112,2016-04-22,-66.9212,143.4194,ASCAT,14816.0,7408.0,False,False,False,False,length_exceeds_openberg_maximum
113,2016-04-23,-66.9212,143.4194,ASCAT,0.0,0.0,False,False,False,False,length_below_openberg_minimum
114,2016-04-24,-66.9212,143.4194,ASCAT,0.0,0.0,False,False,False,False,length_below_openberg_minimum
115,2016-04-25,-65.6164,140.229,NIC,0.0,0.0,False,False,False,False,length_below_openberg_minimum
116,2016-04-26,-66.9148,143.5343,ASCAT,0.0,0.0,False,False,False,False,length_below_openberg_minimum
117,2016-04-27,-66.9148,143.5343,ASCAT,0.0,0.0,False,False,False,False,length_below_openberg_minimum
118,2016-04-28,-66.9148,143.5343,ASCAT,0.0,0.0,False,False,False,False,length_below_openberg_minimum
119,2016-04-29,-66.9148,143.5343,ASCAT,14816.0,7408.0,False,False,False,False,length_exceeds_openberg_maximum
120,2016-04-30,-66.9148,143.5343,ASCAT,0.0,0.0,False,False,False,False,length_below_openberg_minimum
121,2016-05-01,-66.9148,143.5343,ASCAT,0.0,0.0,False,False,False,False,length_below_openberg_minimum
122,2016-05-02,-66.9148,143.5343,ASCAT,0.0,0.0,False,False,False,False,length_below_openberg_minimum
123,2016-05-03,-66.9148,143.5343,ASCAT,0.0,0.0,False,False,False,False,length_below_openberg_minimum
124,2016-05-04,-66.9148,143.5343,ASCAT,0.0,0.0,False,False,False,False,length_below_openberg_minimum
125,2016-05-05,-66.9148,143.5343,ASCAT,0.0,0.0,False,False,False,False,length_below_openberg_minimum
126,2016-05-06,-66.9148,143.5343,ASCAT,14816.0,7408.0,False,False,False,False,length_exceeds_openberg_maximum
127,2016-05-07,-66.9148,143.5343,ASCAT,0.0,0.0,False,False,False,False,length_below_openberg_minimum
128,2016-05-08,-66.9148,143.5343,ASCAT,0.0,0.0,False,False,False,False,length_below_openberg_minimum
129,2016-05-09,-65.181,136.6186,NIC,0.0,0.0,False,False,False,False,length_below_openberg_minimum
130,2016-05-10,-66.9148,143.5343,ASCAT,0.0,0.0,False,False,False,False,length_below_openberg_minimum
131,2016-05-11,-66.9148,143.5343,ASCAT,0.0,0.0,False,False,False,False,length_below_openberg_minimum
132,2016-05-12,-66.9148,143.5343,ASCAT,0.0,0.0,False,False,False,False,length_below_openberg_minimum
133,2016-05-13,-65.0667,136.0833,NIC,0.0,0.0,False,False,False,False,length_below_openberg_minimum
134,2016-05-14,-65.0667,136.0833,NIC,0.0,0.0,False,False,False,False,length_below_openberg_minimum
135,2016-05-15,-65.0667,136.0833,NIC,0.0,0.0,False,False,False,False,length_below_openberg_minimum
136,2016-05-16,-66.9148,143.5343,ASCAT,0.0,0.0,False,False,False,False,length_below_openberg_minimum
137,2016-05-17,-66.9148,143.5343,ASCAT,0.0,0.0,False,False,False,False,length_below_openberg_minimum
138,2016-05-18,-66.9148,143.5343,ASCAT,0.0,0.0,False,False,False,False,length_below_openberg_minimum
139,2016-05-19,-66.9148,143.5343,ASCAT,0.0,0.0,False,False,False,False,length_below_openberg_minimum
140,2016-05-20,-66.9148,143.5343,ASCAT,14816.0,7408.0,False,False,False,False,length_exceeds_openberg_maximum
141,2016-05-21,-66.9148,143.5343,ASCAT,0.0,0.0,False,False,False,False,length_below_openberg_minimum
142,2016-05-22,-66.9148,143.5343,ASCAT,0.0,0.0,False,False,False,False,length_below_openberg_minimum
143,2016-05-23,-65.0798,136.0505,NIC,0.0,0.0,False,False,False,False,length_below_openberg_minimum
144,2016-05-24,-66.9148,143.5343,ASCAT,0.0,0.0,False,False,False,False,length_below_openberg_minimum
145,2016-05-25,-66.9148,143.5343,ASCAT,0.0,0.0,False,False,False,False,length_below_openberg_minimum
146,2016-05-26,-66.9148,143.5343,ASCAT,0.0,0.0,False,False,False,False,length_below_openberg_minimum
147,2016-05-27,-66.9148,143.5343,ASCAT,14816.0,7408.0,False,False,False,False,length_exceeds_openberg_maximum
148,2016-05-28,-66.9148,143.5343,ASCAT,0.0,0.0,False,False,False,False,length_below_openberg_minimum
149,2016-05-29,-66.9148,143.5343,ASCAT,0.0,0.0,False,False,False,False,length_below_openberg_minimum
150,2016-05-30,-66.9148,143.5343,ASCAT,0.0,0.0,False,False,False,False,length_below_openberg_minimum
151,2016-05-31,-66.9148,143.5343,ASCAT,0.0,0.0,False,False,False,False,length_below_openberg_minimum
152,2016-06-01,-66.9148,143.5343,ASCAT,0.0,0.0,False,False,False,False,length_below_openberg_minimum
153,2016-06-02,-66.9148,143.5343,ASCAT,0.0,0.0,False,False,False,False,length_below_openberg_minimum
154,2016-06-03,-65.1,136.0,NIC,14816.0,7408.0,False,False,False,False,length_exceeds_openberg_maximum
155,2016-06-04,-66.9148,143.5343,ASCAT,0.0,0.0,False,False,False,False,length_below_openberg_minimum
156,2016-06-05,-66.9148,143.5343,ASCAT,0.0,0.0,False,False,False,False,length_below_openberg_minimum
157,2016-06-06,-66.9148,143.5343,ASCAT,0.0,0.0,False,False,False,False,length_below_openberg_minimum
158,2016-06-07,-66.9148,143.5343,ASCAT,0.0,0.0,False,False,False,False,length_below_openberg_minimum
159,2016-06-08,-66.9148,143.5343,ASCAT,0.0,0.0,False,False,False,False,length_below_openberg_minimum
160,2016-06-09,-66.9148,143.5343,ASCAT,0.0,0.0,False,False,False,False,length_below_openberg_minimum
161,2016-06-10,-65.1,136.0,NIC,14816.0,7408.0,False,False,False,False,length_exceeds_openberg_maximum
162,2016-06-11,-66.9148,143.5343,ASCAT,0.0,0.0,False,False,False,False,length_below_openberg_minimum
163,2016-06-12,-66.9148,143.5343,ASCAT,0.0,0.0,False,False,False,False,length_below_openberg_minimum
164,2016-06-13,-66.9148,143.5343,ASCAT,0.0,0.0,False,False,False,False,length_below_openberg_minimum
165,2016-06-14,-65.0899,136.1213,NIC,0.0,0.0,False,False,False,False,length_below_openberg_minimum
166,2016-06-15,-65.0866,136.1603,NIC,0.0,0.0,False,False,False,False,length_below_openberg_minimum
167,2016-06-16,-65.0842,136.1889,NIC,0.0,0.0,False,False,False,False,length_below_openberg_minimum
168,2016-06-17,-65.0833,136.2,NIC,14816.0,7408.0,False,False,False,False,length_exceeds_openberg_maximum
169,2016-06-18,-65.0833,136.2,NIC,0.0,0.0,False,False,False,False,length_below_openberg_minimum
170,2016-06-19,-65.0833,136.2,NIC,0.0,0.0,False,False,False,False,length_below_openberg_minimum
171,2016-06-20,-65.0833,136.2,NIC,0.0,0.0,False,False,False,False,length_below_openberg_minimum
172,2016-06-21,-65.0833,136.2,NIC,0.0,0.0,False,False,False,False,length_below_openberg_minimum
173,2016-06-22,-65.0833,136.2,NIC,0.0,0.0,False,False,False,False,length_below_openberg_minimum
174,2016-06-23,-65.0833,136.2,NIC,0.0,0.0,False,False,False,False,length_below_openberg_minimum
175,2016-06-24,-65.0833,136.2,NIC,14816.0,7408.0,False,False,False,False,length_exceeds_openberg_maximum
176,2016-06-25,-65.0833,136.1843,NIC,0.0,0.0,False,False,False,False,length_below_openberg_minimum
177,2016-06-26,-65.0833,136.141,NIC,0.0,0.0,False,False,False,False,length_below_openberg_minimum
178,2016-06-27,-65.0833,136.0754,NIC,0.0,0.0,False,False,False,False,length_below_openberg_minimum
179,2016-06-28,-65.0833,135.993,NIC,0.0,0.0,False,False,False,False,length_below_openberg_minimum
180,2016-06-29,-65.0833,135.8993,NIC,0.0,0.0,False,False,False,False,length_below_openberg_minimum
181,2016-06-30,-66.9148,143.5343,ASCAT,0.0,0.0,False,False,False,False,length_below_openberg_minimum
182,2016-07-01,-66.9148,143.5343,ASCAT,14816.0,7408.0,False,False,False,False,length_exceeds_openberg_maximum
183,2016-07-02,-66.9148,143.5343,ASCAT,0.0,0.0,False,False,False,False,length_below_openberg_minimum
184,2016-07-03,-65.0833,135.3817,NIC,0.0,0.0,False,False,False,False,length_below_openberg_minimum
185,2016-07-04,-66.9148,143.5343,ASCAT,0.0,0.0,False,False,False,False,length_below_openberg_minimum
188,2016-07-07,-66.9148,143.5343,ASCAT,0.0,0.0,False,False,False,False,length_below_openberg_minimum
189,2016-07-08,-66.9148,143.5343,ASCAT,14816.0,7408.0,False,False,False,False,length_exceeds_openberg_maximum
190,2016-07-09,-66.9148,143.5343,ASCAT,0.0,0.0,False,False,False,False,length_below_openberg_minimum
191,2016-07-10,-66.9148,143.5343,ASCAT,0.0,0.0,False,False,False,False,length_below_openberg_minimum
192,2016-07-11,-66.9148,143.5343,ASCAT,0.0,0.0,False,False,False,False,length_below_openberg_minimum
195,2016-07-14,-66.9245,143.5246,ASCAT,0.0,0.0,False,False,False,False,length_below_openberg_minimum
197,2016-07-16,-65.1462,134.6083,ASCAT,0.0,0.0,False,False,False,False,length_below_openberg_minimum
198,2016-07-17,-65.1602,134.5745,ASCAT,0.0,0.0,False,False,False,False,length_below_openberg_minimum
199,2016-07-18,-65.1602,134.5745,ASCAT,0.0,0.0,False,False,False,False,length_below_openberg_minimum
200,2016-07-19,-65.0931,134.451,ASCAT,0.0,0.0,False,False,False,False,length_below_openberg_minimum
201,2016-07-20,-65.124,134.523,ASCAT,0.0,0.0,False,False,False,False,length_below_openberg_minimum
202,2016-07-21,-65.1249,134.5585,ASCAT,0.0,0.0,False,False,False,False,length_below_openberg_minimum
203,2016-07-22,-65.1041,134.7095,ASCAT,0.0,0.0,False,False,False,False,length_below_openberg_minimum
204,2016-07-23,-65.1261,134.6566,ASCAT,0.0,0.0,False,False,False,False,length_below_openberg_minimum
205,2016-07-24,-65.1193,134.6096,ASCAT,0.0,0.0,False,False,False,False,length_below_openberg_minimum
206,2016-07-25,-65.0909,134.7095,ASCAT,0.0,0.0,False,False,False,False,length_below_openberg_minimum
207,2016-07-26,-65.1328,134.6722,ASCAT,0.0,0.0,False,False,False,False,length_below_openberg_minimum
208,2016-07-27,-65.1265,134.6932,ASCAT,0.0,0.0,False,False,False,False,length_below_openberg_minimum
209,2016-07-28,-65.1128,134.6944,ASCAT,0.0,0.0,False,False,False,False,length_below_openberg_minimum
210,2016-07-29,-65.0919,134.6122,ASCAT,14816.0,7408.0,False,False,False,False,length_exceeds_openberg_maximum
211,2016-07-30,-65.064,134.5469,ASCAT,0.0,0.0,False,False,False,False,length_below_openberg_minimum
212,2016-07-31,-65.0767,134.5102,ASCAT,0.0,0.0,False,False,False,False,length_below_openberg_minimum
213,2016-08-01,-65.1518,134.5192,ASCAT,0.0,0.0,False,False,False,False,length_below_openberg_minimum
214,2016-08-02,-65.1476,134.4143,ASCAT,0.0,0.0,False,False,False,False,length_below_openberg_minimum
215,2016-08-03,-65.1679,134.2953,ASCAT,0.0,0.0,False,False,False,False,length_below_openberg_minimum
216,2016-08-04,-65.1358,134.5578,ASCAT,0.0,0.0,False,False,False,False,length_below_openberg_minimum
217,2016-08-05,-65.1188,134.6108,ASCAT,14816.0,7408.0,False,False,False,False,length_exceeds_openberg_maximum
218,2016-08-06,-65.1069,134.481,ASCAT,0.0,0.0,False,False,False,False,length_below_openberg_minimum
219,2016-08-07,-65.1064,134.3493,ASCAT,0.0,0.0,False,False,False,False,length_below_openberg_minimum
220,2016-08-08,-65.0961,134.392,ASCAT,0.0,0.0,False,False,False,False,length_below_openberg_minimum
221,2016-08-09,-65.0761,134.4801,ASCAT,0.0,0.0,False,False,False,False,length_below_openberg_minimum
222,2016-08-10,-65.0479,134.6112,ASCAT,0.0,0.0,False,False,False,False,length_below_openberg_minimum
223,2016-08-11,-65.1045,134.6392,ASCAT,0.0,0.0,False,False,False,False,length_below_openberg_minimum
224,2016-08-12,-65.0858,135.5363,ASCAT,14816.0,7408.0,False,False,False,False,length_exceeds_openberg_maximum
225,2016-08-13,-65.064,135.467,ASCAT,0.0,0.0,False,False,False,False,length_below_openberg_minimum
226,2016-08-14,-65.0364,135.4009,ASCAT,0.0,0.0,False,False,False,False,length_below_openberg_minimum
227,2016-08-15,-65.0512,135.4365,ASCAT,0.0,0.0,False,False,False,False,length_below_openberg_minimum
228,2016-08-16,-65.068,135.4769,ASCAT,0.0,0.0,False,False,False,False,length_below_openberg_minimum
229,2016-08-17,-65.0705,135.4829,ASCAT,0.0,0.0,False,False,False,False,length_below_openberg_minimum
230,2016-08-18,-65.0818,135.4742,ASCAT,0.0,0.0,False,False,False,False,length_below_openberg_minimum
231,2016-08-19,-65.0913,135.4655,ASCAT,14816.0,7408.0,False,False,False,False,length_exceeds_openberg_maximum
232,2016-08-20,-65.0913,135.4655,ASCAT,0.0,0.0,False,False,False,False,length_below_openberg_minimum
233,2016-08-21,-65.07,135.5153,ASCAT,0.0,0.0,False,False,False,False,length_below_openberg_minimum
234,2016-08-22,-65.0733,135.5269,ASCAT,0.0,0.0,False,False,False,False,length_below_openberg_minimum
235,2016-08-23,-65.0765,135.5311,ASCAT,0.0,0.0,False,False,False,False,length_below_openberg_minimum
236,2016-08-24,-65.0765,135.5311,ASCAT,0.0,0.0,False,False,False,False,length_below_openberg_minimum
237,2016-08-25,-65.0869,135.5225,ASCAT,0.0,0.0,False,False,False,False,length_below_openberg_minimum
238,2016-08-26,-65.0973,135.5138,ASCAT,0.0,0.0,False,False,False,False,length_below_openberg_minimum
239,2016-08-27,-65.0973,135.5138,ASCAT,0.0,0.0,False,False,False,False,length_below_openberg_minimum
240,2016-08-28,-65.0973,135.5138,ASCAT,0.0,0.0,False,False,False,False,length_below_openberg_minimum
241,2016-08-29,-65.0973,135.5138,ASCAT,0.0,0.0,False,False,False,False,length_below_openberg_minimum
242,2016-08-30,-65.0938,135.5221,ASCAT,0.0,0.0,False,False,False,False,length_below_openberg_minimum
243,2016-08-31,-65.0902,135.5304,ASCAT,0.0,0.0,False,False,False,False,length_below_openberg_minimum
244,2016-09-01,-65.0902,135.5304,ASCAT,0.0,0.0,False,False,False,False,length_below_openberg_minimum
245,2016-09-02,-65.0935,135.5352,ASCAT,14816.0,7408.0,False,False,False,False,length_exceeds_openberg_maximum
246,2016-09-03,-65.0968,135.5462,ASCAT,0.0,0.0,False,False,False,False,length_below_openberg_minimum
247,2016-09-04,-65.0498,135.568,ASCAT,0.0,0.0,False,False,False,False,length_below_openberg_minimum
248,2016-09-05,-65.0502,135.499,ASCAT,0.0,0.0,False,False,False,False,length_below_openberg_minimum
249,2016-09-06,-65.0885,135.6252,ASCAT,0.0,0.0,False,False,False,False,length_below_openberg_minimum
250,2016-09-07,-65.1264,135.7514,ASCAT,0.0,0.0,False,False,False,False,length_below_openberg_minimum
251,2016-09-08,-65.085,135.6845,ASCAT,0.0,0.0,False,False,False,False,length_below_openberg_minimum
252,2016-09-09,-65.1087,135.7421,ASCAT,14816.0,7408.0,False,False,False,False,length_exceeds_openberg_maximum
253,2016-09-10,-65.1341,135.9063,ASCAT,0.0,0.0,False,False,False,False,length_below_openberg_minimum
254,2016-09-11,-65.1245,135.9568,ASCAT,0.0,0.0,False,False,False,False,length_below_openberg_minimum
255,2016-09-12,-65.1149,135.9932,ASCAT,0.0,0.0,False,False,False,False,length_below_openberg_minimum
256,2016-09-13,-65.1349,136.04,ASCAT,0.0,0.0,False,False,False,False,length_below_openberg_minimum
257,2016-09-14,-65.149,135.9461,ASCAT,0.0,0.0,False,False,False,False,length_below_openberg_minimum
258,2016-09-15,-65.1616,135.7985,ASCAT,0.0,0.0,False,False,False,False,length_below_openberg_minimum
259,2016-09-16,-65.1749,135.6996,ASCAT,14816.0,7408.0,False,False,False,False,length_exceeds_openberg_maximum
260,2016-09-17,-65.1464,135.6665,ASCAT,0.0,0.0,False,False,False,False,length_below_openberg_minimum
261,2016-09-18,-65.1445,135.696,ASCAT,0.0,0.0,False,False,False,False,length_below_openberg_minimum
262,2016-09-19,-65.1467,135.6925,ASCAT,0.0,0.0,False,False,False,False,length_below_openberg_minimum
263,2016-09-20,-65.1507,135.6859,ASCAT,0.0,0.0,False,False,False,False,length_below_openberg_minimum
264,2016-09-21,-65.1529,135.6824,ASCAT,0.0,0.0,False,False,False,False,length_below_openberg_minimum
265,2016-09-22,-65.1022,135.8307,ASCAT,0.0,0.0,False,False,False,False,length_below_openberg_minimum
266,2016-09-23,-65.1293,135.8922,ASCAT,14816.0,7408.0,False,False,False,False,length_exceeds_openberg_maximum
267,2016-09-24,-65.1566,135.9592,ASCAT,0.0,0.0,False,False,False,False,length_below_openberg_minimum
268,2016-09-25,-65.12,135.8014,ASCAT,0.0,0.0,False,False,False,False,length_below_openberg_minimum
269,2016-09-26,-65.1259,135.7139,ASCAT,0.0,0.0,False,False,False,False,length_below_openberg_minimum
270,2016-09-27,-65.1653,135.7101,ASCAT,0.0,0.0,False,False,False,False,length_below_openberg_minimum
271,2016-09-28,-65.1725,135.7303,ASCAT,0.0,0.0,False,False,False,False,length_below_openberg_minimum
272,2016-09-29,-65.1458,135.699,ASCAT,0.0,0.0,False,False,False,False,length_below_openberg_minimum
273,2016-09-30,-65.1458,135.699,ASCAT,14816.0,7408.0,False,False,False,False,length_exceeds_openberg_maximum
274,2016-10-01,-65.1458,135.699,ASCAT,0.0,0.0,False,False,False,False,length_below_openberg_minimum
275,2016-10-02,-65.1437,135.7073,ASCAT,0.0,0.0,False,False,False,False,length_below_openberg_minimum
276,2016-10-03,-65.1386,135.7156,ASCAT,0.0,0.0,False,False,False,False,length_below_openberg_minimum
277,2016-10-04,-65.126,135.6826,ASCAT,0.0,0.0,False,False,False,False,length_below_openberg_minimum
278,2016-10-05,-65.1284,135.7053,ASCAT,0.0,0.0,False,False,False,False,length_below_openberg_minimum
279,2016-10-06,-65.1307,135.728,ASCAT,0.0,0.0,False,False,False,False,length_below_openberg_minimum
280,2016-10-07,-65.1123,135.6832,ASCAT,14816.0,7408.0,False,False,False,False,length_exceeds_openberg_maximum
281,2016-10-08,-65.1313,135.6955,ASCAT,0.0,0.0,False,False,False,False,length_below_openberg_minimum
282,2016-10-09,-65.1099,135.7497,ASCAT,0.0,0.0,False,False,False,False,length_below_openberg_minimum
283,2016-10-10,-65.0884,135.7947,ASCAT,0.0,0.0,False,False,False,False,length_below_openberg_minimum
284,2016-10-11,-65.0889,135.7935,ASCAT,0.0,0.0,False,False,False,False,length_below_openberg_minimum
285,2016-10-12,-65.1041,135.7583,ASCAT,0.0,0.0,False,False,False,False,length_below_openberg_minimum
286,2016-10-13,-65.1315,135.6951,ASCAT,0.0,0.0,False,False,False,False,length_below_openberg_minimum
287,2016-10-14,-65.1461,135.6612,ASCAT,14816.0,7408.0,False,False,False,False,length_exceeds_openberg_maximum
288,2016-10-15,-65.0951,135.7793,ASCAT,0.0,0.0,False,False,False,False,length_below_openberg_minimum
289,2016-10-16,-65.1104,135.744,ASCAT,0.0,0.0,False,False,False,False,length_below_openberg_minimum
290,2016-10-17,-65.1321,135.6938,ASCAT,0.0,0.0,False,False,False,False,length_below_openberg_minimum
291,2016-10-18,-65.1456,135.6623,ASCAT,0.0,0.0,False,False,False,False,length_below_openberg_minimum
292,2016-10-19,-65.1231,135.7457,ASCAT,0.0,0.0,False,False,False,False,length_below_openberg_minimum
293,2016-10-20,-65.1374,135.7697,ASCAT,0.0,0.0,False,False,False,False,length_below_openberg_minimum
294,2016-10-21,-65.1516,135.7788,ASCAT,14816.0,7408.0,False,False,False,False,length_exceeds_openberg_maximum
295,2016-10-22,-65.1516,135.7788,ASCAT,0.0,0.0,False,False,False,False,length_below_openberg_minimum
296,2016-10-23,-65.1236,135.8125,ASCAT,0.0,0.0,False,False,False,False,length_below_openberg_minimum
297,2016-10-24,-65.1188,135.7304,ASCAT,0.0,0.0,False,False,False,False,length_below_openberg_minimum
298,2016-10-25,-65.0897,135.7298,ASCAT,0.0,0.0,False,False,False,False,length_below_openberg_minimum
299,2016-10-26,-65.1096,135.6793,ASCAT,0.0,0.0,False,False,False,False,length_below_openberg_minimum
300,2016-10-27,-65.133,135.6293,ASCAT,0.0,0.0,False,False,False,False,length_below_openberg_minimum
301,2016-10-28,-65.1374,135.7126,ASCAT,14816.0,7408.0,False,False,False,False,length_exceeds_openberg_maximum
302,2016-10-29,-65.1475,135.6328,ASCAT,0.0,0.0,False,False,False,False,length_below_openberg_minimum
303,2016-10-30,-65.1386,135.6476,ASCAT,0.0,0.0,False,False,False,False,length_below_openberg_minimum
304,2016-10-31,-65.1301,135.6317,ASCAT,0.0,0.0,False,False,False,False,length_below_openberg_minimum
305,2016-11-01,-65.1255,135.6158,ASCAT,0.0,0.0,False,False,False,False,length_below_openberg_minimum
306,2016-11-02,-65.1368,135.7451,ASCAT,0.0,0.0,False,False,False,False,length_below_openberg_minimum
307,2016-11-03,-65.1123,135.6832,ASCAT,0.0,0.0,False,False,False,False,length_below_openberg_minimum
308,2016-11-04,-65.1373,135.7439,ASCAT,14816.0,7408.0,False,False,False,False,length_exceeds_openberg_maximum
309,2016-11-05,-65.1463,135.6978,ASCAT,0.0,0.0,False,False,False,False,length_below_openberg_minimum
310,2016-11-06,-65.1445,135.764,ASCAT,0.0,0.0,False,False,False,False,length_below_openberg_minimum
311,2016-11-07,-65.1447,135.7635,ASCAT,0.0,0.0,False,False,False,False,length_below_openberg_minimum
312,2016-11-08,-65.145,135.7629,ASCAT,0.0,0.0,False,False,False,False,length_below_openberg_minimum
313,2016-11-09,-65.145,135.7629,ASCAT,0.0,0.0,False,False,False,False,length_below_openberg_minimum
314,2016-11-10,-65.145,135.7629,ASCAT,0.0,0.0,False,False,False,False,length_below_openberg_minimum
315,2016-11-11,-65.1385,135.747,ASCAT,14816.0,7408.0,False,False,False,False,length_exceeds_openberg_maximum
316,2016-11-12,-65.132,135.731,ASCAT,0.0,0.0,False,False,False,False,length_below_openberg_minimum
317,2016-11-13,-65.132,135.731,ASCAT,0.0,0.0,False,False,False,False,length_below_openberg_minimum
318,2016-11-14,-65.1356,135.7227,ASCAT,0.0,0.0,False,False,False,False,length_below_openberg_minimum
319,2016-11-15,-65.1391,135.7144,ASCAT,0.0,0.0,False,False,False,False,length_below_openberg_minimum
320,2016-11-16,-65.1391,135.7144,ASCAT,0.0,0.0,False,False,False,False,length_below_openberg_minimum
321,2016-11-17,-65.1424,135.7224,ASCAT,0.0,0.0,False,False,False,False,length_below_openberg_minimum
322,2016-11-18,-65.1457,135.7304,ASCAT,14816.0,7408.0,False,False,False,False,length_exceeds_openberg_maximum
323,2016-11-19,-65.1457,135.7304,ASCAT,0.0,0.0,False,False,False,False,length_below_openberg_minimum
324,2016-11-20,-65.1457,135.7304,ASCAT,0.0,0.0,False,False,False,False,length_below_openberg_minimum
325,2016-11-21,-65.1451,135.7629,ASCAT,0.0,0.0,False,False,False,False,length_below_openberg_minimum
326,2016-11-22,-65.1444,135.7954,ASCAT,0.0,0.0,False,False,False,False,length_below_openberg_minimum
327,2016-11-23,-65.1444,135.7954,ASCAT,0.0,0.0,False,False,False,False,length_below_openberg_minimum
328,2016-11-24,-65.1444,135.7954,ASCAT,0.0,0.0,False,False,False,False,length_below_openberg_minimum
329,2016-11-25,-65.1444,135.7954,ASCAT,14816.0,7408.0,False,False,False,False,length_exceeds_openberg_maximum
330,2016-11-26,-65.1444,135.7954,ASCAT,0.0,0.0,False,False,False,False,length_below_openberg_minimum
331,2016-11-27,-65.1444,135.7954,ASCAT,0.0,0.0,False,False,False,False,length_below_openberg_minimum
332,2016-11-28,-65.1444,135.7954,ASCAT,0.0,0.0,False,False,False,False,length_below_openberg_minimum
333,2016-11-29,-65.1444,135.7954,ASCAT,0.0,0.0,False,False,False,False,length_below_openberg_minimum
334,2016-11-30,-65.1272,135.8043,ASCAT,0.0,0.0,False,False,False,False,length_below_openberg_minimum
335,2016-12-01,-65.1099,135.8131,ASCAT,0.0,0.0,False,False,False,False,length_below_openberg_minimum
336,2016-12-02,-65.1188,135.7304,ASCAT,14816.0,7408.0,False,False,False,False,length_exceeds_openberg_maximum
337,2016-12-03,-65.1385,135.6789,ASCAT,0.0,0.0,False,False,False,False,length_below_openberg_minimum
338,2016-12-04,-65.1308,135.6966,ASCAT,0.0,0.0,False,False,False,False,length_below_openberg_minimum
339,2016-12-05,-65.1185,135.7075,ASCAT,0.0,0.0,False,False,False,False,length_below_openberg_minimum
340,2016-12-06,-65.1105,135.7127,ASCAT,0.0,0.0,False,False,False,False,length_below_openberg_minimum
341,2016-12-07,-65.1105,135.7127,ASCAT,0.0,0.0,False,False,False,False,length_below_openberg_minimum
342,2016-12-08,-65.1105,135.7127,ASCAT,0.0,0.0,False,False,False,False,length_below_openberg_minimum
343,2016-12-09,-65.1765,134.6682,ASCAT,14816.0,7408.0,False,False,False,False,length_exceeds_openberg_maximum
344,2016-12-10,-65.1765,134.6682,ASCAT,0.0,0.0,False,False,False,False,length_below_openberg_minimum
345,2016-12-11,-65.1765,134.6682,ASCAT,0.0,0.0,False,False,False,False,length_below_openberg_minimum
346,2016-12-12,-65.1741,134.7094,ASCAT,0.0,0.0,False,False,False,False,length_below_openberg_minimum
347,2016-12-13,-65.1741,134.7094,ASCAT,0.0,0.0,False,False,False,False,length_below_openberg_minimum
348,2016-12-14,-65.1741,134.7094,ASCAT,0.0,0.0,False,False,False,False,length_below_openberg_minimum
349,2016-12-15,-65.1741,134.7094,ASCAT,0.0,0.0,False,False,False,False,length_below_openberg_minimum
350,2016-12-16,-65.1741,134.7094,ASCAT,14816.0,7408.0,False,False,False,False,length_exceeds_openberg_maximum
351,2016-12-17,-65.1741,134.7094,ASCAT,0.0,0.0,False,False,False,False,length_below_openberg_minimum
352,2016-12-18,-65.1741,134.7094,ASCAT,0.0,0.0,False,False,False,False,length_below_openberg_minimum
353,2016-12-19,-65.1741,134.7094,ASCAT,0.0,0.0,False,False,False,False,length_below_openberg_minimum
354,2016-12-20,-65.1741,134.7094,ASCAT,0.0,0.0,False,False,False,False,length_below_openberg_minimum
355,2016-12-21,-65.1741,134.7094,ASCAT,0.0,0.0,False,False,False,False,length_below_openberg_minimum
356,2016-12-22,-65.1741,134.7094,ASCAT,0.0,0.0,False,False,False,False,length_below_openberg_minimum
357,2016-12-23,-65.1777,134.6007,ASCAT,14816.0,7408.0,False,False,False,False,length_exceeds_openberg_maximum
358,2016-12-24,-65.1777,134.6007,ASCAT,0.0,0.0,False,False,False,False,length_below_openberg_minimum
359,2016-12-25,-65.1777,134.6007,ASCAT,0.0,0.0,False,False,False,False,length_below_openberg_minimum
360,2016-12-26,-65.1439,134.6824,ASCAT,0.0,0.0,False,False,False,False,length_below_openberg_minimum
361,2016-12-27,-65.1439,134.6824,ASCAT,0.0,0.0,False,False,False,False,length_below_openberg_minimum
362,2016-12-28,-65.1439,134.6824,ASCAT,0.0,0.0,False,False,False,False,length_below_openberg_minimum
363,2016-12-29,-65.1283,134.5869,ASCAT,0.0,0.0,False,False,False,False,length_below_openberg_minimum
364,2016-12-30,-65.1283,134.5869,ASCAT,14816.0,7408.0,False,False,False,False,length_exceeds_openberg_maximum
365,2016-12-31,-65.1283,134.5869,ASCAT,0.0,0.0,False,False,False,False,length_below_openberg_minimum
366,2017-01-01,-65.1283,134.5869,ASCAT,0.0,0.0,False,False,False,False,length_below_openberg_minimum
367,2017-01-02,-65.1283,134.5869,ASCAT,0.0,0.0,False,False,False,False,length_below_openberg_minimum
368,2017-01-03,-65.1283,134.5869,ASCAT,0.0,0.0,False,False,False,False,length_below_openberg_minimum
369,2017-01-04,-65.1283,134.5869,ASCAT,0.0,0.0,False,False,False,False,length_below_openberg_minimum
370,2017-01-05,-65.1283,134.5869,ASCAT,0.0,0.0,False,False,False,False,length_below_openberg_minimum
371,2017-01-06,-65.1283,134.5869,ASCAT,14816.0,7408.0,False,False,False,False,length_exceeds_openberg_maximum
372,2017-01-07,-65.1283,134.5869,ASCAT,0.0,0.0,False,False,False,False,length_below_openberg_minimum
373,2017-01-08,-65.1283,134.5869,ASCAT,0.0,0.0,False,False,False,False,length_below_openberg_minimum
374,2017-01-09,-65.1283,134.5869,ASCAT,0.0,0.0,False,False,False,False,length_below_openberg_minimum
375,2017-01-10,-65.1283,134.5869,ASCAT,0.0,0.0,False,False,False,False,length_below_openberg_minimum
376,2017-01-11,-65.1283,134.5869,ASCAT,0.0,0.0,False,False,False,False,length_below_openberg_minimum
377,2017-01-12,-65.1283,134.5869,ASCAT,0.0,0.0,False,False,False,False,length_below_openberg_minimum
378,2017-01-13,-65.1283,134.5869,ASCAT,14816.0,7408.0,False,False,False,False,length_exceeds_openberg_maximum
379,2017-01-14,-65.1283,134.5869,ASCAT,0.0,0.0,False,False,False,False,length_below_openberg_minimum
380,2017-01-15,-65.1283,134.5869,ASCAT,0.0,0.0,False,False,False,False,length_below_openberg_minimum
381,2017-01-16,-65.1283,134.5869,ASCAT,0.0,0.0,False,False,False,False,length_below_openberg_minimum
382,2017-01-17,-65.1283,134.5869,ASCAT,0.0,0.0,False,False,False,False,length_below_openberg_minimum
383,2017-01-18,-65.1283,134.5869,ASCAT,0.0,0.0,False,False,False,False,length_below_openberg_minimum
384,2017-01-19,-65.1283,134.5869,ASCAT,0.0,0.0,False,False,False,False,length_below_openberg_minimum
385,2017-01-20,-65.1283,134.5869,ASCAT,14816.0,7408.0,False,False,False,False,length_exceeds_openberg_maximum
386,2017-01-21,-65.1283,134.5869,ASCAT,0.0,0.0,False,False,False,False,length_below_openberg_minimum
387,2017-01-22,-65.1283,134.5869,ASCAT,0.0,0.0,False,False,False,False,length_below_openberg_minimum
388,2017-01-23,-65.1283,134.5869,ASCAT,0.0,0.0,False,False,False,False,length_below_openberg_minimum
389,2017-01-24,-65.1283,134.5869,ASCAT,0.0,0.0,False,False,False,False,length_below_openberg_minimum
390,2017-01-25,-65.0753,134.4489,ASCAT,0.0,0.0,False,False,False,False,length_below_openberg_minimum
391,2017-01-26,-65.0753,134.4489,ASCAT,0.0,0.0,False,False,False,False,length_below_openberg_minimum
392,2017-01-27,-65.0753,134.4489,ASCAT,14816.0,7408.0,False,False,False,False,length_exceeds_openberg_maximum
393,2017-01-28,-65.0753,134.4489,ASCAT,0.0,0.0,False,False,False,False,length_below_openberg_minimum
394,2017-01-29,-65.0753,134.4489,ASCAT,0.0,0.0,False,False,False,False,length_below_openberg_minimum
395,2017-01-30,-65.0753,134.4489,ASCAT,0.0,0.0,False,False,False,False,length_below_openberg_minimum
396,2017-01-31,-65.0753,134.4489,ASCAT,0.0,0.0,False,False,False,False,length_below_openberg_minimum
397,2017-02-01,-65.0753,134.4489,ASCAT,0.0,0.0,False,False,False,False,length_below_openberg_minimum
398,2017-02-02,-65.0753,134.4489,ASCAT,0.0,0.0,False,False,False,False,length_below_openberg_minimum
399,2017-02-03,-65.0753,134.4489,ASCAT,14816.0,7408.0,False,False,False,False,length_exceeds_openberg_maximum
400,2017-02-04,-65.0753,134.4489,ASCAT,0.0,0.0,False,False,False,False,length_below_openberg_minimum
401,2017-02-05,-65.0753,134.4489,ASCAT,0.0,0.0,False,False,False,False,length_below_openberg_minimum
402,2017-02-06,-65.0753,134.4489,ASCAT,0.0,0.0,False,False,False,False,length_below_openberg_minimum
403,2017-02-07,-65.0753,134.4489,ASCAT,0.0,0.0,False,False,False,False,length_below_openberg_minimum
404,2017-02-08,-65.0753,134.4489,ASCAT,0.0,0.0,False,False,False,False,length_below_openberg_minimum
405,2017-02-09,-65.0753,134.4489,ASCAT,0.0,0.0,False,False,False,False,length_below_openberg_minimum
406,2017-02-10,-65.0869,134.4987,ASCAT,14816.0,7408.0,False,False,False,False,length_exceeds_openberg_maximum
407,2017-02-11,-65.1085,134.5911,ASCAT,0.0,0.0,False,False,False,False,length_below_openberg_minimum
408,2017-02-12,-65.1201,134.6409,ASCAT,0.0,0.0,False,False,False,False,length_below_openberg_minimum
409,2017-02-13,-65.1201,134.6409,ASCAT,0.0,0.0,False,False,False,False,length_below_openberg_minimum
410,2017-02-14,-65.1201,134.6409,ASCAT,0.0,0.0,False,False,False,False,length_below_openberg_minimum
411,2017-02-15,-65.1201,134.6409,ASCAT,0.0,0.0,False,False,False,False,length_below_openberg_minimum
412,2017-02-16,-65.1201,134.6409,ASCAT,0.0,0.0,False,False,False,False,length_below_openberg_minimum
413,2017-02-17,-65.1201,134.6409,ASCAT,14816.0,7408.0,False,False,False,False,length_exceeds_openberg_maximum
414,2017-02-18,-65.1201,134.6409,ASCAT,0.0,0.0,False,False,False,False,length_below_openberg_minimum
415,2017-02-19,-65.1201,134.6409,ASCAT,0.0,0.0,False,False,False,False,length_below_openberg_minimum
416,2017-02-20,-65.1201,134.6409,ASCAT,0.0,0.0,False,False,False,False,length_below_openberg_minimum
417,2017-02-21,-65.1201,134.6409,ASCAT,0.0,0.0,False,False,False,False,length_below_openberg_minimum
418,2017-02-22,-65.1201,134.6409,ASCAT,0.0,0.0,False,False,False,False,length_below_openberg_minimum
419,2017-02-23,-65.1201,134.6409,ASCAT,0.0,0.0,False,False,False,False,length_below_openberg_minimum
420,2017-02-24,-65.1201,134.6409,ASCAT,0.0,0.0,False,False,False,False,length_below_openberg_minimum
421,2017-02-25,-65.1201,134.6409,ASCAT,0.0,0.0,False,False,False,False,length_below_openberg_minimum
422,2017-02-26,-65.1201,134.6409,ASCAT,0.0,0.0,False,False,False,False,length_below_openberg_minimum
423,2017-02-27,-65.1201,134.6409,ASCAT,0.0,0.0,False,False,False,False,length_below_openberg_minimum
424,2017-02-28,-65.1201,134.6409,ASCAT,0.0,0.0,False,False,False,False,length_below_openberg_minimum
425,2017-03-01,-65.1201,134.6409,ASCAT,0.0,0.0,False,False,False,False,length_below_openberg_minimum
426,2017-03-02,-65.1201,134.6409,ASCAT,0.0,0.0,False,False,False,False,length_below_openberg_minimum
427,2017-03-03,-65.1201,134.6409,ASCAT,0.0,0.0,False,False,False,False,length_below_openberg_minimum
428,2017-03-04,-65.1201,134.6409,ASCAT,0.0,0.0,False,False,False,False,length_below_openberg_minimum
429,2017-03-05,-65.1201,134.6409,ASCAT,0.0,0.0,False,False,False,False,length_below_openberg_minimum
430,2017-03-06,-65.1201,134.6409,ASCAT,0.0,0.0,False,False,False,False,length_below_openberg_minimum
431,2017-03-07,-65.1201,134.6409,ASCAT,0.0,0.0,False,False,False,False,length_below_openberg_minimum
432,2017-03-08,-65.1201,134.6409,ASCAT,0.0,0.0,False,False,False,False,length_below_openberg_minimum
433,2017-03-09,-65.1201,134.6409,ASCAT,0.0,0.0,False,False,False,False,length_below_openberg_minimum
434,2017-03-10,-65.1201,134.6409,ASCAT,0.0,0.0,False,False,False,False,length_below_openberg_minimum
435,2017-03-11,-65.1201,134.6409,ASCAT,0.0,0.0,False,False,False,False,length_below_openberg_minimum
436,2017-03-12,-65.1201,134.6409,ASCAT,0.0,0.0,False,False,False,False,length_below_openberg_minimum
437,2017-03-13,-65.1201,134.6409,ASCAT,0.0,0.0,False,False,False,False,length_below_openberg_minimum
438,2017-03-14,-65.1029,134.615,ASCAT,0.0,0.0,False,False,False,False,length_below_openberg_minimum
439,2017-03-15,-65.1029,134.615,ASCAT,0.0,0.0,False,False,False,False,length_below_openberg_minimum
440,2017-03-16,-65.1029,134.615,ASCAT,0.0,0.0,False,False,False,False,length_below_openberg_minimum
441,2017-03-17,-65.1029,134.615,ASCAT,0.0,0.0,False,False,False,False,length_below_openberg_minimum
442,2017-03-18,-65.1029,134.615,ASCAT,0.0,0.0,False,False,False,False,length_below_openberg_minimum
443,2017-03-19,-65.1091,134.6002,ASCAT,0.0,0.0,False,False,False,False,length_below_openberg_minimum
444,2017-03-20,-65.1091,134.6002,ASCAT,0.0,0.0,False,False,False,False,length_below_openberg_minimum
445,2017-03-21,-65.1091,134.6002,ASCAT,0.0,0.0,False,False,False,False,length_below_openberg_minimum
446,2017-03-22,-65.1091,134.6002,ASCAT,0.0,0.0,False,False,False,False,length_below_openberg_minimum
447,2017-03-23,-65.1091,134.6002,ASCAT,0.0,0.0,False,False,False,False,length_below_openberg_minimum
448,2017-03-24,-65.1091,134.6002,ASCAT,0.0,0.0,False,False,False,False,length_below_openberg_minimum
449,2017-03-25,-65.1091,134.6002,ASCAT,0.0,0.0,False,False,False,False,length_below_openberg_minimum
450,2017-03-26,-65.1091,134.6002,ASCAT,0.0,0.0,False,False,False,False,length_below_openberg_minimum
451,2017-03-27,-65.0136,134.8274,ASCAT,0.0,0.0,False,False,False,False,length_below_openberg_minimum
452,2017-03-28,-64.9181,135.0545,ASCAT,0.0,0.0,False,False,False,False,length_below_openberg_minimum
453,2017-03-29,-64.9181,135.0545,ASCAT,0.0,0.0,False,False,False,False,length_below_openberg_minimum
454,2017-03-30,-64.9181,135.0545,ASCAT,0.0,0.0,False,False,False,False,length_below_openberg_minimum
455,2017-03-31,-64.9181,135.0545,ASCAT,0.0,0.0,False,False,False,False,length_below_openberg_minimum
456,2017-04-01,-65.0054,135.5685,ASCAT,0.0,0.0,False,False,False,False,length_below_openberg_minimum
457,2017-04-02,-65.0054,135.5685,ASCAT,0.0,0.0,False,False,False,False,length_below_openberg_minimum
458,2017-04-03,-65.0054,135.5685,ASCAT,0.0,0.0,False,False,False,False,length_below_openberg_minimum
459,2017-04-04,-65.0054,135.5685,ASCAT,0.0,0.0,False,False,False,False,length_below_openberg_minimum
460,2017-04-05,-65.0571,134.7232,ASCAT,0.0,0.0,False,False,False,False,length_below_openberg_minimum
461,2017-04-06,-65.0571,134.7232,ASCAT,0.0,0.0,False,False,False,False,length_below_openberg_minimum
462,2017-04-07,-65.0571,134.7232,ASCAT,0.0,0.0,False,False,False,False,length_below_openberg_minimum
463,2017-04-08,-65.0571,134.7232,ASCAT,0.0,0.0,False,False,False,False,length_below_openberg_minimum
464,2017-04-09,-65.0571,134.7232,ASCAT,0.0,0.0,False,False,False,False,length_below_openberg_minimum
465,2017-04-10,-65.0571,134.7232,ASCAT,0.0,0.0,False,False,False,False,length_below_openberg_minimum
466,2017-04-11,-65.0571,134.7232,ASCAT,0.0,0.0,False,False,False,False,length_below_openberg_minimum
467,2017-04-12,-65.0571,134.7232,ASCAT,0.0,0.0,False,False,False,False,length_below_openberg_minimum
468,2017-04-13,-65.0571,134.7232,ASCAT,0.0,0.0,False,False,False,False,length_below_openberg_minimum
469,2017-04-14,-65.0571,134.7232,ASCAT,0.0,0.0,False,False,False,False,length_below_openberg_minimum
470,2017-04-15,-65.0571,134.7232,ASCAT,0.0,0.0,False,False,False,False,length_below_openberg_minimum
471,2017-04-16,-65.0571,134.7232,ASCAT,0.0,0.0,False,False,False,False,length_below_openberg_minimum
472,2017-04-17,-65.0928,134.6549,ASCAT,0.0,0.0,False,False,False,False,length_below_openberg_minimum
473,2017-04-18,-65.1285,134.5867,ASCAT,0.0,0.0,False,False,False,False,length_below_openberg_minimum
474,2017-04-19,-65.1285,134.5867,ASCAT,0.0,0.0,False,False,False,False,length_below_openberg_minimum
475,2017-04-20,-65.1285,134.5867,ASCAT,0.0,0.0,False,False,False,False,length_below_openberg_minimum
476,2017-04-21,-65.1285,134.5867,ASCAT,0.0,0.0,False,False,False,False,length_below_openberg_minimum
477,2017-04-22,-65.1285,134.5867,ASCAT,0.0,0.0,False,False,False,False,length_below_openberg_minimum
478,2017-04-23,-65.1285,134.5867,ASCAT,0.0,0.0,False,False,False,False,length_below_openberg_minimum
479,2017-04-24,-65.1285,134.5867,ASCAT,0.0,0.0,False,False,False,False,length_below_openberg_minimum
480,2017-04-25,-65.1285,134.5867,ASCAT,0.0,0.0,False,False,False,False,length_below_openberg_minimum
481,2017-04-26,-65.1285,134.5867,ASCAT,0.0,0.0,False,False,False,False,length_below_openberg_minimum
482,2017-04-27,-65.1285,134.5867,ASCAT,0.0,0.0,False,False,False,False,length_below_openberg_minimum
483,2017-04-28,-65.1285,134.5867,ASCAT,0.0,0.0,False,False,False,False,length_below_openberg_minimum
484,2017-04-29,-65.1285,134.5867,ASCAT,0.0,0.0,False,False,False,False,length_below_openberg_minimum
485,2017-04-30,-65.1285,134.5867,ASCAT,0.0,0.0,False,False,False,False,length_below_openberg_minimum
486,2017-05-01,-65.1285,134.5867,ASCAT,0.0,0.0,False,False,False,False,length_below_openberg_minimum
487,2017-05-02,-65.1285,134.5867,ASCAT,0.0,0.0,False,False,False,False,length_below_openberg_minimum
488,2017-05-03,-65.1285,134.5867,ASCAT,0.0,0.0,False,False,False,False,length_below_openberg_minimum
489,2017-05-04,-65.1285,134.5867,ASCAT,0.0,0.0,False,False,False,False,length_below_openberg_minimum
490,2017-05-05,-65.1285,134.5867,ASCAT,0.0,0.0,False,False,False,False,length_below_openberg_minimum
491,2017-05-06,-65.1285,134.5867,ASCAT,0.0,0.0,False,False,False,False,length_below_openberg_minimum
492,2017-05-07,-65.1285,134.5867,ASCAT,0.0,0.0,False,False,False,False,length_below_openberg_minimum
493,2017-05-08,-65.1285,134.5867,ASCAT,0.0,0.0,False,False,False,False,length_below_openberg_minimum
494,2017-05-09,-65.1285,134.5867,ASCAT,0.0,0.0,False,False,False,False,length_below_openberg_minimum
495,2017-05-10,-65.1285,134.5867,ASCAT,0.0,0.0,False,False,False,False,length_below_openberg_minimum
496,2017-05-11,-65.1285,134.5867,ASCAT,0.0,0.0,False,False,False,False,length_below_openberg_minimum
497,2017-05-12,-65.1285,134.5867,ASCAT,0.0,0.0,False,False,False,False,length_below_openberg_minimum
498,2017-05-13,-65.1285,134.5867,ASCAT,0.0,0.0,False,False,False,False,length_below_openberg_minimum
499,2017-05-14,-65.1285,134.5867,ASCAT,0.0,0.0,False,False,False,False,length_below_openberg_minimum
500,2017-05-15,-65.1285,134.5867,ASCAT,0.0,0.0,False,False,False,False,length_below_openberg_minimum
501,2017-05-16,-65.1285,134.5867,ASCAT,0.0,0.0,False,False,False,False,length_below_openberg_minimum
502,2017-05-17,-65.1285,134.5867,ASCAT,0.0,0.0,False,False,False,False,length_below_openberg_minimum
503,2017-05-18,-65.1285,134.5867,ASCAT,0.0,0.0,False,False,False,False,length_below_openberg_minimum
504,2017-05-19,-65.1285,134.5867,ASCAT,0.0,0.0,False,False,False,False,length_below_openberg_minimum
505,2017-05-20,-65.1285,134.5867,ASCAT,0.0,0.0,False,False,False,False,length_below_openberg_minimum
506,2017-05-21,-65.1285,134.5867,ASCAT,0.0,0.0,False,False,False,False,length_below_openberg_minimum
507,2017-05-22,-65.1285,134.5867,ASCAT,0.0,0.0,False,False,False,False,length_below_openberg_minimum
508,2017-05-23,-65.1285,134.5867,ASCAT,0.0,0.0,False,False,False,False,length_below_openberg_minimum
509,2017-05-24,-65.1285,134.5867,ASCAT,0.0,0.0,False,False,False,False,length_below_openberg_minimum
510,2017-05-25,-65.1285,134.5867,ASCAT,0.0,0.0,False,False,False,False,length_below_openberg_minimum
511,2017-05-26,-65.1285,134.5867,ASCAT,0.0,0.0,False,False,False,False,length_below_openberg_minimum
512,2017-05-27,-65.1285,134.5867,ASCAT,0.0,0.0,False,False,False,False,length_below_openberg_minimum
513,2017-05-28,-65.1285,134.5867,ASCAT,0.0,0.0,False,False,False,False,length_below_openberg_minimum
514,2017-05-29,-65.1285,134.5867,ASCAT,0.0,0.0,False,False,False,False,length_below_openberg_minimum
515,2017-05-30,-65.1285,134.5867,ASCAT,0.0,0.0,False,False,False,False,length_below_openberg_minimum
516,2017-05-31,-65.1285,134.5867,ASCAT,0.0,0.0,False,False,False,False,length_below_openberg_minimum
517,2017-06-01,-65.1285,134.5867,ASCAT,0.0,0.0,False,False,False,False,length_below_openberg_minimum
518,2017-06-02,-65.1285,134.5867,ASCAT,0.0,0.0,False,False,False,False,length_below_openberg_minimum
519,2017-06-03,-65.1285,134.5867,ASCAT,0.0,0.0,False,False,False,False,length_below_openberg_minimum
520,2017-06-04,-65.0841,134.5275,ASCAT,0.0,0.0,False,False,False,False,length_below_openberg_minimum
521,2017-06-05,-65.0841,134.5275,ASCAT,0.0,0.0,False,False,False,False,length_below_openberg_minimum
522,2017-06-06,-65.0841,134.5275,ASCAT,0.0,0.0,False,False,False,False,length_below_openberg_minimum
523,2017-06-07,-65.0841,134.5275,ASCAT,0.0,0.0,False,False,False,False,length_below_openberg_minimum
524,2017-06-08,-65.0841,134.5275,ASCAT,0.0,0.0,False,False,False,False,length_below_openberg_minimum
525,2017-06-09,-65.0841,134.5275,ASCAT,0.0,0.0,False,False,False,False,length_below_openberg_minimum
526,2017-06-10,-65.0841,134.5275,ASCAT,0.0,0.0,False,False,False,False,length_below_openberg_minimum
527,2017-06-11,-65.0841,134.5275,ASCAT,0.0,0.0,False,False,False,False,length_below_openberg_minimum
528,2017-06-12,-65.0841,134.5275,ASCAT,0.0,0.0,False,False,False,False,length_below_openberg_minimum
529,2017-06-13,-65.0841,134.5275,ASCAT,0.0,0.0,False,False,False,False,length_below_openberg_minimum
530,2017-06-14,-65.0841,134.5275,ASCAT,0.0,0.0,False,False,False,False,length_below_openberg_minimum
531,2017-06-15,-65.0925,134.4742,ASCAT,0.0,0.0,False,False,False,False,length_below_openberg_minimum
532,2017-06-16,-65.0925,134.4742,ASCAT,0.0,0.0,False,False,False,False,length_below_openberg_minimum
533,2017-06-17,-65.0925,134.4742,ASCAT,0.0,0.0,False,False,False,False,length_below_openberg_minimum
534,2017-06-18,-65.0925,134.4742,ASCAT,0.0,0.0,False,False,False,False,length_below_openberg_minimum
535,2017-06-19,-65.0925,134.4742,ASCAT,0.0,0.0,False,False,False,False,length_below_openberg_minimum
536,2017-06-20,-65.0925,134.4742,ASCAT,0.0,0.0,False,False,False,False,length_below_openberg_minimum
537,2017-06-21,-65.0925,134.4742,ASCAT,0.0,0.0,False,False,False,False,length_below_openberg_minimum
538,2017-06-22,-65.0925,134.4742,ASCAT,0.0,0.0,False,False,False,False,length_below_openberg_minimum
539,2017-06-23,-65.0925,134.4742,ASCAT,0.0,0.0,False,False,False,False,length_below_openberg_minimum
540,2017-06-24,-65.0925,134.4742,ASCAT,0.0,0.0,False,False,False,False,length_below_openberg_minimum
541,2017-06-25,-65.0925,134.4742,ASCAT,0.0,0.0,False,False,False,False,length_below_openberg_minimum
542,2017-06-26,-65.0925,134.4742,ASCAT,0.0,0.0,False,False,False,False,length_below_openberg_minimum
543,2017-06-27,-65.1148,134.4805,ASCAT,0.0,0.0,False,False,False,False,length_below_openberg_minimum
544,2017-06-28,-65.1148,134.4805,ASCAT,0.0,0.0,False,False,False,False,length_below_openberg_minimum
545,2017-06-29,-65.1148,134.4805,ASCAT,0.0,0.0,False,False,False,False,length_below_openberg_minimum
546,2017-06-30,-65.1148,134.4805,ASCAT,0.0,0.0,False,False,False,False,length_below_openberg_minimum
547,2017-07-01,-65.1148,134.4805,ASCAT,0.0,0.0,False,False,False,False,length_below_openberg_minimum
548,2017-07-02,-65.1275,134.5826,ASCAT,0.0,0.0,False,False,False,False,length_below_openberg_minimum
549,2017-07-03,-65.1275,134.5826,ASCAT,0.0,0.0,False,False,False,False,length_below_openberg_minimum
550,2017-07-04,-65.1275,134.5826,ASCAT,0.0,0.0,False,False,False,False,length_below_openberg_minimum
551,2017-07-05,-65.1275,134.5826,ASCAT,0.0,0.0,False,False,False,False,length_below_openberg_minimum
552,2017-07-06,-65.1275,134.5826,ASCAT,0.0,0.0,False,False,False,False,length_below_openberg_minimum
553,2017-07-07,-65.1275,134.5826,ASCAT,0.0,0.0,False,False,False,False,length_below_openberg_minimum
554,2017-07-08,-65.1275,134.5826,ASCAT,0.0,0.0,False,False,False,False,length_below_openberg_minimum
555,2017-07-09,-65.1275,134.5826,ASCAT,0.0,0.0,False,False,False,False,length_below_openberg_minimum
556,2017-07-10,-65.0925,134.4742,ASCAT,0.0,0.0,False,False,False,False,length_below_openberg_minimum
557,2017-07-11,-65.0925,134.4742,ASCAT,0.0,0.0,False,False,False,False,length_below_openberg_minimum
558,2017-07-12,-65.0925,134.4742,ASCAT,0.0,0.0,False,False,False,False,length_below_openberg_minimum
559,2017-07-13,-65.0925,134.4742,ASCAT,0.0,0.0,False,False,False,False,length_below_openberg_minimum
560,2017-07-14,-65.0925,134.4742,ASCAT,0.0,0.0,False,False,False,False,length_below_openberg_minimum
561,2017-07-15,-65.0925,134.4742,ASCAT,0.0,0.0,False,False,False,False,length_below_openberg_minimum
562,2017-07-16,-65.0925,134.4742,ASCAT,0.0,0.0,False,False,False,False,length_below_openberg_minimum
563,2017-07-17,-65.0925,134.4742,ASCAT,0.0,0.0,False,False,False,False,length_below_openberg_minimum
564,2017-07-18,-65.0925,134.4742,ASCAT,0.0,0.0,False,False,False,False,length_below_openberg_minimum
565,2017-07-19,-65.0925,134.4742,ASCAT,0.0,0.0,False,False,False,False,length_below_openberg_minimum
566,2017-07-20,-65.0925,134.4742,ASCAT,0.0,0.0,False,False,False,False,length_below_openberg_minimum
567,2017-07-21,-65.0925,134.4742,ASCAT,0.0,0.0,False,False,False,False,length_below_openberg_minimum
568,2017-07-22,-65.0925,134.4742,ASCAT,0.0,0.0,False,False,False,False,length_below_openberg_minimum
569,2017-07-23,-65.0925,134.4742,ASCAT,0.0,0.0,False,False,False,False,length_below_openberg_minimum
570,2017-07-24,-65.0925,134.4742,ASCAT,0.0,0.0,False,False,False,False,length_below_openberg_minimum
571,2017-07-25,-65.0925,134.4742,ASCAT,0.0,0.0,False,False,False,False,length_below_openberg_minimum
572,2017-07-26,-65.0925,134.4742,ASCAT,0.0,0.0,False,False,False,False,length_below_openberg_minimum
573,2017-07-27,-65.0925,134.4742,ASCAT,0.0,0.0,False,False,False,False,length_below_openberg_minimum
574,2017-07-28,-65.0925,134.4742,ASCAT,0.0,0.0,False,False,False,False,length_below_openberg_minimum
575,2017-07-29,-65.0925,134.4742,ASCAT,0.0,0.0,False,False,False,False,length_below_openberg_minimum
576,2017-07-30,-65.0925,134.4742,ASCAT,0.0,0.0,False,False,False,False,length_below_openberg_minimum
577,2017-07-31,-65.0925,134.4742,ASCAT,0.0,0.0,False,False,False,False,length_below_openberg_minimum
578,2017-08-01,-65.0925,134.4742,ASCAT,0.0,0.0,False,False,False,False,length_below_openberg_minimum
579,2017-08-02,-65.0925,134.4742,ASCAT,0.0,0.0,False,False,False,False,length_below_openberg_minimum
580,2017-08-03,-65.0925,134.4742,ASCAT,0.0,0.0,False,False,False,False,length_below_openberg_minimum
581,2017-08-04,-65.0925,134.4742,ASCAT,0.0,0.0,False,False,False,False,length_below_openberg_minimum
582,2017-08-05,-65.0925,134.4742,ASCAT,0.0,0.0,False,False,False,False,length_below_openberg_minimum
583,2017-08-06,-65.0925,134.4742,ASCAT,0.0,0.0,False,False,False,False,length_below_openberg_minimum
584,2017-08-07,-65.0925,134.4742,ASCAT,0.0,0.0,False,False,False,False,length_below_openberg_minimum
585,2017-08-08,-65.0925,134.4742,ASCAT,0.0,0.0,False,False,False,False,length_below_openberg_minimum
586,2017-08-09,-65.0925,134.4742,ASCAT,0.0,0.0,False,False,False,False,length_below_openberg_minimum
587,2017-08-10,-65.0925,134.4742,ASCAT,0.0,0.0,False,False,False,False,length_below_openberg_minimum
588,2017-08-11,-65.0925,134.4742,ASCAT,0.0,0.0,False,False,False,False,length_below_openberg_minimum
589,2017-08-12,-65.0925,134.4742,ASCAT,0.0,0.0,False,False,False,False,length_below_openberg_minimum
590,2017-08-13,-65.0925,134.4742,ASCAT,0.0,0.0,False,False,False,False,length_below_openberg_minimum
591,2017-08-14,-65.0925,134.4742,ASCAT,0.0,0.0,False,False,False,False,length_below_openberg_minimum
592,2017-08-15,-65.0925,134.4742,ASCAT,0.0,0.0,False,False,False,False,length_below_openberg_minimum
593,2017-08-16,-65.0925,134.4742,ASCAT,0.0,0.0,False,False,False,False,length_below_openberg_minimum
594,2017-08-17,-65.0925,134.4742,ASCAT,0.0,0.0,False,False,False,False,length_below_openberg_minimum
595,2017-08-18,-65.0925,134.4742,ASCAT,0.0,0.0,False,False,False,False,length_below_openberg_minimum
596,2017-08-19,-65.0925,134.4742,ASCAT,0.0,0.0,False,False,False,False,length_below_openberg_minimum
597,2017-08-20,-65.0925,134.4742,ASCAT,0.0,0.0,False,False,False,False,length_below_openberg_minimum
598,2017-08-21,-65.0925,134.4742,ASCAT,0.0,0.0,False,False,False,False,length_below_openberg_minimum
599,2017-08-22,-65.0925,134.4742,ASCAT,0.0,0.0,False,False,False,False,length_below_openberg_minimum
600,2017-08-23,-65.0925,134.4742,ASCAT,0.0,0.0,False,False,False,False,length_below_openberg_minimum
601,2017-08-24,-65.0925,134.4742,ASCAT,0.0,0.0,False,False,False,False,length_below_openberg_minimum
602,2017-08-25,-65.0925,134.4742,ASCAT,0.0,0.0,False,False,False,False,length_below_openberg_minimum
603,2017-08-26,-65.0925,134.4742,ASCAT,0.0,0.0,False,False,False,False,length_below_openberg_minimum
604,2017-08-27,-65.0925,134.4742,ASCAT,0.0,0.0,False,False,False,False,length_below_openberg_minimum
605,2017-08-28,-65.0925,134.4742,ASCAT,0.0,0.0,False,False,False,False,length_below_openberg_minimum
606,2017-08-29,-65.0925,134.4742,ASCAT,0.0,0.0,False,False,False,False,length_below_openberg_minimum
607,2017-08-30,-65.0925,134.4742,ASCAT,0.0,0.0,False,False,False,False,length_below_openberg_minimum
608,2017-08-31,-65.0925,134.4742,ASCAT,0.0,0.0,False,False,False,False,length_below_openberg_minimum
609,2017-09-01,-65.0833,134.5,NIC,14816.0,7408.0,False,False,False,False,length_exceeds_openberg_maximum
610,2017-09-02,-65.0833,134.5,NIC,0.0,0.0,False,False,False,False,length_below_openberg_minimum
611,2017-09-03,-65.0833,134.5,NIC,0.0,0.0,False,False,False,False,length_below_openberg_minimum
612,2017-09-04,-65.0833,134.5,NIC,0.0,0.0,False,False,False,False,length_below_openberg_minimum
613,2017-09-05,-65.0833,134.5,NIC,0.0,0.0,False,False,False,False,length_below_openberg_minimum
614,2017-09-06,-65.0833,134.5,NIC,0.0,0.0,False,False,False,False,length_below_openberg_minimum
615,2017-09-07,-65.0833,134.5,NIC,0.0,0.0,False,False,False,False,length_below_openberg_minimum
616,2017-09-08,-65.0833,134.5,NIC,14816.0,7408.0,False,False,False,False,length_exceeds_openberg_maximum
617,2017-09-09,-65.0833,134.5,NIC,0.0,0.0,False,False,False,False,length_below_openberg_minimum
618,2017-09-10,-65.0833,134.5,NIC,0.0,0.0,False,False,False,False,length_below_openberg_minimum
619,2017-09-11,-65.0833,134.5,NIC,0.0,0.0,False,False,False,False,length_below_openberg_minimum
620,2017-09-12,-65.0833,134.5,NIC,0.0,0.0,False,False,False,False,length_below_openberg_minimum
621,2017-09-13,-65.0833,134.5,NIC,0.0,0.0,False,False,False,False,length_below_openberg_minimum
622,2017-09-14,-65.0833,134.5,NIC,0.0,0.0,False,False,False,False,length_below_openberg_minimum
623,2017-09-15,-65.0833,134.5,NIC,14816.0,7408.0,False,False,False,False,length_exceeds_openberg_maximum
624,2017-09-16,-65.0833,134.5,NIC,0.0,0.0,False,False,False,False,length_below_openberg_minimum
625,2017-09-17,-65.0833,134.5,NIC,0.0,0.0,False,False,False,False,length_below_openberg_minimum
626,2017-09-18,-65.0833,134.5,NIC,0.0,0.0,False,False,False,False,length_below_openberg_minimum
627,2017-09-19,-65.0833,134.5,NIC,0.0,0.0,False,False,False,False,length_below_openberg_minimum
628,2017-09-20,-65.0833,134.5,NIC,0.0,0.0,False,False,False,False,length_below_openberg_minimum
629,2017-09-21,-65.0833,134.5,NIC,0.0,0.0,False,False,False,False,length_below_openberg_minimum
630,2017-09-22,-65.0833,134.5,NIC,14816.0,7408.0,False,False,False,False,length_exceeds_openberg_maximum
631,2017-09-23,-65.0833,134.5,NIC,0.0,0.0,False,False,False,False,length_below_openberg_minimum
632,2017-09-24,-65.0833,134.5,NIC,0.0,0.0,False,False,False,False,length_below_openberg_minimum
633,2017-09-25,-65.0833,134.5,NIC,0.0,0.0,False,False,False,False,length_below_openberg_minimum
634,2017-09-26,-65.0833,134.5,NIC,0.0,0.0,False,False,False,False,length_below_openberg_minimum
635,2017-09-27,-65.0833,134.5,NIC,0.0,0.0,False,False,False,False,length_below_openberg_minimum
636,2017-09-28,-65.0833,134.5,NIC,0.0,0.0,False,False,False,False,length_below_openberg_minimum
637,2017-09-29,-65.0833,134.5,NIC,14816.0,7408.0,False,False,False,False,length_exceeds_openberg_maximum
638,2017-09-30,-65.0833,134.5,NIC,0.0,0.0,False,False,False,False,length_below_openberg_minimum
639,2017-10-01,-65.0833,134.5,NIC,0.0,0.0,False,False,False,False,length_below_openberg_minimum
640,2017-10-02,-65.0833,134.5,NIC,0.0,0.0,False,False,False,False,length_below_openberg_minimum
641,2017-10-03,-65.0833,134.5,NIC,0.0,0.0,False,False,False,False,length_below_openberg_minimum
642,2017-10-04,-65.0833,134.5,NIC,0.0,0.0,False,False,False,False,length_below_openberg_minimum
643,2017-10-05,-65.0833,134.5,NIC,0.0,0.0,False,False,False,False,length_below_openberg_minimum
644,2017-10-06,-65.0833,134.5,NIC,14816.0,7408.0,False,False,False,False,length_exceeds_openberg_maximum
645,2017-10-07,-65.0833,134.5,NIC,0.0,0.0,False,False,False,False,length_below_openberg_minimum
646,2017-10-08,-65.0833,134.5,NIC,0.0,0.0,False,False,False,False,length_below_openberg_minimum
647,2017-10-09,-65.0833,134.5,NIC,0.0,0.0,False,False,False,False,length_below_openberg_minimum
648,2017-10-10,-65.0833,134.5,NIC,0.0,0.0,False,False,False,False,length_below_openberg_minimum
649,2017-10-11,-65.0833,134.5,NIC,0.0,0.0,False,False,False,False,length_below_openberg_minimum
650,2017-10-12,-65.0833,134.5,NIC,0.0,0.0,False,False,False,False,length_below_openberg_minimum
651,2017-10-13,-65.0833,134.5,NIC,14816.0,7408.0,False,False,False,False,length_exceeds_openberg_maximum
652,2017-10-14,-65.0833,134.5,NIC,0.0,0.0,False,False,False,False,length_below_openberg_minimum
653,2017-10-15,-65.0833,134.5,NIC,0.0,0.0,False,False,False,False,length_below_openberg_minimum
654,2017-10-16,-65.0833,134.5,NIC,0.0,0.0,False,False,False,False,length_below_openberg_minimum
655,2017-10-17,-65.0833,134.5,NIC,0.0,0.0,False,False,False,False,length_below_openberg_minimum
656,2017-10-18,-65.0833,134.5,NIC,0.0,0.0,False,False,False,False,length_below_openberg_minimum
657,2017-10-19,-65.0833,134.5,NIC,0.0,0.0,False,False,False,False,length_below_openberg_minimum
658,2017-10-20,-65.0833,134.5,NIC,14816.0,7408.0,False,False,False,False,length_exceeds_openberg_maximum
659,2017-10-21,-65.0833,134.5,NIC,0.0,0.0,False,False,False,False,length_below_openberg_minimum
660,2017-10-22,-65.0833,134.5,NIC,0.0,0.0,False,False,False,False,length_below_openberg_minimum
661,2017-10-23,-65.0833,134.5,NIC,0.0,0.0,False,False,False,False,length_below_openberg_minimum
662,2017-10-24,-65.0833,134.5,NIC,0.0,0.0,False,False,False,False,length_below_openberg_minimum
663,2017-10-25,-65.0833,134.5,NIC,0.0,0.0,False,False,False,False,length_below_openberg_minimum
664,2017-10-26,-65.0833,134.5,NIC,0.0,0.0,False,False,False,False,length_below_openberg_minimum
665,2017-10-27,-65.0833,134.5,NIC,14816.0,7408.0,False,False,False,False,length_exceeds_openberg_maximum
666,2017-10-28,-65.0833,134.5,NIC,0.0,0.0,False,False,False,False,length_below_openberg_minimum
667,2017-10-29,-65.0833,134.5,NIC,0.0,0.0,False,False,False,False,length_below_openberg_minimum
668,2017-10-30,-65.0833,134.5,NIC,0.0,0.0,False,False,False,False,length_below_openberg_minimum
669,2017-10-31,-65.0833,134.5,NIC,0.0,0.0,False,False,False,False,length_below_openberg_minimum
670,2017-11-01,-65.0833,134.5,NIC,0.0,0.0,False,False,False,False,length_below_openberg_minimum
671,2017-11-02,-65.0833,134.5,NIC,0.0,0.0,False,False,False,False,length_below_openberg_minimum
672,2017-11-03,-65.0833,134.5,NIC,0.0,0.0,False,False,False,False,length_below_openberg_minimum
673,2017-11-04,-65.0833,134.5,NIC,0.0,0.0,False,False,False,False,length_below_openberg_minimum
674,2017-11-05,-65.08,134.5,ASCAT,0.0,0.0,False,False,False,False,length_below_openberg_minimum
675,2017-11-06,-65.08,134.5,ASCAT,0.0,0.0,False,False,False,False,length_below_openberg_minimum
676,2017-11-07,-65.08,134.5,ASCAT,0.0,0.0,False,False,False,False,length_below_openberg_minimum
677,2017-11-08,-65.08,134.5,ASCAT,0.0,0.0,False,False,False,False,length_below_openberg_minimum
678,2017-11-09,-65.08,134.5,ASCAT,0.0,0.0,False,False,False,False,length_below_openberg_minimum
679,2017-11-10,-65.08,134.5,ASCAT,14816.0,7408.0,False,False,False,False,length_exceeds_openberg_maximum
680,2017-11-11,-65.08,134.5,ASCAT,0.0,0.0,False,False,False,False,length_below_openberg_minimum
681,2017-11-12,-65.08,134.5,ASCAT,0.0,0.0,False,False,False,False,length_below_openberg_minimum
682,2017-11-13,-65.08,134.5,ASCAT,0.0,0.0,False,False,False,False,length_below_openberg_minimum
683,2017-11-14,-65.08,134.5,ASCAT,0.0,0.0,False,False,False,False,length_below_openberg_minimum
684,2017-11-15,-65.08,134.5,ASCAT,0.0,0.0,False,False,False,False,length_below_openberg_minimum
685,2017-11-16,-65.08,134.5,ASCAT,0.0,0.0,False,False,False,False,length_below_openberg_minimum
686,2017-11-17,-65.08,134.5,ASCAT,14816.0,7408.0,False,False,False,False,length_exceeds_openberg_maximum
687,2017-11-18,-65.08,134.5,ASCAT,0.0,0.0,False,False,False,False,length_below_openberg_minimum
688,2017-11-19,-65.08,134.5,ASCAT,0.0,0.0,False,False,False,False,length_below_openberg_minimum
689,2017-11-20,-65.08,134.5,ASCAT,0.0,0.0,False,False,False,False,length_below_openberg_minimum
690,2017-11-21,-65.08,134.5,ASCAT,0.0,0.0,False,False,False,False,length_below_openberg_minimum
691,2017-11-22,-65.08,134.5,ASCAT,0.0,0.0,False,False,False,False,length_below_openberg_minimum
692,2017-11-23,-65.08,134.5,ASCAT,0.0,0.0,False,False,False,False,length_below_openberg_minimum
693,2017-11-24,-65.08,134.5,ASCAT,0.0,0.0,False,False,False,False,length_below_openberg_minimum
694,2017-11-25,-65.08,134.5,ASCAT,0.0,0.0,False,False,False,False,length_below_openberg_minimum
695,2017-11-26,-65.08,134.5,ASCAT,0.0,0.0,False,False,False,False,length_below_openberg_minimum
696,2017-11-27,-65.08,134.5,ASCAT,0.0,0.0,False,False,False,False,length_below_openberg_minimum
697,2017-11-28,-65.08,134.5,ASCAT,0.0,0.0,False,False,False,False,length_below_openberg_minimum
698,2017-11-29,-65.08,134.5,ASCAT,0.0,0.0,False,False,False,False,length_below_openberg_minimum
699,2017-11-30,-65.08,134.5,ASCAT,0.0,0.0,False,False,False,False,length_below_openberg_minimum
700,2017-12-01,-65.08,134.5,ASCAT,0.0,0.0,False,False,False,False,length_below_openberg_minimum
701,2017-12-02,-65.08,134.5,ASCAT,0.0,0.0,False,False,False,False,length_below_openberg_minimum
702,2017-12-03,-65.08,134.5,ASCAT,0.0,0.0,False,False,False,False,length_below_openberg_minimum
703,2017-12-04,-65.08,134.5,ASCAT,0.0,0.0,False,False,False,False,length_below_openberg_minimum
704,2017-12-05,-65.08,134.5,ASCAT,0.0,0.0,False,False,False,False,length_below_openberg_minimum
705,2017-12-06,-65.0951,134.3713,ASCAT,0.0,0.0,False,False,False,False,length_below_openberg_minimum
706,2017-12-07,-65.0951,134.3713,ASCAT,0.0,0.0,False,False,False,False,length_below_openberg_minimum
707,2017-12-08,-65.1287,134.3525,ASCAT,14816.0,7408.0,False,False,False,False,length_exceeds_openberg_maximum
708,2017-12-09,-65.1287,134.3525,ASCAT,0.0,0.0,False,False,False,False,length_below_openberg_minimum
709,2017-12-10,-65.0998,134.4227,ASCAT,0.0,0.0,False,False,False,False,length_below_openberg_minimum
710,2017-12-11,-65.0998,134.4227,ASCAT,0.0,0.0,False,False,False,False,length_below_openberg_minimum
711,2017-12-12,-65.0998,134.4227,ASCAT,0.0,0.0,False,False,False,False,length_below_openberg_minimum
712,2017-12-13,-65.0998,134.4227,ASCAT,0.0,0.0,False,False,False,False,length_below_openberg_minimum
713,2017-12-14,-65.0998,134.4227,ASCAT,0.0,0.0,False,False,False,False,length_below_openberg_minimum
714,2017-12-15,-65.0998,134.4227,ASCAT,14816.0,7408.0,False,False,False,False,length_exceeds_openberg_maximum
715,2017-12-16,-65.0998,134.4227,ASCAT,0.0,0.0,False,False,False,False,length_below_openberg_minimum
716,2017-12-17,-65.1079,134.4345,ASCAT,0.0,0.0,False,False,False,False,length_below_openberg_minimum
717,2017-12-18,-65.1079,134.4345,ASCAT,0.0,0.0,False,False,False,False,length_below_openberg_minimum
718,2017-12-19,-65.1079,134.4345,ASCAT,0.0,0.0,False,False,False,False,length_below_openberg_minimum
719,2017-12-20,-65.1079,134.4345,ASCAT,0.0,0.0,False,False,False,False,length_below_openberg_minimum
720,2017-12-21,-65.1079,134.4345,ASCAT,0.0,0.0,False,False,False,False,length_below_openberg_minimum
721,2017-12-22,-65.1079,134.4345,ASCAT,14816.0,7408.0,False,False,False,False,length_exceeds_openberg_maximum
722,2017-12-23,-65.1079,134.4345,ASCAT,0.0,0.0,False,False,False,False,length_below_openberg_minimum
723,2017-12-24,-65.1079,134.4345,ASCAT,0.0,0.0,False,False,False,False,length_below_openberg_minimum
724,2017-12-25,-65.1079,134.4345,ASCAT,0.0,0.0,False,False,False,False,length_below_openberg_minimum
725,2017-12-26,-65.1079,134.4345,ASCAT,0.0,0.0,False,False,False,False,length_below_openberg_minimum
726,2017-12-27,-65.1079,134.4345,ASCAT,0.0,0.0,False,False,False,False,length_below_openberg_minimum
727,2017-12-28,-65.1079,134.4345,ASCAT,0.0,0.0,False,False,False,False,length_below_openberg_minimum
728,2017-12-29,-65.1079,134.4345,ASCAT,14816.0,7408.0,False,False,False,False,length_exceeds_openberg_maximum
729,2017-12-30,-65.1079,134.4345,ASCAT,0.0,0.0,False,False,False,False,length_below_openberg_minimum
730,2017-12-31,-65.1079,134.4345,ASCAT,0.0,0.0,False,False,False,False,length_below_openberg_minimum
731,2018-01-01,-65.1079,134.4345,ASCAT,0.0,0.0,False,False,False,False,length_below_openberg_minimum
732,2018-01-02,-65.1079,134.4345,ASCAT,0.0,0.0,False,False,False,False,length_below_openberg_minimum
733,2018-01-03,-65.1079,134.4345,ASCAT,0.0,0.0,False,False,False,False,length_below_openberg_minimum
734,2018-01-04,-65.1079,134.4345,ASCAT,0.0,0.0,False,False,False,False,length_below_openberg_minimum
735,2018-01-05,-65.1079,134.4345,ASCAT,0.0,0.0,False,False,False,False,length_below_openberg_minimum
736,2018-01-06,-65.1079,134.4345,ASCAT,0.0,0.0,False,False,False,False,length_below_openberg_minimum
737,2018-01-07,-65.1079,134.4345,ASCAT,0.0,0.0,False,False,False,False,length_below_openberg_minimum
738,2018-01-08,-65.1079,134.4345,ASCAT,0.0,0.0,False,False,False,False,length_below_openberg_minimum
739,2018-01-09,-65.1022,134.4745,ASCAT,0.0,0.0,False,False,False,False,length_below_openberg_minimum
740,2018-01-10,-65.1022,134.4745,ASCAT,0.0,0.0,False,False,False,False,length_below_openberg_minimum
741,2018-01-11,-65.1022,134.4745,ASCAT,0.0,0.0,False,False,False,False,length_below_openberg_minimum
742,2018-01-12,-65.1022,134.4745,ASCAT,14816.0,7408.0,False,False,False,False,length_exceeds_openberg_maximum
743,2018-01-13,-65.1022,134.4745,ASCAT,0.0,0.0,False,False,False,False,length_below_openberg_minimum
744,2018-01-14,-65.1022,134.4745,ASCAT,0.0,0.0,False,False,False,False,length_below_openberg_minimum
745,2018-01-15,-65.1022,134.4745,ASCAT,0.0,0.0,False,False,False,False,length_below_openberg_minimum
746,2018-01-16,-65.1022,134.4745,ASCAT,0.0,0.0,False,False,False,False,length_below_openberg_minimum
747,2018-01-17,-65.1022,134.4745,ASCAT,0.0,0.0,False,False,False,False,length_below_openberg_minimum
748,2018-01-18,-65.1022,134.4745,ASCAT,0.0,0.0,False,False,False,False,length_below_openberg_minimum
749,2018-01-19,-65.101,134.4041,ASCAT,14816.0,7408.0,False,False,False,False,length_exceeds_openberg_maximum
750,2018-01-20,-65.0997,134.3338,ASCAT,0.0,0.0,False,False,False,False,length_below_openberg_minimum
751,2018-01-21,-65.0997,134.3338,ASCAT,0.0,0.0,False,False,False,False,length_below_openberg_minimum
752,2018-01-22,-65.0997,134.3338,ASCAT,0.0,0.0,False,False,False,False,length_below_openberg_minimum
753,2018-01-23,-65.0997,134.3338,ASCAT,0.0,0.0,False,False,False,False,length_below_openberg_minimum
754,2018-01-24,-65.0997,134.3338,ASCAT,0.0,0.0,False,False,False,False,length_below_openberg_minimum
755,2018-01-25,-64.814,133.7261,ASCAT,0.0,0.0,False,False,False,False,length_below_openberg_minimum
756,2018-01-26,-64.5284,133.1184,ASCAT,14816.0,7408.0,False,False,False,False,length_exceeds_openberg_maximum
757,2018-01-27,-64.5284,133.1184,ASCAT,0.0,0.0,False,False,False,False,length_below_openberg_minimum
758,2018-01-28,-64.5284,133.1184,ASCAT,0.0,0.0,False,False,False,False,length_below_openberg_minimum
759,2018-01-29,-64.5284,133.1184,ASCAT,0.0,0.0,False,False,False,False,length_below_openberg_minimum
760,2018-01-30,-64.5284,133.1184,ASCAT,0.0,0.0,False,False,False,False,length_below_openberg_minimum
761,2018-01-31,-64.5284,133.1184,ASCAT,0.0,0.0,False,False,False,False,length_below_openberg_minimum
762,2018-02-01,-64.5284,133.1184,ASCAT,0.0,0.0,False,False,False,False,length_below_openberg_minimum
763,2018-02-02,-64.5284,133.1184,ASCAT,14816.0,7408.0,False,False,False,False,length_exceeds_openberg_maximum
764,2018-02-03,-64.5284,133.1184,ASCAT,0.0,0.0,False,False,False,False,length_below_openberg_minimum
765,2018-02-04,-64.5284,133.1184,ASCAT,0.0,0.0,False,False,False,False,length_below_openberg_minimum
766,2018-02-05,-64.5284,133.1184,ASCAT,0.0,0.0,False,False,False,False,length_below_openberg_minimum
767,2018-02-06,-64.4493,133.0733,ASCAT,0.0,0.0,False,False,False,False,length_below_openberg_minimum
768,2018-02-07,-64.4493,133.0733,ASCAT,0.0,0.0,False,False,False,False,length_below_openberg_minimum
769,2018-02-08,-64.4493,133.0733,ASCAT,0.0,0.0,False,False,False,False,length_below_openberg_minimum
770,2018-02-09,-64.4493,133.0733,ASCAT,14816.0,7408.0,False,False,False,False,length_exceeds_openberg_maximum
771,2018-02-10,-64.4493,133.0733,ASCAT,0.0,0.0,False,False,False,False,length_below_openberg_minimum
772,2018-02-11,-64.4493,133.0733,ASCAT,0.0,0.0,False,False,False,False,length_below_openberg_minimum
773,2018-02-12,-64.4493,133.0733,ASCAT,0.0,0.0,False,False,False,False,length_below_openberg_minimum
774,2018-02-13,-64.4493,133.0733,ASCAT,0.0,0.0,False,False,False,False,length_below_openberg_minimum
775,2018-02-14,-64.4493,133.0733,ASCAT,0.0,0.0,False,False,False,False,length_below_openberg_minimum
776,2018-02-15,-64.4493,133.0733,ASCAT,0.0,0.0,False,False,False,False,length_below_openberg_minimum
777,2018-02-16,-64.4493,133.0733,ASCAT,14816.0,7408.0,False,False,False,False,length_exceeds_openberg_maximum
778,2018-02-17,-65.218,133.484,ASCAT,0.0,0.0,False,False,False,False,length_below_openberg_minimum
779,2018-02-18,-65.218,133.484,ASCAT,0.0,0.0,False,False,False,False,length_below_openberg_minimum
780,2018-02-19,-65.218,133.484,ASCAT,0.0,0.0,False,False,False,False,length_below_openberg_minimum
781,2018-02-20,-65.218,133.484,ASCAT,0.0,0.0,False,False,False,False,length_below_openberg_minimum
782,2018-02-21,-65.218,133.484,ASCAT,0.0,0.0,False,False,False,False,length_below_openberg_minimum
783,2018-02-22,-65.3321,133.0142,ASCAT,0.0,0.0,False,False,False,False,length_below_openberg_minimum
784,2018-02-23,-65.4461,132.5444,ASCAT,0.0,0.0,False,False,False,False,length_below_openberg_minimum
785,2018-02-24,-65.4461,132.5444,ASCAT,0.0,0.0,False,False,False,False,length_below_openberg_minimum
786,2018-02-25,-65.4461,132.5444,ASCAT,0.0,0.0,False,False,False,False,length_below_openberg_minimum
787,2018-02-26,-65.6571,132.5125,ASCAT,0.0,0.0,False,False,False,False,length_below_openberg_minimum
788,2018-02-27,-65.6571,132.5125,ASCAT,0.0,0.0,False,False,False,False,length_below_openberg_minimum
789,2018-02-28,-65.6571,132.5125,ASCAT,0.0,0.0,False,False,False,False,length_below_openberg_minimum
790,2018-03-01,-65.6922,132.5552,ASCAT,0.0,0.0,False,False,False,False,length_below_openberg_minimum
791,2018-03-02,-65.7273,132.5978,ASCAT,14816.0,7408.0,False,False,False,False,length_exceeds_openberg_maximum
792,2018-03-03,-65.7273,132.5978,ASCAT,0.0,0.0,False,False,False,False,length_below_openberg_minimum
793,2018-03-04,-65.7273,132.5978,ASCAT,0.0,0.0,False,False,False,False,length_below_openberg_minimum
794,2018-03-05,-65.7273,132.5978,ASCAT,0.0,0.0,False,False,False,False,length_below_openberg_minimum
795,2018-03-06,-65.7602,132.3679,ASCAT,0.0,0.0,False,False,False,False,length_below_openberg_minimum
796,2018-03-07,-65.7602,132.3679,ASCAT,0.0,0.0,False,False,False,False,length_below_openberg_minimum
797,2018-03-08,-65.7659,132.181,NIC,0.0,0.0,False,False,False,False,length_below_openberg_minimum
798,2018-03-09,-65.7667,132.0833,NIC,14816.0,7408.0,False,False,False,False,length_exceeds_openberg_maximum
799,2018-03-10,-65.7663,131.956,NIC,0.0,0.0,False,False,False,False,length_below_openberg_minimum
800,2018-03-11,-65.7653,131.798,NIC,0.0,0.0,False,False,False,False,length_below_openberg_minimum
801,2018-03-12,-65.7635,131.6173,NIC,0.0,0.0,False,False,False,False,length_below_openberg_minimum
802,2018-03-13,-65.7611,131.4223,NIC,0.0,0.0,False,False,False,False,length_below_openberg_minimum
803,2018-03-14,-65.758,131.2212,NIC,0.0,0.0,False,False,False,False,length_below_openberg_minimum
804,2018-03-15,-65.7543,131.0221,NIC,0.0,0.0,False,False,False,False,length_below_openberg_minimum
805,2018-03-16,-65.75,130.8333,NIC,14816.0,7408.0,False,False,False,False,length_exceeds_openberg_maximum
806,2018-03-17,-65.7171,130.6486,NIC,0.0,0.0,False,False,False,False,length_below_openberg_minimum
807,2018-03-18,-65.6396,130.4586,NIC,0.0,0.0,False,False,False,False,length_below_openberg_minimum
808,2018-03-19,-65.5356,130.2667,NIC,0.0,0.0,False,False,False,False,length_below_openberg_minimum
809,2018-03-20,-65.4232,130.0765,NIC,0.0,0.0,False,False,False,False,length_below_openberg_minimum
810,2018-03-21,-65.3205,129.8913,NIC,0.0,0.0,False,False,False,False,length_below_openberg_minimum
811,2018-03-22,-65.4512,129.9339,ASCAT,0.0,0.0,False,False,False,False,length_below_openberg_minimum
812,2018-03-23,-65.2167,129.55,NIC,14816.0,7408.0,False,False,False,False,length_exceeds_openberg_maximum
813,2018-03-24,-65.2241,129.3998,NIC,0.0,0.0,False,False,False,False,length_below_openberg_minimum
814,2018-03-25,-65.2431,129.2612,NIC,0.0,0.0,False,False,False,False,length_below_openberg_minimum
815,2018-03-26,-65.2692,129.1296,NIC,0.0,0.0,False,False,False,False,length_below_openberg_minimum
816,2018-03-27,-65.2975,129.0006,NIC,0.0,0.0,False,False,False,False,length_below_openberg_minimum
817,2018-03-28,-65.3236,128.8696,NIC,0.0,0.0,False,False,False,False,length_below_openberg_minimum
818,2018-03-29,-65.3426,128.732,NIC,0.0,0.0,False,False,False,False,length_below_openberg_minimum
819,2018-03-30,-65.35,128.5833,NIC,14816.0,7408.0,False,False,False,False,length_exceeds_openberg_maximum
820,2018-03-31,-65.3489,128.4295,NIC,0.0,0.0,False,False,False,False,length_below_openberg_minimum
821,2018-04-01,-65.3457,128.2762,NIC,0.0,0.0,False,False,False,False,length_below_openberg_minimum
822,2018-04-02,-65.3411,128.1181,NIC,0.0,0.0,False,False,False,False,length_below_openberg_minimum
823,2018-04-03,-65.3354,127.95,NIC,0.0,0.0,False,False,False,False,length_below_openberg_minimum
824,2018-04-04,-65.3291,127.7666,NIC,0.0,0.0,False,False,False,False,length_below_openberg_minimum
825,2018-04-05,-65.3227,127.5628,NIC,0.0,0.0,False,False,False,False,length_below_openberg_minimum
826,2018-04-06,-65.3167,127.3333,NIC,14816.0,7408.0,False,False,False,False,length_exceeds_openberg_maximum
827,2018-04-07,-65.3097,127.0356,NIC,0.0,0.0,False,False,False,False,length_below_openberg_minimum
828,2018-04-08,-65.301,126.653,NIC,0.0,0.0,False,False,False,False,length_below_openberg_minimum
829,2018-04-09,-65.2914,126.2188,NIC,0.0,0.0,False,False,False,False,length_below_openberg_minimum
830,2018-04-10,-65.2822,125.7664,NIC,0.0,0.0,False,False,False,False,length_below_openberg_minimum
831,2018-04-11,-65.2743,125.3292,NIC,0.0,0.0,False,False,False,False,length_below_openberg_minimum
832,2018-04-12,-65.2688,124.9403,NIC,0.0,0.0,False,False,False,False,length_below_openberg_minimum
833,2018-04-13,-65.2667,124.6333,NIC,14816.0,7408.0,False,False,False,False,length_exceeds_openberg_maximum
834,2018-04-14,-65.2697,124.4311,ASCAT,0.0,0.0,False,False,False,False,length_below_openberg_minimum
835,2018-04-15,-65.3441,124.1107,NIC,0.0,0.0,False,False,False,False,length_below_openberg_minimum
836,2018-04-16,-65.4208,123.8622,NIC,0.0,0.0,False,False,False,False,length_below_openberg_minimum
837,2018-04-17,-65.5048,123.642,NIC,0.0,0.0,False,False,False,False,length_below_openberg_minimum
838,2018-04-18,-65.5828,123.465,NIC,0.0,0.0,False,False,False,False,length_below_openberg_minimum
839,2018-04-19,-65.6412,123.3461,NIC,0.0,0.0,False,False,False,False,length_below_openberg_minimum
840,2018-04-20,-65.6667,123.3,NIC,14816.0,7408.0,False,False,False,False,length_exceeds_openberg_maximum
841,2018-04-21,-65.671,123.2956,NIC,0.0,0.0,False,False,False,False,length_below_openberg_minimum
842,2018-04-22,-65.6746,123.2919,NIC,0.0,0.0,False,False,False,False,length_below_openberg_minimum
843,2018-04-23,-65.6777,123.2888,NIC,0.0,0.0,False,False,False,False,length_below_openberg_minimum
844,2018-04-24,-65.6801,123.2864,NIC,0.0,0.0,False,False,False,False,length_below_openberg_minimum
845,2018-04-25,-65.6819,123.2847,NIC,0.0,0.0,False,False,False,False,length_below_openberg_minimum
846,2018-04-26,-65.6829,123.2836,NIC,0.0,0.0,False,False,False,False,length_below_openberg_minimum
847,2018-04-27,-65.6833,123.2833,NIC,14816.0,7408.0,False,False,False,False,length_exceeds_openberg_maximum
848,2018-04-28,-65.6833,123.2833,NIC,0.0,0.0,False,False,False,False,length_below_openberg_minimum
849,2018-04-29,-65.6833,123.2833,NIC,0.0,0.0,False,False,False,False,length_below_openberg_minimum
850,2018-04-30,-65.6833,123.2833,NIC,0.0,0.0,False,False,False,False,length_below_openberg_minimum
851,2018-05-01,-65.6833,123.2833,NIC,0.0,0.0,False,False,False,False,length_below_openberg_minimum
852,2018-05-02,-65.6833,123.2833,NIC,0.0,0.0,False,False,False,False,length_below_openberg_minimum
853,2018-05-03,-65.6253,123.2867,ASCAT,0.0,0.0,False,False,False,False,length_below_openberg_minimum
854,2018-05-04,-65.6253,123.2867,ASCAT,14816.0,7408.0,False,False,False,False,length_exceeds_openberg_maximum
855,2018-05-05,-65.6253,123.2867,ASCAT,0.0,0.0,False,False,False,False,length_below_openberg_minimum
856,2018-05-06,-65.6253,123.2867,ASCAT,0.0,0.0,False,False,False,False,length_below_openberg_minimum
857,2018-05-07,-65.6253,123.2867,ASCAT,0.0,0.0,False,False,False,False,length_below_openberg_minimum
858,2018-05-08,-65.6253,123.2867,ASCAT,0.0,0.0,False,False,False,False,length_below_openberg_minimum
859,2018-05-09,-65.6253,123.2867,ASCAT,0.0,0.0,False,False,False,False,length_below_openberg_minimum
860,2018-05-10,-65.6833,123.2833,NIC,0.0,0.0,False,False,False,False,length_below_openberg_minimum
861,2018-05-11,-65.6833,123.2833,NIC,14816.0,7408.0,False,False,False,False,length_exceeds_openberg_maximum
862,2018-05-12,-65.6815,123.2801,NIC,0.0,0.0,False,False,False,False,length_below_openberg_minimum
863,2018-05-13,-65.6767,123.2717,NIC,0.0,0.0,False,False,False,False,length_below_openberg_minimum
864,2018-05-14,-65.6531,123.2286,ASCAT,0.0,0.0,False,False,False,False,length_below_openberg_minimum
865,2018-05-15,-65.6531,123.2286,ASCAT,0.0,0.0,False,False,False,False,length_below_openberg_minimum
866,2018-05-16,-65.6531,123.2286,ASCAT,0.0,0.0,False,False,False,False,length_below_openberg_minimum
867,2018-05-17,-65.6531,123.2286,ASCAT,0.0,0.0,False,False,False,False,length_below_openberg_minimum
868,2018-05-18,-65.6531,123.2286,ASCAT,14816.0,7408.0,False,False,False,False,length_exceeds_openberg_maximum
869,2018-05-19,-65.6531,123.2286,ASCAT,0.0,0.0,False,False,False,False,length_below_openberg_minimum
870,2018-05-20,-65.6531,123.2286,ASCAT,0.0,0.0,False,False,False,False,length_below_openberg_minimum
871,2018-05-21,-65.6531,123.2286,ASCAT,0.0,0.0,False,False,False,False,length_below_openberg_minimum
872,2018-05-22,-65.6531,123.2286,ASCAT,0.0,0.0,False,False,False,False,length_below_openberg_minimum
873,2018-05-23,-65.6531,123.2286,ASCAT,0.0,0.0,False,False,False,False,length_below_openberg_minimum
874,2018-05-24,-65.6531,123.2286,ASCAT,0.0,0.0,False,False,False,False,length_below_openberg_minimum
875,2018-05-25,-65.6531,123.2286,ASCAT,14816.0,7408.0,False,False,False,False,length_exceeds_openberg_maximum
876,2018-05-26,-65.6531,123.2286,ASCAT,0.0,0.0,False,False,False,False,length_below_openberg_minimum
877,2018-05-27,-65.6531,123.2286,ASCAT,0.0,0.0,False,False,False,False,length_below_openberg_minimum
878,2018-05-28,-65.6531,123.2286,ASCAT,0.0,0.0,False,False,False,False,length_below_openberg_minimum
879,2018-05-29,-65.6531,123.2286,ASCAT,0.0,0.0,False,False,False,False,length_below_openberg_minimum
880,2018-05-30,-65.663,123.2221,ASCAT,0.0,0.0,False,False,False,False,length_below_openberg_minimum
881,2018-05-31,-65.6847,123.2079,ASCAT,0.0,0.0,False,False,False,False,length_below_openberg_minimum
882,2018-06-01,-65.7065,123.1937,ASCAT,0.0,0.0,False,False,False,False,length_below_openberg_minimum
883,2018-06-02,-65.7164,123.1872,ASCAT,0.0,0.0,False,False,False,False,length_below_openberg_minimum
884,2018-06-03,-65.6466,123.3259,ASCAT,0.0,0.0,False,False,False,False,length_below_openberg_minimum
885,2018-06-04,-65.6932,123.2365,ASCAT,0.0,0.0,False,False,False,False,length_below_openberg_minimum
886,2018-06-05,-65.6932,123.2365,ASCAT,0.0,0.0,False,False,False,False,length_below_openberg_minimum
887,2018-06-06,-65.6932,123.2365,ASCAT,0.0,0.0,False,False,False,False,length_below_openberg_minimum
888,2018-06-07,-65.6932,123.2365,ASCAT,0.0,0.0,False,False,False,False,length_below_openberg_minimum
889,2018-06-08,-65.6932,123.2365,ASCAT,14816.0,7408.0,False,False,False,False,length_exceeds_openberg_maximum
890,2018-06-09,-65.6932,123.2365,ASCAT,0.0,0.0,False,False,False,False,length_below_openberg_minimum
891,2018-06-10,-65.6932,123.2365,ASCAT,0.0,0.0,False,False,False,False,length_below_openberg_minimum
892,2018-06-11,-65.6932,123.2365,ASCAT,0.0,0.0,False,False,False,False,length_below_openberg_minimum
893,2018-06-12,-65.6932,123.2365,ASCAT,0.0,0.0,False,False,False,False,length_below_openberg_minimum
894,2018-06-13,-65.6932,123.2365,ASCAT,0.0,0.0,False,False,False,False,length_below_openberg_minimum
895,2018-06-14,-65.6932,123.2365,ASCAT,0.0,0.0,False,False,False,False,length_below_openberg_minimum
896,2018-06-15,-65.6932,123.2365,ASCAT,14816.0,7408.0,False,False,False,False,length_exceeds_openberg_maximum
897,2018-06-16,-65.6932,123.2365,ASCAT,0.0,0.0,False,False,False,False,length_below_openberg_minimum
898,2018-06-17,-65.6932,123.2365,ASCAT,0.0,0.0,False,False,False,False,length_below_openberg_minimum
899,2018-06-18,-65.6932,123.2365,ASCAT,0.0,0.0,False,False,False,False,length_below_openberg_minimum
900,2018-06-19,-65.6647,123.2726,ASCAT,0.0,0.0,False,False,False,False,length_below_openberg_minimum
901,2018-06-20,-65.6932,123.2365,ASCAT,0.0,0.0,False,False,False,False,length_below_openberg_minimum
902,2018-06-21,-65.6932,123.2365,ASCAT,0.0,0.0,False,False,False,False,length_below_openberg_minimum
903,2018-06-22,-65.6932,123.2365,ASCAT,14816.0,7408.0,False,False,False,False,length_exceeds_openberg_maximum
904,2018-06-23,-65.6932,123.2365,ASCAT,0.0,0.0,False,False,False,False,length_below_openberg_minimum
905,2018-06-24,-65.6932,123.2365,ASCAT,0.0,0.0,False,False,False,False,length_below_openberg_minimum
906,2018-06-25,-65.6932,123.2365,ASCAT,0.0,0.0,False,False,False,False,length_below_openberg_minimum
907,2018-06-26,-65.6932,123.2365,ASCAT,0.0,0.0,False,False,False,False,length_below_openberg_minimum
908,2018-06-27,-65.6932,123.2365,ASCAT,0.0,0.0,False,False,False,False,length_below_openberg_minimum
909,2018-06-28,-65.6932,123.2365,ASCAT,0.0,0.0,False,False,False,False,length_below_openberg_minimum
910,2018-06-29,-65.6932,123.2365,ASCAT,0.0,0.0,False,False,False,False,length_below_openberg_minimum
911,2018-06-30,-65.6932,123.2365,ASCAT,0.0,0.0,False,False,False,False,length_below_openberg_minimum
912,2018-07-01,-65.6932,123.2365,ASCAT,0.0,0.0,False,False,False,False,length_below_openberg_minimum
913,2018-07-02,-65.6932,123.2365,ASCAT,0.0,0.0,False,False,False,False,length_below_openberg_minimum
914,2018-07-03,-65.6932,123.2365,ASCAT,0.0,0.0,False,False,False,False,length_below_openberg_minimum
915,2018-07-04,-65.7346,123.2441,ASCAT,0.0,0.0,False,False,False,False,length_below_openberg_minimum
916,2018-07-05,-65.7346,123.2441,ASCAT,0.0,0.0,False,False,False,False,length_below_openberg_minimum
917,2018-07-06,-65.7346,123.2441,ASCAT,14816.0,7408.0,False,False,False,False,length_exceeds_openberg_maximum
918,2018-07-07,-65.7346,123.2441,ASCAT,0.0,0.0,False,False,False,False,length_below_openberg_minimum
919,2018-07-08,-65.69,123.19,NIC,0.0,0.0,False,False,False,False,length_below_openberg_minimum
920,2018-07-09,-65.69,123.19,NIC,0.0,0.0,False,False,False,False,length_below_openberg_minimum
921,2018-07-10,-65.69,123.19,NIC,0.0,0.0,False,False,False,False,length_below_openberg_minimum
922,2018-07-11,-65.69,123.19,NIC,0.0,0.0,False,False,False,False,length_below_openberg_minimum
923,2018-07-12,-65.69,123.19,NIC,0.0,0.0,False,False,False,False,length_below_openberg_minimum
924,2018-07-13,-65.69,123.19,NIC,14816.0,7408.0,False,False,False,False,length_exceeds_openberg_maximum
926,2018-07-20,-65.7347,123.2204,ASCAT,0.0,0.0,False,False,False,False,length_below_openberg_minimum
927,2018-07-21,-65.7347,123.2204,ASCAT,0.0,0.0,False,False,False,False,length_below_openberg_minimum
928,2018-07-22,-65.7347,123.2204,ASCAT,0.0,0.0,False,False,False,False,length_below_openberg_minimum
929,2018-07-23,-65.7347,123.2204,ASCAT,0.0,0.0,False,False,False,False,length_below_openberg_minimum
930,2018-07-24,-65.7347,123.2204,ASCAT,0.0,0.0,False,False,False,False,length_below_openberg_minimum
931,2018-07-25,-65.7347,123.2204,ASCAT,0.0,0.0,False,False,False,False,length_below_openberg_minimum
932,2018-07-26,-65.7347,123.2204,ASCAT,0.0,0.0,False,False,False,False,length_below_openberg_minimum
933,2018-07-27,-65.69,123.19,NIC,14816.0,7408.0,False,False,False,False,length_exceeds_openberg_maximum
934,2018-07-28,-65.69,123.19,NIC,0.0,0.0,False,False,False,False,length_below_openberg_minimum
935,2018-07-29,-65.69,123.19,NIC,0.0,0.0,False,False,False,False,length_below_openberg_minimum
936,2018-07-30,-65.69,123.19,NIC,0.0,0.0,False,False,False,False,length_below_openberg_minimum
937,2018-07-31,-65.69,123.19,NIC,0.0,0.0,False,False,False,False,length_below_openberg_minimum
938,2018-08-01,-65.69,123.19,NIC,0.0,0.0,False,False,False,False,length_below_openberg_minimum
939,2018-08-02,-65.69,123.19,NIC,0.0,0.0,False,False,False,False,length_below_openberg_minimum
940,2018-08-03,-65.69,123.19,NIC,14816.0,7408.0,False,False,False,False,length_exceeds_openberg_maximum
941,2018-08-04,-65.69,123.19,NIC,0.0,0.0,False,False,False,False,length_below_openberg_minimum
942,2018-08-05,-65.69,123.19,NIC,0.0,0.0,False,False,False,False,length_below_openberg_minimum
943,2018-08-06,-65.69,123.19,NIC,0.0,0.0,False,False,False,False,length_below_openberg_minimum
944,2018-08-07,-65.69,123.19,NIC,0.0,0.0,False,False,False,False,length_below_openberg_minimum
945,2018-08-08,-65.69,123.19,NIC,0.0,0.0,False,False,False,False,length_below_openberg_minimum
946,2018-08-09,-65.69,123.19,NIC,0.0,0.0,False,False,False,False,length_below_openberg_minimum
947,2018-08-10,-65.69,123.19,NIC,14816.0,7408.0,False,False,False,False,length_exceeds_openberg_maximum
948,2018-08-11,-65.6917,123.3428,ASCAT,0.0,0.0,False,False,False,False,length_below_openberg_minimum
949,2018-08-12,-65.69,123.19,NIC,0.0,0.0,False,False,False,False,length_below_openberg_minimum
950,2018-08-13,-65.69,123.19,NIC,0.0,0.0,False,False,False,False,length_below_openberg_minimum
951,2018-08-14,-65.69,123.19,NIC,0.0,0.0,False,False,False,False,length_below_openberg_minimum
952,2018-08-15,-65.69,123.19,NIC,0.0,0.0,False,False,False,False,length_below_openberg_minimum
953,2018-08-16,-65.69,123.19,NIC,0.0,0.0,False,False,False,False,length_below_openberg_minimum
954,2018-08-17,-65.69,123.19,NIC,14816.0,7408.0,False,False,False,False,length_exceeds_openberg_maximum
955,2018-08-18,-65.6898,123.1898,NIC,0.0,0.0,False,False,False,False,length_below_openberg_minimum
956,2018-08-19,-65.6892,123.1892,NIC,0.0,0.0,False,False,False,False,length_below_openberg_minimum
957,2018-08-20,-65.6882,123.1882,NIC,0.0,0.0,False,False,False,False,length_below_openberg_minimum
958,2018-08-21,-65.6867,123.1867,NIC,0.0,0.0,False,False,False,False,length_below_openberg_minimum
959,2018-08-22,-65.6849,123.1849,NIC,0.0,0.0,False,False,False,False,length_below_openberg_minimum
960,2018-08-23,-65.6827,123.1827,NIC,0.0,0.0,False,False,False,False,length_below_openberg_minimum
961,2018-08-24,-65.68,123.18,NIC,14816.0,7408.0,False,False,False,False,length_exceeds_openberg_maximum
962,2018-08-25,-65.69,123.3952,ASCAT,0.0,0.0,False,False,False,False,length_below_openberg_minimum
963,2018-08-26,-65.7223,123.0586,ASCAT,0.0,0.0,False,False,False,False,length_below_openberg_minimum
964,2018-08-27,-65.75,123.3206,ASCAT,0.0,0.0,False,False,False,False,length_below_openberg_minimum
965,2018-08-28,-65.75,123.3206,ASCAT,0.0,0.0,False,False,False,False,length_below_openberg_minimum
966,2018-08-29,-65.6647,123.2726,ASCAT,0.0,0.0,False,False,False,False,length_below_openberg_minimum
967,2018-08-30,-65.6647,123.2726,ASCAT,0.0,0.0,False,False,False,False,length_below_openberg_minimum
968,2018-08-31,-65.6647,123.2726,ASCAT,14816.0,7408.0,False,False,False,False,length_exceeds_openberg_maximum
969,2018-09-01,-65.6647,123.2726,ASCAT,0.0,0.0,False,False,False,False,length_below_openberg_minimum
970,2018-09-02,-65.7255,123.2924,ASCAT,0.0,0.0,False,False,False,False,length_below_openberg_minimum
971,2018-09-03,-65.6978,123.0574,ASCAT,0.0,0.0,False,False,False,False,length_below_openberg_minimum
972,2018-09-04,-65.7562,123.1477,ASCAT,0.0,0.0,False,False,False,False,length_below_openberg_minimum
973,2018-09-05,-65.7761,123.3211,ASCAT,0.0,0.0,False,False,False,False,length_below_openberg_minimum
974,2018-09-06,-65.7761,123.3211,ASCAT,0.0,0.0,False,False,False,False,length_below_openberg_minimum
975,2018-09-07,-65.7761,123.3211,ASCAT,14816.0,7408.0,False,False,False,False,length_exceeds_openberg_maximum
976,2018-09-08,-65.7761,123.3211,ASCAT,0.0,0.0,False,False,False,False,length_below_openberg_minimum
977,2018-09-09,-65.8889,123.1048,ASCAT,0.0,0.0,False,False,False,False,length_below_openberg_minimum
978,2018-09-10,-65.8302,123.2066,ASCAT,0.0,0.0,False,False,False,False,length_below_openberg_minimum
979,2018-09-11,-65.8144,123.1269,ASCAT,0.0,0.0,False,False,False,False,length_below_openberg_minimum
980,2018-09-12,-65.7509,122.9687,ASCAT,0.0,0.0,False,False,False,False,length_below_openberg_minimum
981,2018-09-13,-65.678,122.854,ASCAT,0.0,0.0,False,False,False,False,length_below_openberg_minimum
982,2018-09-14,-65.704,122.698,ASCAT,14816.0,7408.0,False,False,False,False,length_exceeds_openberg_maximum
983,2018-09-15,-65.704,122.698,ASCAT,0.0,0.0,False,False,False,False,length_below_openberg_minimum
984,2018-09-16,-65.704,122.698,ASCAT,0.0,0.0,False,False,False,False,length_below_openberg_minimum
985,2018-09-17,-65.7168,122.5754,ASCAT,0.0,0.0,False,False,False,False,length_below_openberg_minimum
986,2018-09-18,-65.7168,122.5754,ASCAT,0.0,0.0,False,False,False,False,length_below_openberg_minimum
987,2018-09-19,-65.7168,122.5754,ASCAT,0.0,0.0,False,False,False,False,length_below_openberg_minimum
988,2018-09-20,-65.7287,122.649,ASCAT,0.0,0.0,False,False,False,False,length_below_openberg_minimum
989,2018-09-21,-65.6891,122.6435,ASCAT,0.0,0.0,False,False,False,False,length_below_openberg_minimum
990,2018-09-22,-65.7268,122.6581,ASCAT,0.0,0.0,False,False,False,False,length_below_openberg_minimum
991,2018-09-23,-65.6654,122.7315,ASCAT,0.0,0.0,False,False,False,False,length_below_openberg_minimum
992,2018-09-24,-65.6654,122.7315,ASCAT,0.0,0.0,False,False,False,False,length_below_openberg_minimum
993,2018-09-25,-65.6654,122.7315,ASCAT,0.0,0.0,False,False,False,False,length_below_openberg_minimum
994,2018-09-26,-65.6654,122.7315,ASCAT,0.0,0.0,False,False,False,False,length_below_openberg_minimum
995,2018-09-27,-65.6654,122.7315,ASCAT,0.0,0.0,False,False,False,False,length_below_openberg_minimum
996,2018-09-28,-65.6837,122.524,ASCAT,14816.0,7408.0,False,False,False,False,length_exceeds_openberg_maximum
997,2018-09-29,-65.6837,122.524,ASCAT,0.0,0.0,False,False,False,False,length_below_openberg_minimum
998,2018-09-30,-65.6837,122.524,ASCAT,0.0,0.0,False,False,False,False,length_below_openberg_minimum
999,2018-10-01,-65.6837,122.524,ASCAT,0.0,0.0,False,False,False,False,length_below_openberg_minimum
1000,2018-10-02,-65.6837,122.524,ASCAT,0.0,0.0,False,False,False,False,length_below_openberg_minimum
1001,2018-10-03,-65.6837,122.524,ASCAT,0.0,0.0,False,False,False,False,length_below_openberg_minimum
1002,2018-10-04,-65.6837,122.524,ASCAT,0.0,0.0,False,False,False,False,length_below_openberg_minimum
1003,2018-10-05,-65.6837,122.524,ASCAT,14816.0,7408.0,False,False,False,False,length_exceeds_openberg_maximum
1004,2018-10-06,-65.6627,122.5649,ASCAT,0.0,0.0,False,False,False,False,length_below_openberg_minimum
1005,2018-10-07,-65.6627,122.5649,ASCAT,0.0,0.0,False,False,False,False,length_below_openberg_minimum
1006,2018-10-08,-65.6627,122.5649,ASCAT,0.0,0.0,False,False,False,False,length_below_openberg_minimum
1007,2018-10-09,-65.6627,122.5649,ASCAT,0.0,0.0,False,False,False,False,length_below_openberg_minimum
1008,2018-10-10,-65.6627,122.5649,ASCAT,0.0,0.0,False,False,False,False,length_below_openberg_minimum
1009,2018-10-11,-65.6627,122.5649,ASCAT,0.0,0.0,False,False,False,False,length_below_openberg_minimum
1010,2018-10-12,-65.6627,122.5649,ASCAT,0.0,0.0,False,False,False,False,length_below_openberg_minimum
1011,2018-10-13,-65.7209,122.5407,ASCAT,0.0,0.0,False,False,False,False,length_below_openberg_minimum
1012,2018-10-14,-65.7209,122.5407,ASCAT,0.0,0.0,False,False,False,False,length_below_openberg_minimum
1013,2018-10-15,-65.7209,122.5407,ASCAT,0.0,0.0,False,False,False,False,length_below_openberg_minimum
1014,2018-10-16,-65.7004,122.5337,ASCAT,0.0,0.0,False,False,False,False,length_below_openberg_minimum
1015,2018-10-17,-65.7004,122.5337,ASCAT,0.0,0.0,False,False,False,False,length_below_openberg_minimum
1016,2018-10-18,-65.7049,122.4039,ASCAT,0.0,0.0,False,False,False,False,length_below_openberg_minimum
1017,2018-10-19,-65.7049,122.4039,ASCAT,0.0,0.0,False,False,False,False,length_below_openberg_minimum
1018,2018-10-20,-65.6814,122.3912,ASCAT,0.0,0.0,False,False,False,False,length_below_openberg_minimum
1019,2018-10-21,-65.6785,122.3739,ASCAT,0.0,0.0,False,False,False,False,length_below_openberg_minimum
1020,2018-10-22,-65.6814,122.3912,ASCAT,0.0,0.0,False,False,False,False,length_below_openberg_minimum
1021,2018-10-23,-65.6814,122.3912,ASCAT,0.0,0.0,False,False,False,False,length_below_openberg_minimum
1022,2018-10-24,-65.6814,122.3912,ASCAT,0.0,0.0,False,False,False,False,length_below_openberg_minimum
1023,2018-10-25,-65.6814,122.3912,ASCAT,0.0,0.0,False,False,False,False,length_below_openberg_minimum
1024,2018-10-26,-65.6814,122.3912,ASCAT,14816.0,7408.0,False,False,False,False,length_exceeds_openberg_maximum
1025,2018-10-27,-65.6814,122.3912,ASCAT,0.0,0.0,False,False,False,False,length_below_openberg_minimum
1026,2018-10-28,-65.6814,122.3912,ASCAT,0.0,0.0,False,False,False,False,length_below_openberg_minimum
1027,2018-10-29,-65.6814,122.3912,ASCAT,0.0,0.0,False,False,False,False,length_below_openberg_minimum
1028,2018-10-30,-65.6814,122.3912,ASCAT,0.0,0.0,False,False,False,False,length_below_openberg_minimum
1029,2018-10-31,-65.6814,122.3912,ASCAT,0.0,0.0,False,False,False,False,length_below_openberg_minimum
1030,2018-11-01,-65.6814,122.3912,ASCAT,0.0,0.0,False,False,False,False,length_below_openberg_minimum
1031,2018-11-02,-65.6814,122.3912,ASCAT,14816.0,7408.0,False,False,False,False,length_exceeds_openberg_maximum
1032,2018-11-03,-65.6814,122.3912,ASCAT,0.0,0.0,False,False,False,False,length_below_openberg_minimum
1033,2018-11-04,-65.3989,122.1988,ASCAT,0.0,0.0,False,False,False,False,length_below_openberg_minimum
1034,2018-11-05,-65.3989,122.1988,ASCAT,0.0,0.0,False,False,False,False,length_below_openberg_minimum
1035,2018-11-06,-65.3989,122.1988,ASCAT,0.0,0.0,False,False,False,False,length_below_openberg_minimum
1036,2018-11-07,-65.3989,122.1988,ASCAT,0.0,0.0,False,False,False,False,length_below_openberg_minimum
1037,2018-11-08,-65.3989,122.1988,ASCAT,0.0,0.0,False,False,False,False,length_below_openberg_minimum
1038,2018-11-09,-65.39,122.1588,ASCAT,14816.0,7408.0,False,False,False,False,length_exceeds_openberg_maximum
1039,2018-11-10,-65.4023,122.1488,ASCAT,0.0,0.0,False,False,False,False,length_below_openberg_minimum
1040,2018-11-11,-65.4023,122.1488,ASCAT,0.0,0.0,False,False,False,False,length_below_openberg_minimum
1041,2018-11-12,-65.4023,122.1488,ASCAT,0.0,0.0,False,False,False,False,length_below_openberg_minimum
1042,2018-11-13,-65.4023,122.1488,ASCAT,0.0,0.0,False,False,False,False,length_below_openberg_minimum
1043,2018-11-14,-65.4023,122.1488,ASCAT,0.0,0.0,False,False,False,False,length_below_openberg_minimum
1044,2018-11-15,-65.4023,122.1488,ASCAT,0.0,0.0,False,False,False,False,length_below_openberg_minimum
1045,2018-11-16,-65.4057,122.0988,ASCAT,0.0,0.0,False,False,False,False,length_below_openberg_minimum
1046,2018-11-17,-65.4057,122.0988,ASCAT,0.0,0.0,False,False,False,False,length_below_openberg_minimum
1047,2018-11-18,-65.4057,122.0988,ASCAT,0.0,0.0,False,False,False,False,length_below_openberg_minimum
1048,2018-11-19,-65.4057,122.0988,ASCAT,0.0,0.0,False,False,False,False,length_below_openberg_minimum
1049,2018-11-20,-65.4057,122.0988,ASCAT,0.0,0.0,False,False,False,False,length_below_openberg_minimum
1050,2018-11-21,-65.4057,122.0988,ASCAT,0.0,0.0,False,False,False,False,length_below_openberg_minimum
1051,2018-11-22,-65.4057,122.0988,ASCAT,0.0,0.0,False,False,False,False,length_below_openberg_minimum
1052,2018-11-23,-65.4057,122.0988,ASCAT,14816.0,7408.0,False,False,False,False,length_exceeds_openberg_maximum
1053,2018-11-24,-65.4057,122.0988,ASCAT,0.0,0.0,False,False,False,False,length_below_openberg_minimum
1054,2018-11-25,-65.4057,122.0988,ASCAT,0.0,0.0,False,False,False,False,length_below_openberg_minimum
1055,2018-11-26,-65.4057,122.0988,ASCAT,0.0,0.0,False,False,False,False,length_below_openberg_minimum
1056,2018-11-27,-65.4057,122.0988,ASCAT,0.0,0.0,False,False,False,False,length_below_openberg_minimum
1057,2018-11-28,-65.4057,122.0988,ASCAT,0.0,0.0,False,False,False,False,length_below_openberg_minimum
1058,2018-11-29,-65.4057,122.0988,ASCAT,0.0,0.0,False,False,False,False,length_below_openberg_minimum
1059,2018-11-30,-65.4021,122.0383,ASCAT,0.0,0.0,False,False,False,False,length_below_openberg_minimum
1060,2018-12-01,-65.4021,122.0383,ASCAT,0.0,0.0,False,False,False,False,length_below_openberg_minimum
1061,2018-12-02,-65.4021,122.0383,ASCAT,0.0,0.0,False,False,False,False,length_below_openberg_minimum
1062,2018-12-03,-65.4021,122.0383,ASCAT,0.0,0.0,False,False,False,False,length_below_openberg_minimum
1063,2018-12-04,-65.4021,122.0383,ASCAT,0.0,0.0,False,False,False,False,length_below_openberg_minimum
1064,2018-12-05,-65.4021,122.0383,ASCAT,0.0,0.0,False,False,False,False,length_below_openberg_minimum
1065,2018-12-06,-65.4021,122.0383,ASCAT,0.0,0.0,False,False,False,False,length_below_openberg_minimum
1066,2018-12-07,-65.4021,122.0383,ASCAT,0.0,0.0,False,False,False,False,length_below_openberg_minimum
1067,2018-12-08,-65.4021,122.0383,ASCAT,0.0,0.0,False,False,False,False,length_below_openberg_minimum
1068,2018-12-09,-65.4021,122.0383,ASCAT,0.0,0.0,False,False,False,False,length_below_openberg_minimum
1069,2018-12-10,-65.3814,122.0886,ASCAT,0.0,0.0,False,False,False,False,length_below_openberg_minimum
1070,2018-12-11,-65.3814,122.0886,ASCAT,0.0,0.0,False,False,False,False,length_below_openberg_minimum
1071,2018-12-12,-65.3814,122.0886,ASCAT,0.0,0.0,False,False,False,False,length_below_openberg_minimum
1072,2018-12-13,-65.3814,122.0886,ASCAT,0.0,0.0,False,False,False,False,length_below_openberg_minimum
1073,2018-12-14,-65.3814,122.0886,ASCAT,14816.0,7408.0,False,False,False,False,length_exceeds_openberg_maximum
1074,2018-12-15,-65.3814,122.0886,ASCAT,0.0,0.0,False,False,False,False,length_below_openberg_minimum
1075,2018-12-16,-65.3814,122.0886,ASCAT,0.0,0.0,False,False,False,False,length_below_openberg_minimum
1076,2018-12-17,-65.3814,122.0886,ASCAT,0.0,0.0,False,False,False,False,length_below_openberg_minimum
1077,2018-12-18,-65.3814,122.0886,ASCAT,0.0,0.0,False,False,False,False,length_below_openberg_minimum
1078,2018-12-19,-65.3814,122.0886,ASCAT,0.0,0.0,False,False,False,False,length_below_openberg_minimum
1079,2018-12-20,-65.3814,122.0886,ASCAT,0.0,0.0,False,False,False,False,length_below_openberg_minimum
1080,2018-12-21,-65.3814,122.0886,ASCAT,14816.0,7408.0,False,False,False,False,length_exceeds_openberg_maximum
1081,2018-12-22,-65.3814,122.0886,ASCAT,0.0,0.0,False,False,False,False,length_below_openberg_minimum
1082,2018-12-23,-65.3814,122.0886,ASCAT,0.0,0.0,False,False,False,False,length_below_openberg_minimum
1083,2018-12-24,-65.3814,122.0886,ASCAT,0.0,0.0,False,False,False,False,length_below_openberg_minimum
1084,2018-12-25,-65.3814,122.0886,ASCAT,0.0,0.0,False,False,False,False,length_below_openberg_minimum
1085,2018-12-26,-65.3814,122.0886,ASCAT,0.0,0.0,False,False,False,False,length_below_openberg_minimum
1086,2018-12-27,-65.3814,122.0886,ASCAT,0.0,0.0,False,False,False,False,length_below_openberg_minimum
1087,2018-12-28,-65.3814,122.0886,ASCAT,14816.0,7408.0,False,False,False,False,length_exceeds_openberg_maximum
1088,2018-12-29,-65.3814,122.0886,ASCAT,0.0,0.0,False,False,False,False,length_below_openberg_minimum
1089,2018-12-30,-65.3586,121.3164,ASCAT,0.0,0.0,False,False,False,False,length_below_openberg_minimum
1090,2018-12-31,-65.3586,121.3164,ASCAT,0.0,0.0,False,False,False,False,length_below_openberg_minimum
1091,2019-01-01,-65.3341,121.2565,ASCAT,0.0,0.0,False,False,False,False,length_below_openberg_minimum
1092,2019-01-02,-65.3087,121.1943,ASCAT,0.0,0.0,False,False,False,False,length_below_openberg_minimum
1093,2019-01-03,-65.2963,121.1641,ASCAT,0.0,0.0,False,False,False,False,length_below_openberg_minimum
1094,2019-01-04,-65.4365,121.2248,ASCAT,14816.0,7408.0,False,False,False,False,length_exceeds_openberg_maximum
1095,2019-01-05,-65.431,121.1926,ASCAT,0.0,0.0,False,False,False,False,length_below_openberg_minimum
1096,2019-01-06,-65.4214,121.1787,ASCAT,0.0,0.0,False,False,False,False,length_below_openberg_minimum
1097,2019-01-07,-65.4214,121.1787,ASCAT,0.0,0.0,False,False,False,False,length_below_openberg_minimum
1098,2019-01-08,-65.4214,121.1787,ASCAT,0.0,0.0,False,False,False,False,length_below_openberg_minimum
1099,2019-01-09,-65.4214,121.1787,ASCAT,0.0,0.0,False,False,False,False,length_below_openberg_minimum
1100,2019-01-10,-65.4214,121.1787,ASCAT,0.0,0.0,False,False,False,False,length_below_openberg_minimum
1101,2019-01-11,-65.4214,121.1787,ASCAT,14816.0,7408.0,False,False,False,False,length_exceeds_openberg_maximum
1102,2019-01-12,-65.4214,121.1787,ASCAT,0.0,0.0,False,False,False,False,length_below_openberg_minimum
1103,2019-01-13,-65.7881,120.8935,ASCAT,0.0,0.0,False,False,False,False,length_below_openberg_minimum
1104,2019-01-14,-65.7802,120.8959,ASCAT,0.0,0.0,False,False,False,False,length_below_openberg_minimum
1105,2019-01-15,-65.7838,120.8727,ASCAT,0.0,0.0,False,False,False,False,length_below_openberg_minimum
1106,2019-01-16,-65.7838,120.8727,ASCAT,0.0,0.0,False,False,False,False,length_below_openberg_minimum
1107,2019-01-17,-65.7838,120.8727,ASCAT,0.0,0.0,False,False,False,False,length_below_openberg_minimum
1108,2019-01-18,-65.7838,120.8727,ASCAT,14816.0,7408.0,False,False,False,False,length_exceeds_openberg_maximum
1109,2019-01-19,-65.7838,120.8727,ASCAT,0.0,0.0,False,False,False,False,length_below_openberg_minimum
1110,2019-01-20,-65.8018,120.3039,ASCAT,0.0,0.0,False,False,False,False,length_below_openberg_minimum
1111,2019-01-21,-65.8017,120.2872,ASCAT,0.0,0.0,False,False,False,False,length_below_openberg_minimum
1112,2019-01-22,-65.8017,120.2872,ASCAT,0.0,0.0,False,False,False,False,length_below_openberg_minimum
1113,2019-01-23,-65.8017,120.2872,ASCAT,0.0,0.0,False,False,False,False,length_below_openberg_minimum
1114,2019-01-24,-65.8017,120.2872,ASCAT,0.0,0.0,False,False,False,False,length_below_openberg_minimum
1115,2019-01-25,-65.8017,120.2872,ASCAT,0.0,0.0,False,False,False,False,length_below_openberg_minimum
1116,2019-01-26,-65.8017,120.2872,ASCAT,0.0,0.0,False,False,False,False,length_below_openberg_minimum
1117,2019-01-27,-66.286,120.5871,ASCAT,0.0,0.0,False,False,False,False,length_below_openberg_minimum
1118,2019-01-28,-66.2842,120.5615,ASCAT,0.0,0.0,False,False,False,False,length_below_openberg_minimum
1119,2019-01-29,-66.2889,120.5416,ASCAT,0.0,0.0,False,False,False,False,length_below_openberg_minimum
1120,2019-01-30,-66.2889,120.5416,ASCAT,0.0,0.0,False,False,False,False,length_below_openberg_minimum
1121,2019-01-31,-66.2889,120.5416,ASCAT,0.0,0.0,False,False,False,False,length_below_openberg_minimum
1122,2019-02-01,-66.2889,120.5416,ASCAT,14816.0,7408.0,False,False,False,False,length_exceeds_openberg_maximum
1123,2019-02-02,-66.2889,120.5416,ASCAT,0.0,0.0,False,False,False,False,length_below_openberg_minimum
1124,2019-02-03,-66.2048,120.026,NIC,0.0,0.0,False,False,False,False,length_below_openberg_minimum
1125,2019-02-04,-66.1984,120.0121,NIC,0.0,0.0,False,False,False,False,length_below_openberg_minimum
1126,2019-02-05,-66.1915,119.9997,NIC,0.0,0.0,False,False,False,False,length_below_openberg_minimum
1127,2019-02-06,-66.184,119.9867,NIC,0.0,0.0,False,False,False,False,length_below_openberg_minimum
1128,2019-02-07,-66.1758,119.9708,NIC,0.0,0.0,False,False,False,False,length_below_openberg_minimum
1129,2019-02-08,-66.1667,119.95,NIC,14816.0,7408.0,False,False,False,False,length_exceeds_openberg_maximum
1130,2019-02-09,-66.1567,119.9225,NIC,0.0,0.0,False,False,False,False,length_below_openberg_minimum
1131,2019-02-10,-66.1455,119.8887,NIC,0.0,0.0,False,False,False,False,length_below_openberg_minimum
1132,2019-02-11,-66.133,119.8492,NIC,0.0,0.0,False,False,False,False,length_below_openberg_minimum
1133,2019-02-12,-66.1191,119.8048,NIC,0.0,0.0,False,False,False,False,length_below_openberg_minimum
1134,2019-02-13,-66.1035,119.7563,NIC,0.0,0.0,False,False,False,False,length_below_openberg_minimum
1135,2019-02-14,-66.0861,119.7044,NIC,0.0,0.0,False,False,False,False,length_below_openberg_minimum
1136,2019-02-15,-66.0667,119.65,NIC,14816.0,7408.0,False,False,False,False,length_exceeds_openberg_maximum
1137,2019-02-16,-66.0379,119.5788,NIC,0.0,0.0,False,False,False,False,length_below_openberg_minimum
1138,2019-02-17,-65.9963,119.4844,NIC,0.0,0.0,False,False,False,False,length_below_openberg_minimum
1139,2019-02-18,-65.9483,119.3792,NIC,0.0,0.0,False,False,False,False,length_below_openberg_minimum
1140,2019-02-19,-65.9001,119.2757,NIC,0.0,0.0,False,False,False,False,length_below_openberg_minimum
1141,2019-02-20,-65.8579,119.1864,NIC,0.0,0.0,False,False,False,False,length_below_openberg_minimum
1142,2019-02-21,-65.828,119.1237,NIC,0.0,0.0,False,False,False,False,length_below_openberg_minimum
1143,2019-02-22,-65.8167,119.1,NIC,14816.0,7408.0,False,False,False,False,length_exceeds_openberg_maximum
1144,2019-02-23,-65.8167,119.1,NIC,0.0,0.0,False,False,False,False,length_below_openberg_minimum
1145,2019-02-24,-65.8167,119.1,NIC,0.0,0.0,False,False,False,False,length_below_openberg_minimum
1146,2019-02-25,-65.8167,119.1,NIC,0.0,0.0,False,False,False,False,length_below_openberg_minimum
1147,2019-02-26,-65.8167,119.1,NIC,0.0,0.0,False,False,False,False,length_below_openberg_minimum
1148,2019-02-27,-65.8167,119.1,NIC,0.0,0.0,False,False,False,False,length_below_openberg_minimum
1149,2019-02-28,-65.8167,119.1,NIC,0.0,0.0,False,False,False,False,length_below_openberg_minimum
1150,2019-03-01,-65.8167,119.1,NIC,14816.0,7408.0,False,False,False,False,length_exceeds_openberg_maximum
1151,2019-03-02,-65.808,119.05,NIC,0.0,0.0,False,False,False,False,length_below_openberg_minimum
1152,2019-03-03,-65.7841,118.9139,NIC,0.0,0.0,False,False,False,False,length_below_openberg_minimum
1153,2019-03-04,-65.7482,118.7123,NIC,0.0,0.0,False,False,False,False,length_below_openberg_minimum
1154,2019-03-05,-65.7036,118.4661,NIC,0.0,0.0,False,False,False,False,length_below_openberg_minimum
1155,2019-03-06,-65.6536,118.196,NIC,0.0,0.0,False,False,False,False,length_below_openberg_minimum
1156,2019-03-07,-65.6013,117.9226,NIC,0.0,0.0,False,False,False,False,length_below_openberg_minimum
1157,2019-03-08,-65.55,117.6667,NIC,14816.0,7408.0,False,False,False,False,length_exceeds_openberg_maximum
1158,2019-03-09,-65.4895,117.3916,NIC,0.0,0.0,False,False,False,False,length_below_openberg_minimum
1159,2019-03-10,-65.4124,117.0653,NIC,0.0,0.0,False,False,False,False,length_below_openberg_minimum
1160,2019-03-11,-65.3266,116.7153,NIC,0.0,0.0,False,False,False,False,length_below_openberg_minimum
1161,2019-03-12,-65.2397,116.3695,NIC,0.0,0.0,False,False,False,False,length_below_openberg_minimum
1162,2019-03-13,-65.1595,116.0554,NIC,0.0,0.0,False,False,False,False,length_below_openberg_minimum
1163,2019-03-14,-65.0937,115.8008,NIC,0.0,0.0,False,False,False,False,length_below_openberg_minimum
1164,2019-03-15,-65.05,115.6333,NIC,0.0,0.0,False,False,False,False,length_below_openberg_minimum
1165,2019-03-16,-65.0205,115.5214,NIC,0.0,0.0,False,False,False,False,length_below_openberg_minimum
1166,2019-03-17,-64.9929,115.4172,NIC,0.0,0.0,False,False,False,False,length_below_openberg_minimum
1167,2019-03-18,-64.9681,115.3242,NIC,0.0,0.0,False,False,False,False,length_below_openberg_minimum
1168,2019-03-19,-64.9471,115.2459,NIC,0.0,0.0,False,False,False,False,length_below_openberg_minimum
1169,2019-03-20,-64.9309,115.1856,NIC,0.0,0.0,False,False,False,False,length_below_openberg_minimum
1170,2019-03-21,-64.9204,115.147,NIC,0.0,0.0,False,False,False,False,length_below_openberg_minimum
1171,2019-03-22,-64.9167,115.1333,NIC,14816.0,7408.0,False,False,False,False,length_exceeds_openberg_maximum
1172,2019-03-23,-64.9196,115.1712,NIC,0.0,0.0,False,False,False,False,length_below_openberg_minimum
1173,2019-03-24,-64.9275,115.2688,NIC,0.0,0.0,False,False,False,False,length_below_openberg_minimum
1174,2019-03-25,-64.9393,115.4023,NIC,0.0,0.0,False,False,False,False,length_below_openberg_minimum
1175,2019-03-26,-64.9536,115.5477,NIC,0.0,0.0,False,False,False,False,length_below_openberg_minimum
1176,2019-03-27,-64.9693,115.6812,NIC,0.0,0.0,False,False,False,False,length_below_openberg_minimum
1177,2019-03-28,-64.9852,115.7788,NIC,0.0,0.0,False,False,False,False,length_below_openberg_minimum
1178,2019-03-29,-65.0,115.8167,NIC,14816.0,7408.0,False,False,False,False,length_exceeds_openberg_maximum
1179,2019-03-30,-65.0138,115.7164,NIC,0.0,0.0,False,False,False,False,length_below_openberg_minimum
1180,2019-03-31,-65.0278,115.4452,NIC,0.0,0.0,False,False,False,False,length_below_openberg_minimum
1181,2019-04-01,-65.0425,115.0483,NIC,0.0,0.0,False,False,False,False,length_below_openberg_minimum
1182,2019-04-02,-65.0365,115.8585,ASCAT,0.0,0.0,False,False,False,False,length_below_openberg_minimum
1183,2019-04-03,-65.0756,114.0564,NIC,0.0,0.0,False,False,False,False,length_below_openberg_minimum
1184,2019-04-04,-65.0949,113.5513,NIC,0.0,0.0,False,False,False,False,length_below_openberg_minimum
1185,2019-04-05,-65.1167,113.1,NIC,14816.0,7408.0,False,False,False,False,length_exceeds_openberg_maximum
1186,2019-04-06,-65.1425,112.6558,NIC,0.0,0.0,False,False,False,False,length_below_openberg_minimum
1187,2019-04-07,-65.1732,112.1629,NIC,0.0,0.0,False,False,False,False,length_below_openberg_minimum
1188,2019-04-08,-65.2083,111.6528,NIC,0.0,0.0,False,False,False,False,length_below_openberg_minimum
1189,2019-04-09,-65.2473,111.1568,NIC,0.0,0.0,False,False,False,False,length_below_openberg_minimum
1190,2019-04-10,-65.2898,110.7062,NIC,0.0,0.0,False,False,False,False,length_below_openberg_minimum
1191,2019-04-11,-65.3353,110.3324,NIC,0.0,0.0,False,False,False,False,length_below_openberg_minimum
1192,2019-04-12,-65.3833,110.0667,NIC,14816.0,7408.0,False,False,False,False,length_exceeds_openberg_maximum
1193,2019-04-13,-65.4364,109.8682,NIC,0.0,0.0,False,False,False,False,length_below_openberg_minimum
1194,2019-04-14,-65.4969,109.6797,NIC,0.0,0.0,False,False,False,False,length_below_openberg_minimum
1195,2019-04-15,-65.5635,109.5089,NIC,0.0,0.0,False,False,False,False,length_below_openberg_minimum
1196,2019-04-16,-65.6349,109.363,NIC,0.0,0.0,False,False,False,False,length_below_openberg_minimum
1197,2019-04-17,-65.837,108.5468,ASCAT,0.0,0.0,False,False,False,False,length_below_openberg_minimum
1198,2019-04-18,-65.837,108.5468,ASCAT,0.0,0.0,False,False,False,False,length_below_openberg_minimum
1199,2019-04-19,-65.8964,109.1698,ASCAT,14816.0,7408.0,False,False,False,False,length_exceeds_openberg_maximum
1200,2019-04-20,-65.9468,109.7494,ASCAT,0.0,0.0,False,False,False,False,length_below_openberg_minimum
1201,2019-04-21,-65.9468,109.7494,ASCAT,0.0,0.0,False,False,False,False,length_below_openberg_minimum
1202,2019-04-22,-66.2075,109.9643,ASCAT,0.0,0.0,False,False,False,False,length_below_openberg_minimum
1203,2019-04-23,-66.2075,109.9643,ASCAT,0.0,0.0,False,False,False,False,length_below_openberg_minimum
1204,2019-04-24,-66.5101,109.0822,ASCAT,0.0,0.0,False,False,False,False,length_below_openberg_minimum
1205,2019-04-25,-66.5101,109.0822,ASCAT,0.0,0.0,False,False,False,False,length_below_openberg_minimum
1206,2019-04-26,-66.5812,109.8928,ASCAT,14816.0,7408.0,False,False,False,False,length_exceeds_openberg_maximum
1207,2019-04-27,-66.5579,108.7941,ASCAT,0.0,0.0,False,False,False,False,length_below_openberg_minimum
1208,2019-04-28,-66.5695,108.7261,ASCAT,0.0,0.0,False,False,False,False,length_below_openberg_minimum
1209,2019-04-29,-66.5695,108.7261,ASCAT,0.0,0.0,False,False,False,False,length_below_openberg_minimum
1210,2019-04-30,-66.5116,108.7867,ASCAT,0.0,0.0,False,False,False,False,length_below_openberg_minimum
1211,2019-05-01,-66.2883,108.0042,ASCAT,0.0,0.0,False,False,False,False,length_below_openberg_minimum
1212,2019-05-02,-66.2367,107.8021,ASCAT,0.0,0.0,False,False,False,False,length_below_openberg_minimum
1213,2019-05-03,-65.939,107.1677,ASCAT,14816.0,7408.0,False,False,False,False,length_exceeds_openberg_maximum
1214,2019-05-04,-65.939,107.1677,ASCAT,0.0,0.0,False,False,False,False,length_below_openberg_minimum
1215,2019-05-05,-65.8529,106.6273,ASCAT,0.0,0.0,False,False,False,False,length_below_openberg_minimum
1216,2019-05-06,-65.7928,106.6971,ASCAT,0.0,0.0,False,False,False,False,length_below_openberg_minimum
1217,2019-05-07,-65.7928,106.6971,ASCAT,0.0,0.0,False,False,False,False,length_below_openberg_minimum
1218,2019-05-08,-65.731,106.6539,ASCAT,0.0,0.0,False,False,False,False,length_below_openberg_minimum
1219,2019-05-09,-65.6478,106.5223,ASCAT,0.0,0.0,False,False,False,False,length_below_openberg_minimum
1220,2019-05-10,-65.5307,106.2428,ASCAT,14816.0,7408.0,False,False,False,False,length_exceeds_openberg_maximum
1221,2019-05-11,-65.5307,106.2428,ASCAT,0.0,0.0,False,False,False,False,length_below_openberg_minimum
1222,2019-05-12,-65.5307,106.2428,ASCAT,0.0,0.0,False,False,False,False,length_below_openberg_minimum
1223,2019-05-13,-65.4785,106.106,ASCAT,0.0,0.0,False,False,False,False,length_below_openberg_minimum
1224,2019-05-14,-65.3718,105.9343,ASCAT,0.0,0.0,False,False,False,False,length_below_openberg_minimum
1225,2019-05-15,-65.3718,105.9343,ASCAT,0.0,0.0,False,False,False,False,length_below_openberg_minimum
1226,2019-05-16,-65.3718,105.9343,ASCAT,0.0,0.0,False,False,False,False,length_below_openberg_minimum
1227,2019-05-17,-65.3331,105.882,ASCAT,14816.0,7408.0,False,False,False,False,length_exceeds_openberg_maximum
1228,2019-05-18,-65.3331,105.882,ASCAT,0.0,0.0,False,False,False,False,length_below_openberg_minimum
1229,2019-05-19,-65.3331,105.882,ASCAT,0.0,0.0,False,False,False,False,length_below_openberg_minimum
1230,2019-05-20,-65.3331,105.882,ASCAT,0.0,0.0,False,False,False,False,length_below_openberg_minimum
1231,2019-05-21,-65.3331,105.882,ASCAT,0.0,0.0,False,False,False,False,length_below_openberg_minimum
1232,2019-05-22,-65.3331,105.882,ASCAT,0.0,0.0,False,False,False,False,length_below_openberg_minimum
1233,2019-05-23,-65.3331,105.882,ASCAT,0.0,0.0,False,False,False,False,length_below_openberg_minimum
1234,2019-05-24,-65.3331,105.882,ASCAT,14816.0,7408.0,False,False,False,False,length_exceeds_openberg_maximum
1235,2019-05-25,-65.3331,105.882,ASCAT,0.0,0.0,False,False,False,False,length_below_openberg_minimum
1236,2019-05-26,-65.3331,105.882,ASCAT,0.0,0.0,False,False,False,False,length_below_openberg_minimum
1237,2019-05-27,-65.3331,105.882,ASCAT,0.0,0.0,False,False,False,False,length_below_openberg_minimum
1238,2019-05-28,-65.3331,105.882,ASCAT,0.0,0.0,False,False,False,False,length_below_openberg_minimum
1239,2019-05-29,-65.3331,105.882,ASCAT,0.0,0.0,False,False,False,False,length_below_openberg_minimum
1240,2019-05-30,-65.3331,105.882,ASCAT,0.0,0.0,False,False,False,False,length_below_openberg_minimum
1241,2019-05-31,-65.3331,105.882,ASCAT,14816.0,7408.0,False,False,False,False,length_exceeds_openberg_maximum
1242,2019-06-01,-65.3331,105.882,ASCAT,0.0,0.0,False,False,False,False,length_below_openberg_minimum
1243,2019-06-02,-65.2337,105.8863,ASCAT,0.0,0.0,False,False,False,False,length_below_openberg_minimum
1244,2019-06-03,-65.0521,105.9299,ASCAT,0.0,0.0,False,False,False,False,length_below_openberg_minimum
1245,2019-06-04,-65.1207,105.6472,ASCAT,0.0,0.0,False,False,False,False,length_below_openberg_minimum
1246,2019-06-05,-65.1207,105.6472,ASCAT,0.0,0.0,False,False,False,False,length_below_openberg_minimum
1247,2019-06-06,-65.1207,105.6472,ASCAT,0.0,0.0,False,False,False,False,length_below_openberg_minimum
1248,2019-06-07,-65.0244,105.2002,ASCAT,14816.0,7408.0,False,False,False,False,length_exceeds_openberg_maximum
1249,2019-06-08,-64.9588,105.2164,ASCAT,0.0,0.0,False,False,False,False,length_below_openberg_minimum
1250,2019-06-09,-64.9588,105.2164,ASCAT,0.0,0.0,False,False,False,False,length_below_openberg_minimum
1251,2019-06-10,-64.9798,104.8821,ASCAT,0.0,0.0,False,False,False,False,length_below_openberg_minimum
1252,2019-06-11,-64.9425,104.5249,ASCAT,0.0,0.0,False,False,False,False,length_below_openberg_minimum
1253,2019-06-12,-64.9425,104.5249,ASCAT,0.0,0.0,False,False,False,False,length_below_openberg_minimum
1254,2019-06-13,-64.8721,104.4283,ASCAT,0.0,0.0,False,False,False,False,length_below_openberg_minimum
1255,2019-06-14,-64.913,104.2933,ASCAT,14816.0,7408.0,False,False,False,False,length_exceeds_openberg_maximum
1256,2019-06-15,-64.9538,104.0872,ASCAT,0.0,0.0,False,False,False,False,length_below_openberg_minimum
1257,2019-06-16,-64.9165,103.6285,ASCAT,0.0,0.0,False,False,False,False,length_below_openberg_minimum
1258,2019-06-17,-64.9146,103.0147,ASCAT,0.0,0.0,False,False,False,False,length_below_openberg_minimum
1259,2019-06-18,-64.8195,102.9046,ASCAT,0.0,0.0,False,False,False,False,length_below_openberg_minimum
1260,2019-06-19,-64.7348,102.3289,ASCAT,0.0,0.0,False,False,False,False,length_below_openberg_minimum
1261,2019-06-20,-64.7016,101.8649,ASCAT,0.0,0.0,False,False,False,False,length_below_openberg_minimum
1262,2019-06-21,-64.6053,101.7635,ASCAT,0.0,0.0,False,False,False,False,length_below_openberg_minimum
1263,2019-06-22,-64.5418,101.4821,ASCAT,0.0,0.0,False,False,False,False,length_below_openberg_minimum
1264,2019-06-23,-64.5418,101.4821,ASCAT,0.0,0.0,False,False,False,False,length_below_openberg_minimum
1265,2019-06-24,-64.4899,101.1572,ASCAT,0.0,0.0,False,False,False,False,length_below_openberg_minimum
1266,2019-06-25,-64.6355,101.0819,ASCAT,0.0,0.0,False,False,False,False,length_below_openberg_minimum
1267,2019-06-26,-64.6355,101.0819,ASCAT,0.0,0.0,False,False,False,False,length_below_openberg_minimum
1268,2019-06-27,-64.5394,100.9438,ASCAT,0.0,0.0,False,False,False,False,length_below_openberg_minimum
1269,2019-06-28,-64.5775,100.8682,ASCAT,14816.0,7408.0,False,False,False,False,length_exceeds_openberg_maximum
1270,2019-06-29,-64.5634,100.6082,NIC,0.0,0.0,False,False,False,False,length_below_openberg_minimum
1271,2019-06-30,-64.5436,100.3594,NIC,0.0,0.0,False,False,False,False,length_below_openberg_minimum
1272,2019-07-01,-64.5237,100.08,NIC,0.0,0.0,False,False,False,False,length_below_openberg_minimum
1273,2019-07-02,-64.5031,99.7797,NIC,0.0,0.0,False,False,False,False,length_below_openberg_minimum
1274,2019-07-03,-64.4814,99.4681,NIC,0.0,0.0,False,False,False,False,length_below_openberg_minimum
1275,2019-07-04,-64.4583,99.155,NIC,0.0,0.0,False,False,False,False,length_below_openberg_minimum
1276,2019-07-05,-64.4333,98.85,NIC,14816.0,7408.0,False,False,False,False,length_exceeds_openberg_maximum
1277,2019-07-06,-64.4012,98.5393,NIC,0.0,0.0,False,False,False,False,length_below_openberg_minimum
1278,2019-07-07,-64.3604,98.2096,NIC,0.0,0.0,False,False,False,False,length_below_openberg_minimum
1279,2019-07-08,-64.3159,97.8711,NIC,0.0,0.0,False,False,False,False,length_below_openberg_minimum
1280,2019-07-09,-64.2727,97.534,NIC,0.0,0.0,False,False,False,False,length_below_openberg_minimum
1281,2019-07-10,-64.2356,97.2086,NIC,0.0,0.0,False,False,False,False,length_below_openberg_minimum
1282,2019-07-11,-64.2097,96.9049,NIC,0.0,0.0,False,False,False,False,length_below_openberg_minimum
1283,2019-07-12,-64.2,96.6333,NIC,14816.0,7408.0,False,False,False,False,length_exceeds_openberg_maximum
1284,2019-07-13,-64.2065,96.3734,NIC,0.0,0.0,False,False,False,False,length_below_openberg_minimum
1285,2019-07-14,-64.2231,96.1072,NIC,0.0,0.0,False,False,False,False,length_below_openberg_minimum
1286,2019-07-15,-64.2459,95.8487,NIC,0.0,0.0,False,False,False,False,length_below_openberg_minimum
1287,2019-07-16,-64.2708,95.6115,NIC,0.0,0.0,False,False,False,False,length_below_openberg_minimum
1288,2019-07-17,-64.2936,95.4096,NIC,0.0,0.0,False,False,False,False,length_below_openberg_minimum
1289,2019-07-18,-64.3102,95.2567,NIC,0.0,0.0,False,False,False,False,length_below_openberg_minimum
1290,2019-07-19,-64.3167,95.1667,NIC,14816.0,7408.0,False,False,False,False,length_exceeds_openberg_maximum
1291,2019-07-20,-64.3038,95.1216,NIC,0.0,0.0,False,False,False,False,length_below_openberg_minimum
1292,2019-07-21,-64.2704,95.0903,NIC,0.0,0.0,False,False,False,False,length_below_openberg_minimum
1293,2019-07-22,-64.2248,95.0675,NIC,0.0,0.0,False,False,False,False,length_below_openberg_minimum
1294,2019-07-23,-64.1752,95.0475,NIC,0.0,0.0,False,False,False,False,length_below_openberg_minimum
1295,2019-07-24,-64.1296,95.025,NIC,0.0,0.0,False,False,False,False,length_below_openberg_minimum
1296,2019-07-25,-64.0962,94.9943,NIC,0.0,0.0,False,False,False,False,length_below_openberg_minimum
1297,2019-07-26,-64.0833,94.95,NIC,14816.0,7408.0,False,False,False,False,length_exceeds_openberg_maximum
1298,2019-07-27,-64.0964,94.8643,NIC,0.0,0.0,False,False,False,False,length_below_openberg_minimum
1299,2019-07-28,-64.1321,94.7226,NIC,0.0,0.0,False,False,False,False,length_below_openberg_minimum
1300,2019-07-29,-64.1845,94.5389,NIC,0.0,0.0,False,False,False,False,length_below_openberg_minimum
1301,2019-07-30,-64.2482,94.3274,NIC,0.0,0.0,False,False,False,False,length_below_openberg_minimum
1302,2019-07-31,-64.3174,94.1022,NIC,0.0,0.0,False,False,False,False,length_below_openberg_minimum
1303,2019-08-01,-64.3866,93.8772,NIC,0.0,0.0,False,False,False,False,length_below_openberg_minimum
1304,2019-08-02,-64.45,93.6667,NIC,14816.0,7408.0,False,False,False,False,length_exceeds_openberg_maximum
1305,2019-08-03,-64.5135,93.453,NIC,0.0,0.0,False,False,False,False,length_below_openberg_minimum
1306,2019-08-04,-64.5843,93.2174,NIC,0.0,0.0,False,False,False,False,length_below_openberg_minimum
1307,2019-08-05,-64.6585,92.9724,NIC,0.0,0.0,False,False,False,False,length_below_openberg_minimum
1308,2019-08-06,-64.7326,92.7307,NIC,0.0,0.0,False,False,False,False,length_below_openberg_minimum
1309,2019-08-07,-64.8028,92.5046,NIC,0.0,0.0,False,False,False,False,length_below_openberg_minimum
1310,2019-08-08,-64.8654,92.3069,NIC,0.0,0.0,False,False,False,False,length_below_openberg_minimum
1311,2019-08-09,-64.9167,92.15,NIC,14816.0,7408.0,False,False,False,False,length_exceeds_openberg_maximum
1312,2019-08-10,-64.9572,92.0346,NIC,0.0,0.0,False,False,False,False,length_below_openberg_minimum
1313,2019-08-11,-64.9914,91.9453,NIC,0.0,0.0,False,False,False,False,length_below_openberg_minimum
1314,2019-08-12,-65.0216,91.8705,NIC,0.0,0.0,False,False,False,False,length_below_openberg_minimum
1315,2019-08-13,-65.0502,91.7985,NIC,0.0,0.0,False,False,False,False,length_below_openberg_minimum
1316,2019-08-14,-65.0796,91.7177,NIC,0.0,0.0,False,False,False,False,length_below_openberg_minimum
1317,2019-08-15,-65.1121,91.6165,NIC,0.0,0.0,False,False,False,False,length_below_openberg_minimum
1318,2019-08-16,-65.15,91.4833,NIC,14816.0,7408.0,False,False,False,False,length_exceeds_openberg_maximum
1319,2019-08-17,-65.2017,91.2545,NIC,0.0,0.0,False,False,False,False,length_below_openberg_minimum
1320,2019-08-18,-65.2683,90.9021,NIC,0.0,0.0,False,False,False,False,length_below_openberg_minimum
1321,2019-08-19,-65.3415,90.468,NIC,0.0,0.0,False,False,False,False,length_below_openberg_minimum
1322,2019-08-20,-65.4129,89.9939,NIC,0.0,0.0,False,False,False,False,length_below_openberg_minimum
1323,2019-08-21,-65.4742,89.5217,NIC,0.0,0.0,False,False,False,False,length_below_openberg_minimum
1324,2019-08-22,-65.5171,89.0931,NIC,0.0,0.0,False,False,False,False,length_below_openberg_minimum
1325,2019-08-23,-65.5333,88.75,NIC,14816.0,7408.0,False,False,False,False,length_exceeds_openberg_maximum
1326,2019-08-24,-65.5315,88.4811,NIC,0.0,0.0,False,False,False,False,length_below_openberg_minimum
1327,2019-08-25,-65.5267,88.2412,NIC,0.0,0.0,False,False,False,False,length_below_openberg_minimum
1328,2019-08-26,-65.5202,88.0215,NIC,0.0,0.0,False,False,False,False,length_below_openberg_minimum
1329,2019-08-27,-65.5425,87.3865,ASCAT,0.0,0.0,False,False,False,False,length_below_openberg_minimum
1330,2019-08-28,-65.5066,87.6071,NIC,0.0,0.0,False,False,False,False,length_below_openberg_minimum
1331,2019-08-29,-65.5018,87.3946,NIC,0.0,0.0,False,False,False,False,length_below_openberg_minimum
1332,2019-08-30,-65.5,87.1667,NIC,14816.0,7408.0,False,False,False,False,length_exceeds_openberg_maximum
1333,2019-08-31,-65.5138,86.927,NIC,0.0,0.0,False,False,False,False,length_below_openberg_minimum
1334,2019-09-01,-65.5496,86.6845,NIC,0.0,0.0,False,False,False,False,length_below_openberg_minimum
1335,2019-09-02,-65.5984,86.4383,NIC,0.0,0.0,False,False,False,False,length_below_openberg_minimum
1336,2019-09-03,-65.6516,86.1876,NIC,0.0,0.0,False,False,False,False,length_below_openberg_minimum
1337,2019-09-04,-65.7004,85.9316,NIC,0.0,0.0,False,False,False,False,length_below_openberg_minimum
1338,2019-09-05,-65.7362,85.6693,NIC,0.0,0.0,False,False,False,False,length_below_openberg_minimum
1339,2019-09-06,-65.75,85.4,NIC,14816.0,7408.0,False,False,False,False,length_exceeds_openberg_maximum
1340,2019-09-07,-65.7459,85.1006,NIC,0.0,0.0,False,False,False,False,length_below_openberg_minimum
1341,2019-09-08,-65.7351,84.7638,NIC,0.0,0.0,False,False,False,False,length_below_openberg_minimum
1342,2019-09-09,-65.7201,84.4124,NIC,0.0,0.0,False,False,False,False,length_below_openberg_minimum
1343,2019-09-10,-65.7034,84.0692,NIC,0.0,0.0,False,False,False,False,length_below_openberg_minimum
1344,2019-09-11,-65.7335,83.5235,ASCAT,0.0,0.0,False,False,False,False,length_below_openberg_minimum
1345,2019-09-12,-65.7335,83.5235,ASCAT,0.0,0.0,False,False,False,False,length_below_openberg_minimum
1346,2019-09-13,-65.6408,83.3755,ASCAT,14816.0,7408.0,False,False,False,False,length_exceeds_openberg_maximum
1347,2019-09-14,-65.6408,83.3755,ASCAT,0.0,0.0,False,False,False,False,length_below_openberg_minimum
1348,2019-09-15,-65.6756,83.315,ASCAT,0.0,0.0,False,False,False,False,length_below_openberg_minimum
1349,2019-09-16,-65.6527,83.0626,ASCAT,0.0,0.0,False,False,False,False,length_below_openberg_minimum
1350,2019-09-17,-65.6527,83.0626,ASCAT,0.0,0.0,False,False,False,False,length_below_openberg_minimum
1351,2019-09-18,-65.6747,82.8386,ASCAT,0.0,0.0,False,False,False,False,length_below_openberg_minimum
1352,2019-09-19,-65.6747,82.8386,ASCAT,0.0,0.0,False,False,False,False,length_below_openberg_minimum
1353,2019-09-20,-65.6791,82.645,ASCAT,14816.0,7408.0,False,False,False,False,length_exceeds_openberg_maximum
1354,2019-09-21,-65.6378,82.348,ASCAT,0.0,0.0,False,False,False,False,length_below_openberg_minimum
1355,2019-09-22,-65.6378,82.348,ASCAT,0.0,0.0,False,False,False,False,length_below_openberg_minimum
1356,2019-09-23,-65.6994,81.7785,ASCAT,0.0,0.0,False,False,False,False,length_below_openberg_minimum
1357,2019-09-24,-65.6466,81.432,ASCAT,0.0,0.0,False,False,False,False,length_below_openberg_minimum
1358,2019-09-25,-65.6466,81.432,ASCAT,0.0,0.0,False,False,False,False,length_below_openberg_minimum
1359,2019-09-26,-65.7515,81.1965,ASCAT,0.0,0.0,False,False,False,False,length_below_openberg_minimum
1360,2019-09-27,-65.7515,81.1965,ASCAT,14816.0,7408.0,False,False,False,False,length_exceeds_openberg_maximum
1361,2019-09-28,-65.7515,81.1965,ASCAT,0.0,0.0,False,False,False,False,length_below_openberg_minimum
1362,2019-09-29,-65.8947,81.043,ASCAT,0.0,0.0,False,False,False,False,length_below_openberg_minimum
1363,2019-09-30,-65.856,80.8412,ASCAT,0.0,0.0,False,False,False,False,length_below_openberg_minimum
1364,2019-10-01,-65.7291,81.0536,ASCAT,0.0,0.0,False,False,False,False,length_below_openberg_minimum
1365,2019-10-02,-65.7291,81.0536,ASCAT,0.0,0.0,False,False,False,False,length_below_openberg_minimum
1366,2019-10-03,-65.7291,81.0536,ASCAT,0.0,0.0,False,False,False,False,length_below_openberg_minimum
1367,2019-10-04,-65.8578,80.8626,ASCAT,14816.0,7408.0,False,False,False,False,length_exceeds_openberg_maximum
1368,2019-10-05,-65.8578,80.8626,ASCAT,0.0,0.0,False,False,False,False,length_below_openberg_minimum
1369,2019-10-06,-65.8578,80.8626,ASCAT,0.0,0.0,False,False,False,False,length_below_openberg_minimum
1370,2019-10-07,-65.8719,80.5444,ASCAT,0.0,0.0,False,False,False,False,length_below_openberg_minimum
1371,2019-10-08,-65.8719,80.5444,ASCAT,0.0,0.0,False,False,False,False,length_below_openberg_minimum
1372,2019-10-09,-65.8719,80.5444,ASCAT,0.0,0.0,False,False,False,False,length_below_openberg_minimum
1373,2019-10-10,-65.8719,80.5444,ASCAT,0.0,0.0,False,False,False,False,length_below_openberg_minimum
1374,2019-10-11,-65.8719,80.5444,ASCAT,0.0,0.0,False,False,False,False,length_below_openberg_minimum
1375,2019-10-12,-65.8719,80.5444,ASCAT,0.0,0.0,False,False,False,False,length_below_openberg_minimum
1376,2019-10-13,-65.8253,80.5102,ASCAT,0.0,0.0,False,False,False,False,length_below_openberg_minimum
1377,2019-10-14,-65.8253,80.5102,ASCAT,0.0,0.0,False,False,False,False,length_below_openberg_minimum
1378,2019-10-15,-65.6228,80.4719,ASCAT,0.0,0.0,False,False,False,False,length_below_openberg_minimum
1379,2019-10-16,-65.5073,80.5876,ASCAT,0.0,0.0,False,False,False,False,length_below_openberg_minimum
1380,2019-10-17,-65.5073,80.5876,ASCAT,0.0,0.0,False,False,False,False,length_below_openberg_minimum
1381,2019-10-18,-65.5073,80.5876,ASCAT,0.0,0.0,False,False,False,False,length_below_openberg_minimum
1382,2019-10-19,-65.669,80.6429,ASCAT,0.0,0.0,False,False,False,False,length_below_openberg_minimum
1383,2019-10-20,-65.8278,80.5092,ASCAT,0.0,0.0,False,False,False,False,length_below_openberg_minimum
1384,2019-10-21,-65.8278,80.5092,ASCAT,0.0,0.0,False,False,False,False,length_below_openberg_minimum
1385,2019-10-22,-65.8554,80.3048,ASCAT,0.0,0.0,False,False,False,False,length_below_openberg_minimum
1386,2019-10-23,-65.8554,80.3048,ASCAT,0.0,0.0,False,False,False,False,length_below_openberg_minimum
1387,2019-10-24,-65.8554,80.3048,ASCAT,0.0,0.0,False,False,False,False,length_below_openberg_minimum
1388,2019-10-25,-65.984,80.2473,ASCAT,0.0,0.0,False,False,False,False,length_below_openberg_minimum
1389,2019-10-26,-65.984,80.2473,ASCAT,0.0,0.0,False,False,False,False,length_below_openberg_minimum
1390,2019-10-27,-66.1167,80.07,ASCAT,0.0,0.0,False,False,False,False,length_below_openberg_minimum
1391,2019-10-28,-66.1167,80.07,ASCAT,0.0,0.0,False,False,False,False,length_below_openberg_minimum
1392,2019-10-29,-66.1831,79.9422,ASCAT,0.0,0.0,False,False,False,False,length_below_openberg_minimum
1393,2019-10-30,-66.1831,79.9422,ASCAT,0.0,0.0,False,False,False,False,length_below_openberg_minimum
1394,2019-10-31,-66.2555,79.8354,ASCAT,0.0,0.0,False,False,False,False,length_below_openberg_minimum
1395,2019-11-01,-66.3342,79.7006,ASCAT,0.0,0.0,False,False,False,False,length_below_openberg_minimum
1396,2019-11-02,-66.4047,79.5686,ASCAT,0.0,0.0,False,False,False,False,length_below_openberg_minimum
1397,2019-11-03,-66.4047,79.5686,ASCAT,0.0,0.0,False,False,False,False,length_below_openberg_minimum
1398,2019-11-04,-66.4751,79.4358,ASCAT,0.0,0.0,False,False,False,False,length_below_openberg_minimum
1399,2019-11-05,-66.509,79.27,ASCAT,0.0,0.0,False,False,False,False,length_below_openberg_minimum
1400,2019-11-06,-66.5598,79.0478,ASCAT,0.0,0.0,False,False,False,False,length_below_openberg_minimum
1401,2019-11-07,-66.5598,79.0478,ASCAT,0.0,0.0,False,False,False,False,length_below_openberg_minimum
1402,2019-11-08,-66.5708,78.8386,ASCAT,14816.0,7408.0,False,False,False,False,length_exceeds_openberg_maximum
1403,2019-11-09,-66.597,78.6896,ASCAT,0.0,0.0,False,False,False,False,length_below_openberg_minimum
1404,2019-11-10,-66.6407,78.5632,ASCAT,0.0,0.0,False,False,False,False,length_below_openberg_minimum
1405,2019-11-11,-66.6968,78.4228,ASCAT,0.0,0.0,False,False,False,False,length_below_openberg_minimum
1406,2019-11-12,-66.7861,78.2436,ASCAT,0.0,0.0,False,False,False,False,length_below_openberg_minimum
1407,2019-11-13,-66.7861,78.2436,ASCAT,0.0,0.0,False,False,False,False,length_below_openberg_minimum
1408,2019-11-14,-66.8487,78.2589,ASCAT,0.0,0.0,False,False,False,False,length_below_openberg_minimum
1409,2019-11-15,-66.8585,78.3292,ASCAT,14816.0,7408.0,False,False,False,False,length_exceeds_openberg_maximum
1410,2019-11-16,-66.8585,78.3292,ASCAT,0.0,0.0,False,False,False,False,length_below_openberg_minimum
1411,2019-11-17,-66.9184,78.6524,ASCAT,0.0,0.0,False,False,False,False,length_below_openberg_minimum
1412,2019-11-18,-66.9184,78.6524,ASCAT,0.0,0.0,False,False,False,False,length_below_openberg_minimum
1413,2019-11-19,-66.9184,78.6524,ASCAT,0.0,0.0,False,False,False,False,length_below_openberg_minimum
1414,2019-11-20,-66.9184,78.6524,ASCAT,0.0,0.0,False,False,False,False,length_below_openberg_minimum
1415,2019-11-21,-66.9184,78.6524,ASCAT,0.0,0.0,False,False,False,False,length_below_openberg_minimum
1416,2019-11-22,-66.9184,78.6524,ASCAT,14816.0,7408.0,False,False,False,False,length_exceeds_openberg_maximum
1417,2019-11-23,-66.9184,78.6524,ASCAT,0.0,0.0,False,False,False,False,length_below_openberg_minimum
1418,2019-11-24,-66.9184,78.6524,ASCAT,0.0,0.0,False,False,False,False,length_below_openberg_minimum
1419,2019-11-25,-66.9562,78.7039,NIC,0.0,0.0,False,False,False,False,length_below_openberg_minimum
1420,2019-11-26,-66.9701,78.7119,NIC,0.0,0.0,False,False,False,False,length_below_openberg_minimum
1421,2019-11-27,-66.9847,78.721,NIC,0.0,0.0,False,False,False,False,length_below_openberg_minimum
1422,2019-11-28,-67.0002,78.733,NIC,0.0,0.0,False,False,False,False,length_below_openberg_minimum
1423,2019-11-29,-67.0167,78.75,NIC,14816.0,7408.0,False,False,False,False,length_exceeds_openberg_maximum
1424,2019-11-30,-67.0376,78.7826,NIC,0.0,0.0,False,False,False,False,length_below_openberg_minimum
1425,2019-12-01,-67.0639,78.8361,NIC,0.0,0.0,False,False,False,False,length_below_openberg_minimum
1426,2019-12-02,-67.0925,78.9044,NIC,0.0,0.0,False,False,False,False,length_below_openberg_minimum
1427,2019-12-03,-67.1203,78.9811,NIC,0.0,0.0,False,False,False,False,length_below_openberg_minimum
1428,2019-12-04,-67.144,79.0601,NIC,0.0,0.0,False,False,False,False,length_below_openberg_minimum
1429,2019-12-05,-67.1605,79.1351,NIC,0.0,0.0,False,False,False,False,length_below_openberg_minimum
1430,2019-12-06,-67.1667,79.2,NIC,14816.0,7408.0,False,False,False,False,length_exceeds_openberg_maximum
1431,2019-12-07,-67.1659,79.257,NIC,0.0,0.0,False,False,False,False,length_below_openberg_minimum
1432,2019-12-08,-67.1635,79.3124,NIC,0.0,0.0,False,False,False,False,length_below_openberg_minimum
1433,2019-12-09,-67.1597,79.3662,NIC,0.0,0.0,False,False,False,False,length_below_openberg_minimum
1434,2019-12-10,-67.1546,79.4186,NIC,0.0,0.0,False,False,False,False,length_below_openberg_minimum
1435,2019-12-11,-67.1484,79.4695,NIC,0.0,0.0,False,False,False,False,length_below_openberg_minimum
1436,2019-12-12,-67.1413,79.5188,NIC,0.0,0.0,False,False,False,False,length_below_openberg_minimum
1437,2019-12-13,-67.1333,79.5667,NIC,14816.0,7408.0,False,False,False,False,length_exceeds_openberg_maximum
1438,2019-12-14,-67.117,79.6142,NIC,0.0,0.0,False,False,False,False,length_below_openberg_minimum
1439,2019-12-15,-67.0876,79.6618,NIC,0.0,0.0,False,False,False,False,length_below_openberg_minimum
1440,2019-12-16,-67.0496,79.7085,NIC,0.0,0.0,False,False,False,False,length_below_openberg_minimum
1441,2019-12-17,-67.0075,79.7533,NIC,0.0,0.0,False,False,False,False,length_below_openberg_minimum
1442,2019-12-18,-66.9655,79.7952,NIC,0.0,0.0,False,False,False,False,length_below_openberg_minimum
1443,2019-12-19,-66.9282,79.8334,NIC,0.0,0.0,False,False,False,False,length_below_openberg_minimum
1444,2019-12-20,-66.9,79.8667,NIC,14816.0,7408.0,False,False,False,False,length_exceeds_openberg_maximum
1445,2019-12-21,-66.8781,79.8938,NIC,0.0,0.0,False,False,False,False,length_below_openberg_minimum
1446,2019-12-22,-66.8571,79.9155,NIC,0.0,0.0,False,False,False,False,length_below_openberg_minimum
1447,2019-12-23,-66.8375,79.9344,NIC,0.0,0.0,False,False,False,False,length_below_openberg_minimum
1448,2019-12-24,-66.8198,79.9531,NIC,0.0,0.0,False,False,False,False,length_below_openberg_minimum
1449,2019-12-25,-66.8046,79.9741,NIC,0.0,0.0,False,False,False,False,length_below_openberg_minimum
1450,2019-12-26,-66.7922,80.0,NIC,0.0,0.0,False,False,False,False,length_below_openberg_minimum
1451,2019-12-27,-66.7833,80.0333,NIC,14816.0,7408.0,False,False,False,False,length_exceeds_openberg_maximum
1452,2019-12-28,-66.7764,80.0966,NIC,0.0,0.0,False,False,False,False,length_below_openberg_minimum
1453,2019-12-29,-66.7699,80.1997,NIC,0.0,0.0,False,False,False,False,length_below_openberg_minimum
1454,2019-12-30,-66.764,80.3265,NIC,0.0,0.0,False,False,False,False,length_below_openberg_minimum
1455,2019-12-31,-66.7588,80.4604,NIC,0.0,0.0,False,False,False,False,length_below_openberg_minimum
1456,2020-01-01,-66.7531,80.6391,NIC,0.0,0.0,False,False,False,False,length_below_openberg_minimum
1457,2020-01-02,-66.7508,80.7195,NIC,0.0,0.0,False,False,False,False,length_below_openberg_minimum
1458,2020-01-03,-66.75,80.75,NIC,14816.0,7408.0,False,False,False,False,length_exceeds_openberg_maximum
1459,2020-01-04,-66.7513,80.7343,NIC,0.0,0.0,False,False,False,False,length_below_openberg_minimum
1460,2020-01-05,-66.755,80.6938,NIC,0.0,0.0,False,False,False,False,length_below_openberg_minimum
1461,2020-01-06,-66.7608,80.6385,NIC,0.0,0.0,False,False,False,False,length_below_openberg_minimum
1462,2020-01-07,-66.7685,80.5782,NIC,0.0,0.0,False,False,False,False,length_below_openberg_minimum
1463,2020-01-08,-66.7778,80.5229,NIC,0.0,0.0,False,False,False,False,length_below_openberg_minimum
1464,2020-01-09,-66.7884,80.4824,NIC,0.0,0.0,False,False,False,False,length_below_openberg_minimum
1465,2020-01-10,-66.8,80.4667,NIC,14816.0,7408.0,False,False,False,False,length_exceeds_openberg_maximum
1466,2020-01-11,-66.8189,80.5036,NIC,0.0,0.0,False,False,False,False,length_below_openberg_minimum
1467,2020-01-12,-66.8496,80.5989,NIC,0.0,0.0,False,False,False,False,length_below_openberg_minimum
1468,2020-01-13,-66.8888,80.7291,NIC,0.0,0.0,False,False,False,False,length_below_openberg_minimum
1469,2020-01-14,-66.9333,80.8709,NIC,0.0,0.0,False,False,False,False,length_below_openberg_minimum
1470,2020-01-15,-66.9799,81.0011,NIC,0.0,0.0,False,False,False,False,length_below_openberg_minimum
1471,2020-01-16,-67.0254,81.0964,NIC,0.0,0.0,False,False,False,False,length_below_openberg_minimum
1472,2020-01-17,-67.0667,81.1333,NIC,14816.0,7408.0,False,False,False,False,length_exceeds_openberg_maximum
1473,2020-01-18,-67.1049,81.0786,NIC,0.0,0.0,False,False,False,False,length_below_openberg_minimum
1474,2020-01-19,-67.1434,80.9344,NIC,0.0,0.0,False,False,False,False,length_below_openberg_minimum
1475,2020-01-20,-67.1819,80.7306,NIC,0.0,0.0,False,False,False,False,length_below_openberg_minimum
1476,2020-01-21,-67.2202,80.497,NIC,0.0,0.0,False,False,False,False,length_below_openberg_minimum
1477,2020-01-22,-67.2584,80.2636,NIC,0.0,0.0,False,False,False,False,length_below_openberg_minimum
1478,2020-01-23,-67.2961,80.0602,NIC,0.0,0.0,False,False,False,False,length_below_openberg_minimum
1479,2020-01-24,-67.3333,79.9167,NIC,14816.0,7408.0,False,False,False,False,length_exceeds_openberg_maximum
1480,2020-01-25,-67.3678,79.8259,NIC,0.0,0.0,False,False,False,False,length_below_openberg_minimum
1481,2020-01-26,-67.399,79.7552,NIC,0.0,0.0,False,False,False,False,length_below_openberg_minimum
1482,2020-01-27,-67.4291,79.6957,NIC,0.0,0.0,False,False,False,False,length_below_openberg_minimum
1483,2020-01-28,-67.4604,79.6391,NIC,0.0,0.0,False,False,False,False,length_below_openberg_minimum
1484,2020-01-29,-67.4951,79.5767,NIC,0.0,0.0,False,False,False,False,length_below_openberg_minimum
1485,2020-01-30,-67.5353,79.4999,NIC,0.0,0.0,False,False,False,False,length_below_openberg_minimum
1486,2020-01-31,-67.5833,79.4,NIC,14816.0,7408.0,False,False,False,False,length_exceeds_openberg_maximum
1487,2020-02-01,-67.6607,79.2182,NIC,0.0,0.0,False,False,False,False,length_below_openberg_minimum
1488,2020-02-02,-67.7758,78.9332,NIC,0.0,0.0,False,False,False,False,length_below_openberg_minimum
1489,2020-02-03,-67.9104,78.5928,NIC,0.0,0.0,False,False,False,False,length_below_openberg_minimum
1490,2020-02-04,-68.0465,78.2447,NIC,0.0,0.0,False,False,False,False,length_below_openberg_minimum
1491,2020-02-05,-68.166,77.9369,NIC,0.0,0.0,False,False,False,False,length_below_openberg_minimum
1492,2020-02-06,-68.251,77.7172,NIC,0.0,0.0,False,False,False,False,length_below_openberg_minimum
1493,2020-02-07,-68.2833,77.6333,NIC,14816.0,7408.0,False,False,False,False,length_exceeds_openberg_maximum
1494,2020-02-08,-68.2833,77.6361,NIC,0.0,0.0,False,False,False,False,length_below_openberg_minimum
1495,2020-02-09,-68.2833,77.6432,NIC,0.0,0.0,False,False,False,False,length_below_openberg_minimum
1496,2020-02-10,-68.2833,77.653,NIC,0.0,0.0,False,False,False,False,length_below_openberg_minimum
1497,2020-02-11,-68.2833,77.6636,NIC,0.0,0.0,False,False,False,False,length_below_openberg_minimum
1498,2020-02-12,-68.2833,77.6734,NIC,0.0,0.0,False,False,False,False,length_below_openberg_minimum
1499,2020-02-13,-68.2833,77.6805,NIC,0.0,0.0,False,False,False,False,length_below_openberg_minimum
1500,2020-02-14,-68.2833,77.6833,NIC,14816.0,7408.0,False,False,False,False,length_exceeds_openberg_maximum
1501,2020-02-15,-68.2888,77.6715,NIC,0.0,0.0,False,False,False,False,length_below_openberg_minimum
1502,2020-02-16,-68.3031,77.6391,NIC,0.0,0.0,False,False,False,False,length_below_openberg_minimum
1503,2020-02-17,-68.3227,77.591,NIC,0.0,0.0,False,False,False,False,length_below_openberg_minimum
1504,2020-02-18,-68.3439,77.5316,NIC,0.0,0.0,False,False,False,False,length_below_openberg_minimum
1505,2020-02-19,-68.3635,77.4658,NIC,0.0,0.0,False,False,False,False,length_below_openberg_minimum
1506,2020-02-20,-68.3778,77.3981,NIC,0.0,0.0,False,False,False,False,length_below_openberg_minimum
1507,2020-02-21,-68.3833,77.3333,NIC,14816.0,7408.0,False,False,False,False,length_exceeds_openberg_maximum
1508,2020-02-22,-68.3833,77.2656,NIC,0.0,0.0,False,False,False,False,length_below_openberg_minimum
1509,2020-02-23,-68.3833,77.1883,NIC,0.0,0.0,False,False,False,False,length_below_openberg_minimum
1510,2020-02-24,-68.3833,77.1045,NIC,0.0,0.0,False,False,False,False,length_below_openberg_minimum
1511,2020-02-25,-68.3833,77.0173,NIC,0.0,0.0,False,False,False,False,length_below_openberg_minimum
1512,2020-02-26,-68.3833,76.9298,NIC,0.0,0.0,False,False,False,False,length_below_openberg_minimum
1513,2020-02-27,-68.3833,76.8453,NIC,0.0,0.0,False,False,False,False,length_below_openberg_minimum
1514,2020-02-28,-68.3833,76.7667,NIC,14816.0,7408.0,False,False,False,False,length_exceeds_openberg_maximum
1515,2020-02-29,-68.3916,76.6935,NIC,0.0,0.0,False,False,False,False,length_below_openberg_minimum
1516,2020-03-01,-68.413,76.6225,NIC,0.0,0.0,False,False,False,False,length_below_openberg_minimum
1517,2020-03-02,-68.4423,76.5533,NIC,0.0,0.0,False,False,False,False,length_below_openberg_minimum
1518,2020-03-03,-68.4624,76.5427,ASCAT,0.0,0.0,False,False,False,False,length_below_openberg_minimum
1519,2020-03-04,-68.4624,76.5427,ASCAT,0.0,0.0,False,False,False,False,length_below_openberg_minimum
1520,2020-03-05,-68.525,76.3508,NIC,0.0,0.0,False,False,False,False,length_below_openberg_minimum
1521,2020-03-06,-68.5333,76.2833,NIC,14816.0,7408.0,False,False,False,False,length_exceeds_openberg_maximum
1522,2020-03-07,-68.5289,76.2156,NIC,0.0,0.0,False,False,False,False,length_below_openberg_minimum
1523,2020-03-08,-68.5174,76.1483,NIC,0.0,0.0,False,False,False,False,length_below_openberg_minimum
1524,2020-03-09,-68.5009,76.0813,NIC,0.0,0.0,False,False,False,False,length_below_openberg_minimum
1525,2020-03-10,-68.482,76.0146,NIC,0.0,0.0,False,False,False,False,length_below_openberg_minimum
1526,2020-03-11,-68.4628,75.9483,NIC,0.0,0.0,False,False,False,False,length_below_openberg_minimum
1527,2020-03-12,-68.4458,75.8823,NIC,0.0,0.0,False,False,False,False,length_below_openberg_minimum
1528,2020-03-13,-68.4333,75.8167,NIC,14816.0,7408.0,False,False,False,False,length_exceeds_openberg_maximum
1529,2020-03-14,-68.425,75.7476,NIC,0.0,0.0,False,False,False,False,length_below_openberg_minimum
1530,2020-03-15,-68.4187,75.6738,NIC,0.0,0.0,False,False,False,False,length_below_openberg_minimum
1531,2020-03-16,-68.4134,75.5991,NIC,0.0,0.0,False,False,False,False,length_below_openberg_minimum
1532,2020-03-17,-68.4081,75.5272,NIC,0.0,0.0,False,False,False,False,length_below_openberg_minimum
1533,2020-03-18,-68.4019,75.462,NIC,0.0,0.0,False,False,False,False,length_below_openberg_minimum
1534,2020-03-19,-68.3587,75.5061,ASCAT,0.0,0.0,False,False,False,False,length_below_openberg_minimum
1535,2020-03-20,-68.3587,75.5061,ASCAT,14816.0,7408.0,False,False,False,False,length_exceeds_openberg_maximum
1536,2020-03-21,-68.3587,75.5061,ASCAT,0.0,0.0,False,False,False,False,length_below_openberg_minimum
1537,2020-03-22,-68.2464,75.4407,ASCAT,0.0,0.0,False,False,False,False,length_below_openberg_minimum
1538,2020-03-23,-68.2464,75.4407,ASCAT,0.0,0.0,False,False,False,False,length_below_openberg_minimum
1539,2020-03-24,-68.2464,75.4407,ASCAT,0.0,0.0,False,False,False,False,length_below_openberg_minimum
1540,2020-03-25,-68.2441,75.169,ASCAT,0.0,0.0,False,False,False,False,length_below_openberg_minimum
1541,2020-03-26,-68.1644,75.0864,ASCAT,0.0,0.0,False,False,False,False,length_below_openberg_minimum
1542,2020-03-27,-68.0811,75.2495,ASCAT,14816.0,7408.0,False,False,False,False,length_exceeds_openberg_maximum
1543,2020-03-28,-68.0569,75.134,ASCAT,0.0,0.0,False,False,False,False,length_below_openberg_minimum
1544,2020-03-29,-68.0569,75.134,ASCAT,0.0,0.0,False,False,False,False,length_below_openberg_minimum
1545,2020-03-30,-68.0569,75.134,ASCAT,0.0,0.0,False,False,False,False,length_below_openberg_minimum
1546,2020-03-31,-68.0569,75.134,ASCAT,0.0,0.0,False,False,False,False,length_below_openberg_minimum
1547,2020-04-01,-68.0569,75.134,ASCAT,0.0,0.0,False,False,False,False,length_below_openberg_minimum
1548,2020-04-02,-68.075,75.1191,ASCAT,0.0,0.0,False,False,False,False,length_below_openberg_minimum
1549,2020-04-03,-68.075,75.1191,ASCAT,14816.0,7408.0,False,False,False,False,length_exceeds_openberg_maximum
1550,2020-04-04,-68.0213,75.211,ASCAT,0.0,0.0,False,False,False,False,length_below_openberg_minimum
1551,2020-04-05,-68.0213,75.211,ASCAT,0.0,0.0,False,False,False,False,length_below_openberg_minimum
1552,2020-04-06,-67.832,75.2633,ASCAT,0.0,0.0,False,False,False,False,length_below_openberg_minimum
1553,2020-04-07,-67.8234,75.5884,ASCAT,0.0,0.0,False,False,False,False,length_below_openberg_minimum
1554,2020-04-08,-67.7662,75.4211,ASCAT,0.0,0.0,False,False,False,False,length_below_openberg_minimum
1555,2020-04-09,-67.7662,75.4211,ASCAT,0.0,0.0,False,False,False,False,length_below_openberg_minimum
1556,2020-04-10,-67.7662,75.4211,ASCAT,14816.0,7408.0,False,False,False,False,length_exceeds_openberg_maximum
1557,2020-04-11,-67.6885,75.3117,ASCAT,0.0,0.0,False,False,False,False,length_below_openberg_minimum
1558,2020-04-12,-67.6885,75.3117,ASCAT,0.0,0.0,False,False,False,False,length_below_openberg_minimum
1559,2020-04-13,-67.6885,75.3117,ASCAT,0.0,0.0,False,False,False,False,length_below_openberg_minimum
1560,2020-04-14,-67.6045,75.3129,ASCAT,0.0,0.0,False,False,False,False,length_below_openberg_minimum
1561,2020-04-15,-67.6045,75.3129,ASCAT,0.0,0.0,False,False,False,False,length_below_openberg_minimum
1562,2020-04-16,-67.6045,75.3129,ASCAT,0.0,0.0,False,False,False,False,length_below_openberg_minimum
1563,2020-04-17,-67.5668,75.4964,ASCAT,14816.0,7408.0,False,False,False,False,length_exceeds_openberg_maximum
1564,2020-04-18,-67.5668,75.4964,ASCAT,0.0,0.0,False,False,False,False,length_below_openberg_minimum
1565,2020-04-19,-67.5668,75.4964,ASCAT,0.0,0.0,False,False,False,False,length_below_openberg_minimum
1566,2020-04-20,-67.5668,75.4964,ASCAT,0.0,0.0,False,False,False,False,length_below_openberg_minimum
1567,2020-04-21,-67.5668,75.4964,ASCAT,0.0,0.0,False,False,False,False,length_below_openberg_minimum
1568,2020-04-22,-67.5765,75.2025,ASCAT,0.0,0.0,False,False,False,False,length_below_openberg_minimum
1569,2020-04-23,-67.546,75.351,ASCAT,0.0,0.0,False,False,False,False,length_below_openberg_minimum
1570,2020-04-24,-67.546,75.351,ASCAT,14816.0,7408.0,False,False,False,False,length_exceeds_openberg_maximum
1571,2020-04-25,-67.546,75.351,ASCAT,0.0,0.0,False,False,False,False,length_below_openberg_minimum
1572,2020-04-26,-67.5661,75.7069,ASCAT,0.0,0.0,False,False,False,False,length_below_openberg_minimum
1573,2020-04-27,-67.5473,75.5155,ASCAT,0.0,0.0,False,False,False,False,length_below_openberg_minimum
1574,2020-04-28,-67.5473,75.5155,ASCAT,0.0,0.0,False,False,False,False,length_below_openberg_minimum
1575,2020-04-29,-67.4588,75.4927,ASCAT,0.0,0.0,False,False,False,False,length_below_openberg_minimum
1576,2020-04-30,-67.3345,75.4981,ASCAT,0.0,0.0,False,False,False,False,length_below_openberg_minimum
1577,2020-05-01,-67.3345,75.4981,ASCAT,14816.0,7408.0,False,False,False,False,length_exceeds_openberg_maximum
1578,2020-05-02,-67.3818,75.6466,ASCAT,0.0,0.0,False,False,False,False,length_below_openberg_minimum
1579,2020-05-03,-67.3818,75.6466,ASCAT,0.0,0.0,False,False,False,False,length_below_openberg_minimum
1580,2020-05-04,-67.4647,75.7239,ASCAT,0.0,0.0,False,False,False,False,length_below_openberg_minimum
1581,2020-05-05,-67.62,75.5715,ASCAT,0.0,0.0,False,False,False,False,length_below_openberg_minimum
1582,2020-05-06,-67.62,75.5715,ASCAT,0.0,0.0,False,False,False,False,length_below_openberg_minimum
1583,2020-05-07,-67.62,75.5715,ASCAT,0.0,0.0,False,False,False,False,length_below_openberg_minimum
1584,2020-05-08,-67.5453,75.5411,ASCAT,14816.0,7408.0,False,False,False,False,length_exceeds_openberg_maximum
1585,2020-05-09,-67.5338,75.2077,ASCAT,0.0,0.0,False,False,False,False,length_below_openberg_minimum
1586,2020-05-10,-67.684,75.0689,ASCAT,0.0,0.0,False,False,False,False,length_below_openberg_minimum
1587,2020-05-11,-67.8068,75.0888,ASCAT,0.0,0.0,False,False,False,False,length_below_openberg_minimum
1588,2020-05-12,-67.9112,74.9901,ASCAT,0.0,0.0,False,False,False,False,length_below_openberg_minimum
1589,2020-05-13,-67.9112,74.9901,ASCAT,0.0,0.0,False,False,False,False,length_below_openberg_minimum
1590,2020-05-14,-67.8458,75.0099,ASCAT,0.0,0.0,False,False,False,False,length_below_openberg_minimum
1591,2020-05-15,-67.8458,75.0099,ASCAT,14816.0,7408.0,False,False,False,False,length_exceeds_openberg_maximum
1592,2020-05-16,-67.8055,74.8254,ASCAT,0.0,0.0,False,False,False,False,length_below_openberg_minimum
1593,2020-05-17,-67.8055,74.8254,ASCAT,0.0,0.0,False,False,False,False,length_below_openberg_minimum
1594,2020-05-18,-67.8034,74.6364,ASCAT,0.0,0.0,False,False,False,False,length_below_openberg_minimum
1595,2020-05-19,-67.7114,74.7521,ASCAT,0.0,0.0,False,False,False,False,length_below_openberg_minimum
1596,2020-05-20,-67.7896,74.2157,ASCAT,0.0,0.0,False,False,False,False,length_below_openberg_minimum
1597,2020-05-21,-67.7896,74.2157,ASCAT,0.0,0.0,False,False,False,False,length_below_openberg_minimum
1598,2020-05-22,-67.8549,73.837,ASCAT,14816.0,7408.0,False,False,False,False,length_exceeds_openberg_maximum
1599,2020-05-23,-67.8549,73.837,ASCAT,0.0,0.0,False,False,False,False,length_below_openberg_minimum
1600,2020-05-24,-67.7638,73.3926,ASCAT,0.0,0.0,False,False,False,False,length_below_openberg_minimum
1601,2020-05-25,-67.6924,73.3586,ASCAT,0.0,0.0,False,False,False,False,length_below_openberg_minimum
1602,2020-05-26,-67.6924,73.3586,ASCAT,0.0,0.0,False,False,False,False,length_below_openberg_minimum
1603,2020-05-27,-67.5644,73.1912,ASCAT,0.0,0.0,False,False,False,False,length_below_openberg_minimum
1604,2020-05-28,-67.3723,73.2062,ASCAT,0.0,0.0,False,False,False,False,length_below_openberg_minimum
1605,2020-05-29,-67.1959,73.1848,ASCAT,14816.0,7408.0,False,False,False,False,length_exceeds_openberg_maximum
1606,2020-05-30,-67.1594,73.0005,ASCAT,0.0,0.0,False,False,False,False,length_below_openberg_minimum
1607,2020-05-31,-67.1594,73.0005,ASCAT,0.0,0.0,False,False,False,False,length_below_openberg_minimum
1608,2020-06-01,-67.0885,73.2862,ASCAT,0.0,0.0,False,False,False,False,length_below_openberg_minimum
1609,2020-06-02,-67.0885,73.2862,ASCAT,0.0,0.0,False,False,False,False,length_below_openberg_minimum
1610,2020-06-03,-67.15,73.477,ASCAT,0.0,0.0,False,False,False,False,length_below_openberg_minimum
1611,2020-06-04,-67.2099,73.4873,ASCAT,0.0,0.0,False,False,False,False,length_below_openberg_minimum
1612,2020-06-05,-67.2099,73.4873,ASCAT,14816.0,7408.0,False,False,False,False,length_exceeds_openberg_maximum
1613,2020-06-06,-67.2101,73.3585,ASCAT,0.0,0.0,False,False,False,False,length_below_openberg_minimum
1614,2020-06-07,-67.0594,73.1866,ASCAT,0.0,0.0,False,False,False,False,length_below_openberg_minimum
1615,2020-06-08,-67.0766,73.3493,ASCAT,0.0,0.0,False,False,False,False,length_below_openberg_minimum
1616,2020-06-09,-67.118,73.035,ASCAT,0.0,0.0,False,False,False,False,length_below_openberg_minimum
1617,2020-06-10,-67.118,73.035,ASCAT,0.0,0.0,False,False,False,False,length_below_openberg_minimum
1618,2020-06-11,-66.9595,72.842,ASCAT,0.0,0.0,False,False,False,False,length_below_openberg_minimum
1619,2020-06-12,-66.9595,72.842,ASCAT,14816.0,7408.0,False,False,False,False,length_exceeds_openberg_maximum
1620,2020-06-13,-66.8647,72.6527,ASCAT,0.0,0.0,False,False,False,False,length_below_openberg_minimum
1621,2020-06-14,-66.8647,72.6527,ASCAT,0.0,0.0,False,False,False,False,length_below_openberg_minimum
1622,2020-06-15,-66.7845,72.5322,ASCAT,0.0,0.0,False,False,False,False,length_below_openberg_minimum
1623,2020-06-16,-66.6806,72.7133,ASCAT,0.0,0.0,False,False,False,False,length_below_openberg_minimum
1624,2020-06-17,-66.5511,72.4598,ASCAT,0.0,0.0,False,False,False,False,length_below_openberg_minimum
1625,2020-06-18,-66.4616,72.269,ASCAT,0.0,0.0,False,False,False,False,length_below_openberg_minimum
1626,2020-06-19,-66.4109,72.1789,ASCAT,14816.0,7408.0,False,False,False,False,length_exceeds_openberg_maximum
1627,2020-06-20,-66.3613,72.1154,ASCAT,0.0,0.0,False,False,False,False,length_below_openberg_minimum
1628,2020-06-21,-66.4363,72.0021,ASCAT,0.0,0.0,False,False,False,False,length_below_openberg_minimum
1629,2020-06-22,-66.4441,71.2548,ASCAT,0.0,0.0,False,False,False,False,length_below_openberg_minimum
1630,2020-06-23,-66.5046,70.8309,ASCAT,0.0,0.0,False,False,False,False,length_below_openberg_minimum
1631,2020-06-24,-66.5435,70.4029,ASCAT,0.0,0.0,False,False,False,False,length_below_openberg_minimum
1632,2020-06-25,-66.6712,70.1525,ASCAT,0.0,0.0,False,False,False,False,length_below_openberg_minimum
1633,2020-06-26,-66.7696,69.7094,ASCAT,14816.0,7408.0,False,False,False,False,length_exceeds_openberg_maximum
1634,2020-06-27,-66.8515,69.1571,ASCAT,0.0,0.0,False,False,False,False,length_below_openberg_minimum
1635,2020-06-28,-66.8858,68.725,ASCAT,0.0,0.0,False,False,False,False,length_below_openberg_minimum
1636,2020-06-29,-66.8721,68.4924,ASCAT,0.0,0.0,False,False,False,False,length_below_openberg_minimum
1637,2020-06-30,-66.9137,67.9147,ASCAT,0.0,0.0,False,False,False,False,length_below_openberg_minimum
1638,2020-07-01,-66.8264,67.0897,ASCAT,0.0,0.0,False,False,False,False,length_below_openberg_minimum
1639,2020-07-02,-66.7992,66.8874,ASCAT,0.0,0.0,False,False,False,False,length_below_openberg_minimum
1640,2020-07-03,-66.7992,66.8874,ASCAT,14816.0,7408.0,False,False,False,False,length_exceeds_openberg_maximum
1641,2020-07-04,-66.7992,66.8874,ASCAT,0.0,0.0,False,False,False,False,length_below_openberg_minimum
1642,2020-07-05,-66.7992,66.8874,ASCAT,0.0,0.0,False,False,False,False,length_below_openberg_minimum
1643,2020-07-06,-66.7641,66.8946,ASCAT,0.0,0.0,False,False,False,False,length_below_openberg_minimum
1644,2020-07-07,-66.7891,66.5468,ASCAT,0.0,0.0,False,False,False,False,length_below_openberg_minimum
1645,2020-07-08,-66.8599,66.1936,ASCAT,0.0,0.0,False,False,False,False,length_below_openberg_minimum
1646,2020-07-09,-66.8352,65.7302,ASCAT,0.0,0.0,False,False,False,False,length_below_openberg_minimum
1647,2020-07-10,-66.8031,65.4,ASCAT,14816.0,7408.0,False,False,False,False,length_exceeds_openberg_maximum
1648,2020-07-11,-66.7834,64.42,ASCAT,0.0,0.0,False,False,False,False,length_below_openberg_minimum
1649,2020-07-12,-66.8204,65.3209,NIC,0.0,0.0,False,False,False,False,length_below_openberg_minimum
1650,2020-07-13,-66.7748,65.0582,NIC,0.0,0.0,False,False,False,False,length_below_openberg_minimum
1651,2020-07-14,-66.7252,64.7824,NIC,0.0,0.0,False,False,False,False,length_below_openberg_minimum
1652,2020-07-15,-66.6796,64.499,NIC,0.0,0.0,False,False,False,False,length_below_openberg_minimum
1653,2020-07-16,-66.6462,64.2141,NIC,0.0,0.0,False,False,False,False,length_below_openberg_minimum
1654,2020-07-17,-66.6333,63.9333,NIC,14816.0,7408.0,False,False,False,False,length_exceeds_openberg_maximum
1655,2020-07-18,-66.6349,63.6377,NIC,0.0,0.0,False,False,False,False,length_below_openberg_minimum
1656,2020-07-19,-66.6393,63.3157,NIC,0.0,0.0,False,False,False,False,length_below_openberg_minimum
1657,2020-07-20,-66.646,62.9842,NIC,0.0,0.0,False,False,False,False,length_below_openberg_minimum
1658,2020-07-21,-66.6543,62.66,NIC,0.0,0.0,False,False,False,False,length_below_openberg_minimum
1659,2020-07-22,-66.6637,62.36,NIC,0.0,0.0,False,False,False,False,length_below_openberg_minimum
1660,2020-07-23,-66.6735,62.1011,NIC,0.0,0.0,False,False,False,False,length_below_openberg_minimum
1661,2020-07-24,-66.6833,61.9,NIC,14816.0,7408.0,False,False,False,False,length_exceeds_openberg_maximum
1662,2020-07-25,-66.6958,61.7401,NIC,0.0,0.0,False,False,False,False,length_below_openberg_minimum
1663,2020-07-26,-66.7128,61.5938,NIC,0.0,0.0,False,False,False,False,length_below_openberg_minimum
1664,2020-07-27,-66.732,61.4615,NIC,0.0,0.0,False,False,False,False,length_below_openberg_minimum
1665,2020-07-28,-66.7509,61.3438,NIC,0.0,0.0,False,False,False,False,length_below_openberg_minimum
1666,2020-07-29,-66.7674,61.2412,NIC,0.0,0.0,False,False,False,False,length_below_openberg_minimum
1667,2020-07-30,-66.7789,61.1542,NIC,0.0,0.0,False,False,False,False,length_below_openberg_minimum
1668,2020-07-31,-66.7833,61.0833,NIC,14816.0,7408.0,False,False,False,False,length_exceeds_openberg_maximum
1669,2020-08-01,-66.7833,61.0263,NIC,0.0,0.0,False,False,False,False,length_below_openberg_minimum
1670,2020-08-02,-66.7833,60.9787,NIC,0.0,0.0,False,False,False,False,length_below_openberg_minimum
1671,2020-08-03,-66.7833,60.9377,NIC,0.0,0.0,False,False,False,False,length_below_openberg_minimum
1672,2020-08-04,-66.7833,60.9005,NIC,0.0,0.0,False,False,False,False,length_below_openberg_minimum
1673,2020-08-05,-66.7833,60.8643,NIC,0.0,0.0,False,False,False,False,length_below_openberg_minimum
1674,2020-08-06,-66.7833,60.8262,NIC,0.0,0.0,False,False,False,False,length_below_openberg_minimum
1675,2020-08-07,-66.7833,60.7833,NIC,14816.0,7408.0,False,False,False,False,length_exceeds_openberg_maximum
1676,2020-08-08,-66.7775,60.7331,NIC,0.0,0.0,False,False,False,False,length_below_openberg_minimum
1677,2020-08-09,-66.7621,60.677,NIC,0.0,0.0,False,False,False,False,length_below_openberg_minimum
1678,2020-08-10,-66.7402,60.6187,NIC,0.0,0.0,False,False,False,False,length_below_openberg_minimum
1679,2020-08-11,-66.7149,60.5616,NIC,0.0,0.0,False,False,False,False,length_below_openberg_minimum
1680,2020-08-12,-66.6894,60.5093,NIC,0.0,0.0,False,False,False,False,length_below_openberg_minimum
1681,2020-08-13,-66.6667,60.4654,NIC,0.0,0.0,False,False,False,False,length_below_openberg_minimum
1682,2020-08-14,-66.65,60.4333,NIC,14816.0,7408.0,False,False,False,False,length_exceeds_openberg_maximum
1683,2020-08-15,-66.637,60.4105,NIC,0.0,0.0,False,False,False,False,length_below_openberg_minimum
1684,2020-08-16,-66.6238,60.3915,NIC,0.0,0.0,False,False,False,False,length_below_openberg_minimum
1685,2020-08-17,-66.6113,60.3752,NIC,0.0,0.0,False,False,False,False,length_below_openberg_minimum
1686,2020-08-18,-66.6002,60.3606,NIC,0.0,0.0,False,False,False,False,length_below_openberg_minimum
1687,2020-08-19,-66.5913,60.3466,NIC,0.0,0.0,False,False,False,False,length_below_openberg_minimum
1688,2020-08-20,-66.5854,60.3323,NIC,0.0,0.0,False,False,False,False,length_below_openberg_minimum
1689,2020-08-21,-66.5833,60.3167,NIC,14816.0,7408.0,False,False,False,False,length_exceeds_openberg_maximum
1690,2020-08-22,-66.5861,60.3008,NIC,0.0,0.0,False,False,False,False,length_below_openberg_minimum
1691,2020-08-23,-66.5932,60.286,NIC,0.0,0.0,False,False,False,False,length_below_openberg_minimum
1692,2020-08-24,-66.603,60.2715,NIC,0.0,0.0,False,False,False,False,length_below_openberg_minimum
1693,2020-08-25,-66.6136,60.2564,NIC,0.0,0.0,False,False,False,False,length_below_openberg_minimum
1694,2020-08-26,-66.6234,60.24,NIC,0.0,0.0,False,False,False,False,length_below_openberg_minimum
1695,2020-08-27,-66.6305,60.2215,NIC,0.0,0.0,False,False,False,False,length_below_openberg_minimum
1696,2020-08-28,-66.6333,60.2,NIC,14816.0,7408.0,False,False,False,False,length_exceeds_openberg_maximum
1697,2020-08-29,-66.6333,60.1707,NIC,0.0,0.0,False,False,False,False,length_below_openberg_minimum
1698,2020-08-30,-66.6333,60.1319,NIC,0.0,0.0,False,False,False,False,length_below_openberg_minimum
1699,2020-08-31,-66.6333,60.0876,NIC,0.0,0.0,False,False,False,False,length_below_openberg_minimum
1700,2020-09-01,-66.6333,60.0416,NIC,0.0,0.0,False,False,False,False,length_below_openberg_minimum
1701,2020-09-02,-66.6333,59.9979,NIC,0.0,0.0,False,False,False,False,length_below_openberg_minimum
1702,2020-09-03,-66.6333,59.9605,NIC,0.0,0.0,False,False,False,False,length_below_openberg_minimum
1703,2020-09-04,-66.6333,59.9333,NIC,14816.0,7408.0,False,False,False,False,length_exceeds_openberg_maximum
1704,2020-09-05,-66.6328,59.915,NIC,0.0,0.0,False,False,False,False,length_below_openberg_minimum
1705,2020-09-06,-66.6313,59.9006,NIC,0.0,0.0,False,False,False,False,length_below_openberg_minimum
1706,2020-09-07,-66.6291,59.8886,NIC,0.0,0.0,False,False,False,False,length_below_openberg_minimum
1707,2020-09-08,-66.6263,59.8774,NIC,0.0,0.0,False,False,False,False,length_below_openberg_minimum
1708,2020-09-09,-66.6232,59.8655,NIC,0.0,0.0,False,False,False,False,length_below_openberg_minimum
1709,2020-09-10,-66.6199,59.8513,NIC,0.0,0.0,False,False,False,False,length_below_openberg_minimum
1710,2020-09-11,-66.6167,59.8333,NIC,14816.0,7408.0,False,False,False,False,length_exceeds_openberg_maximum
1711,2020-09-12,-66.6134,59.8107,NIC,0.0,0.0,False,False,False,False,length_below_openberg_minimum
1712,2020-09-13,-66.6099,59.7838,NIC,0.0,0.0,False,False,False,False,length_below_openberg_minimum
1713,2020-09-14,-66.6059,59.7525,NIC,0.0,0.0,False,False,False,False,length_below_openberg_minimum
1714,2020-09-15,-66.6014,59.7169,NIC,0.0,0.0,False,False,False,False,length_below_openberg_minimum
1715,2020-09-16,-66.5962,59.6768,NIC,0.0,0.0,False,False,False,False,length_below_openberg_minimum
1716,2020-09-17,-66.5902,59.6323,NIC,0.0,0.0,False,False,False,False,length_below_openberg_minimum
1717,2020-09-18,-66.5833,59.5833,NIC,14816.0,7408.0,False,False,False,False,length_exceeds_openberg_maximum
1718,2020-09-19,-66.5736,59.5197,NIC,0.0,0.0,False,False,False,False,length_below_openberg_minimum
1719,2020-09-20,-66.56,59.4358,NIC,0.0,0.0,False,False,False,False,length_below_openberg_minimum
1720,2020-09-21,-66.5434,59.3385,NIC,0.0,0.0,False,False,False,False,length_below_openberg_minimum
1721,2020-09-22,-66.5249,59.2344,NIC,0.0,0.0,False,False,False,False,length_below_openberg_minimum
1722,2020-09-23,-66.5052,59.1305,NIC,0.0,0.0,False,False,False,False,length_below_openberg_minimum
1723,2020-09-24,-66.4855,59.0334,NIC,0.0,0.0,False,False,False,False,length_below_openberg_minimum
1724,2020-09-25,-66.4667,58.95,NIC,14816.0,7408.0,False,False,False,False,length_exceeds_openberg_maximum
1725,2020-09-26,-66.4876,59.0485,ASCAT,0.0,0.0,False,False,False,False,length_below_openberg_minimum
1726,2020-09-27,-66.4876,59.0485,ASCAT,0.0,0.0,False,False,False,False,length_below_openberg_minimum
1727,2020-09-28,-66.4483,58.9899,ASCAT,0.0,0.0,False,False,False,False,length_below_openberg_minimum
1728,2020-09-29,-66.3752,58.8809,ASCAT,0.0,0.0,False,False,False,False,length_below_openberg_minimum
1729,2020-09-30,-66.3359,58.8223,ASCAT,0.0,0.0,False,False,False,False,length_below_openberg_minimum
1730,2020-10-01,-66.3359,58.8223,ASCAT,0.0,0.0,False,False,False,False,length_below_openberg_minimum
1731,2020-10-02,-66.3359,58.8223,ASCAT,0.0,0.0,False,False,False,False,length_below_openberg_minimum
1732,2020-10-03,-66.2758,58.5953,ASCAT,0.0,0.0,False,False,False,False,length_below_openberg_minimum
1733,2020-10-04,-66.297,58.444,ASCAT,0.0,0.0,False,False,False,False,length_below_openberg_minimum
1734,2020-10-05,-66.2379,58.1385,ASCAT,0.0,0.0,False,False,False,False,length_below_openberg_minimum
1735,2020-10-06,-66.2379,58.1385,ASCAT,0.0,0.0,False,False,False,False,length_below_openberg_minimum
1736,2020-10-07,-66.2379,58.1385,ASCAT,0.0,0.0,False,False,False,False,length_below_openberg_minimum
1737,2020-10-08,-66.2379,58.1385,ASCAT,0.0,0.0,False,False,False,False,length_below_openberg_minimum
1738,2020-10-09,-66.236,58.1346,ASCAT,14816.0,7408.0,False,False,False,False,length_exceeds_openberg_maximum
1739,2020-10-10,-66.2304,58.1231,ASCAT,0.0,0.0,False,False,False,False,length_below_openberg_minimum
1740,2020-10-11,-66.2214,58.1041,ASCAT,0.0,0.0,False,False,False,False,length_below_openberg_minimum
1741,2020-10-12,-66.2092,58.078,ASCAT,0.0,0.0,False,False,False,False,length_below_openberg_minimum
1742,2020-10-13,-66.1942,58.0448,ASCAT,0.0,0.0,False,False,False,False,length_below_openberg_minimum
1743,2020-10-14,-66.1766,58.0049,ASCAT,0.0,0.0,False,False,False,False,length_below_openberg_minimum
1744,2020-10-15,-66.1566,57.9583,ASCAT,0.0,0.0,False,False,False,False,length_below_openberg_minimum
1745,2020-10-16,-66.1346,57.9054,ASCAT,14816.0,7408.0,False,False,False,False,length_exceeds_openberg_maximum
1746,2020-10-17,-66.1107,57.8463,ASCAT,0.0,0.0,False,False,False,False,length_below_openberg_minimum
1747,2020-10-18,-66.0854,57.7813,ASCAT,0.0,0.0,False,False,False,False,length_below_openberg_minimum
1748,2020-10-19,-66.0588,57.7105,ASCAT,0.0,0.0,False,False,False,False,length_below_openberg_minimum
1749,2020-10-20,-66.0311,57.6342,ASCAT,0.0,0.0,False,False,False,False,length_below_openberg_minimum
1750,2020-10-21,-66.0028,57.5525,ASCAT,0.0,0.0,False,False,False,False,length_below_openberg_minimum
1751,2020-10-22,-65.9605,57.3896,ASCAT,0.0,0.0,False,False,False,False,length_below_openberg_minimum
1752,2020-10-23,-65.95,57.3667,NIC,14816.0,7408.0,False,False,False,False,length_exceeds_openberg_maximum
1753,2020-10-24,-65.9381,57.3291,NIC,0.0,0.0,False,False,False,False,length_below_openberg_minimum
1754,2020-10-25,-65.9193,57.2811,NIC,0.0,0.0,False,False,False,False,length_below_openberg_minimum
1755,2020-10-26,-65.8959,57.2239,NIC,0.0,0.0,False,False,False,False,length_below_openberg_minimum
1756,2020-10-27,-65.8701,57.1592,NIC,0.0,0.0,False,False,False,False,length_below_openberg_minimum
1757,2020-10-28,-65.8441,57.0882,NIC,0.0,0.0,False,False,False,False,length_below_openberg_minimum
1758,2020-10-29,-65.82,57.0124,NIC,0.0,0.0,False,False,False,False,length_below_openberg_minimum
1759,2020-10-30,-65.8,56.9333,NIC,14816.0,7408.0,False,False,False,False,length_exceeds_openberg_maximum
1760,2020-10-31,-65.7832,56.8365,NIC,0.0,0.0,False,False,False,False,length_below_openberg_minimum
1761,2020-11-01,-65.7671,56.7144,NIC,0.0,0.0,False,False,False,False,length_below_openberg_minimum
1762,2020-11-02,-65.7519,56.5788,NIC,0.0,0.0,False,False,False,False,length_below_openberg_minimum
1763,2020-11-03,-65.7375,56.4412,NIC,0.0,0.0,False,False,False,False,length_below_openberg_minimum
1764,2020-11-04,-65.724,56.3134,NIC,0.0,0.0,False,False,False,False,length_below_openberg_minimum
1765,2020-11-05,-65.7115,56.2068,NIC,0.0,0.0,False,False,False,False,length_below_openberg_minimum
1766,2020-11-06,-65.7039,56.1819,ASCAT,14816.0,7408.0,False,False,False,False,length_exceeds_openberg_maximum
1767,2020-11-07,-65.7039,56.1819,ASCAT,0.0,0.0,False,False,False,False,length_below_openberg_minimum
1768,2020-11-08,-65.705,56.065,ASCAT,0.0,0.0,False,False,False,False,length_below_openberg_minimum
1769,2020-11-09,-65.705,56.065,ASCAT,0.0,0.0,False,False,False,False,length_below_openberg_minimum
1770,2020-11-10,-65.705,56.065,ASCAT,0.0,0.0,False,False,False,False,length_below_openberg_minimum
1771,2020-11-11,-65.705,56.065,ASCAT,0.0,0.0,False,False,False,False,length_below_openberg_minimum
1772,2020-11-12,-65.705,56.065,ASCAT,0.0,0.0,False,False,False,False,length_below_openberg_minimum
1773,2020-11-13,-65.705,56.065,ASCAT,0.0,0.0,False,False,False,False,length_below_openberg_minimum
1774,2020-11-14,-65.705,56.065,ASCAT,0.0,0.0,False,False,False,False,length_below_openberg_minimum
1775,2020-11-15,-65.705,56.065,ASCAT,0.0,0.0,False,False,False,False,length_below_openberg_minimum
1776,2020-11-16,-65.705,56.065,ASCAT,0.0,0.0,False,False,False,False,length_below_openberg_minimum
1777,2020-11-17,-65.705,56.065,ASCAT,0.0,0.0,False,False,False,False,length_below_openberg_minimum
1778,2020-11-18,-65.658,56.1308,ASCAT,0.0,0.0,False,False,False,False,length_below_openberg_minimum
1779,2020-11-19,-65.6928,55.9863,ASCAT,0.0,0.0,False,False,False,False,length_below_openberg_minimum
1780,2020-11-20,-65.688,55.7911,ASCAT,0.0,0.0,False,False,False,False,length_below_openberg_minimum
1781,2020-11-21,-65.6466,55.7168,ASCAT,0.0,0.0,False,False,False,False,length_below_openberg_minimum
1782,2020-11-22,-65.6466,55.7168,ASCAT,0.0,0.0,False,False,False,False,length_below_openberg_minimum
1783,2020-11-23,-65.6466,55.7168,ASCAT,0.0,0.0,False,False,False,False,length_below_openberg_minimum
1784,2020-11-24,-65.6466,55.7168,ASCAT,0.0,0.0,False,False,False,False,length_below_openberg_minimum
1785,2020-11-25,-65.6878,55.6212,ASCAT,0.0,0.0,False,False,False,False,length_below_openberg_minimum
1786,2020-11-26,-65.6878,55.6212,ASCAT,0.0,0.0,False,False,False,False,length_below_openberg_minimum
1787,2020-11-27,-65.6878,55.6212,ASCAT,0.0,0.0,False,False,False,False,length_below_openberg_minimum
1788,2020-11-28,-65.6878,55.6212,ASCAT,0.0,0.0,False,False,False,False,length_below_openberg_minimum
1789,2020-11-29,-65.6399,55.8471,ASCAT,0.0,0.0,False,False,False,False,length_below_openberg_minimum
1790,2020-11-30,-65.6914,55.6854,ASCAT,0.0,0.0,False,False,False,False,length_below_openberg_minimum
1791,2020-12-01,-65.6767,55.5348,ASCAT,0.0,0.0,False,False,False,False,length_below_openberg_minimum
1792,2020-12-02,-65.6767,55.5348,ASCAT,0.0,0.0,False,False,False,False,length_below_openberg_minimum
1793,2020-12-03,-65.7595,55.4294,ASCAT,0.0,0.0,False,False,False,False,length_below_openberg_minimum
1794,2020-12-04,-65.6885,55.5479,ASCAT,0.0,0.0,False,False,False,False,length_below_openberg_minimum
1795,2020-12-05,-65.6885,55.5479,ASCAT,0.0,0.0,False,False,False,False,length_below_openberg_minimum
1796,2020-12-06,-65.6619,55.5625,ASCAT,0.0,0.0,False,False,False,False,length_below_openberg_minimum
1797,2020-12-07,-65.6352,55.5772,ASCAT,0.0,0.0,False,False,False,False,length_below_openberg_minimum
1798,2020-12-08,-65.6352,55.5772,ASCAT,0.0,0.0,False,False,False,False,length_below_openberg_minimum
1799,2020-12-09,-65.6352,55.5772,ASCAT,0.0,0.0,False,False,False,False,length_below_openberg_minimum
1800,2020-12-10,-65.6352,55.5772,ASCAT,0.0,0.0,False,False,False,False,length_below_openberg_minimum
1801,2020-12-11,-65.5711,55.5683,ASCAT,0.0,0.0,False,False,False,False,length_below_openberg_minimum
1802,2020-12-12,-65.5711,55.5683,ASCAT,0.0,0.0,False,False,False,False,length_below_openberg_minimum
1803,2020-12-13,-65.5711,55.5683,ASCAT,0.0,0.0,False,False,False,False,length_below_openberg_minimum
1804,2020-12-14,-65.5711,55.5683,ASCAT,0.0,0.0,False,False,False,False,length_below_openberg_minimum
1805,2020-12-15,-65.5711,55.5683,ASCAT,0.0,0.0,False,False,False,False,length_below_openberg_minimum
1806,2020-12-16,-65.5829,55.107,ASCAT,0.0,0.0,False,False,False,False,length_below_openberg_minimum
1807,2020-12-17,-65.5573,54.9514,ASCAT,0.0,0.0,False,False,False,False,length_below_openberg_minimum
1808,2020-12-18,-65.5573,54.9514,ASCAT,0.0,0.0,False,False,False,False,length_below_openberg_minimum
1809,2020-12-19,-65.5224,54.987,ASCAT,0.0,0.0,False,False,False,False,length_below_openberg_minimum
1810,2020-12-20,-65.5224,54.987,ASCAT,0.0,0.0,False,False,False,False,length_below_openberg_minimum
1811,2020-12-21,-65.5224,54.987,ASCAT,0.0,0.0,False,False,False,False,length_below_openberg_minimum
1812,2020-12-22,-65.5224,54.987,ASCAT,0.0,0.0,False,False,False,False,length_below_openberg_minimum
1813,2020-12-23,-65.5224,54.987,ASCAT,0.0,0.0,False,False,False,False,length_below_openberg_minimum
1814,2020-12-24,-65.5224,54.987,ASCAT,0.0,0.0,False,False,False,False,length_below_openberg_minimum
1815,2020-12-25,-65.5224,54.987,ASCAT,0.0,0.0,False,False,False,False,length_below_openberg_minimum
1816,2020-12-26,-65.4584,54.7389,ASCAT,0.0,0.0,False,False,False,False,length_below_openberg_minimum
1817,2020-12-27,-65.4452,54.6794,ASCAT,0.0,0.0,False,False,False,False,length_below_openberg_minimum
1818,2020-12-28,-65.4329,54.6431,ASCAT,0.0,0.0,False,False,False,False,length_below_openberg_minimum
1819,2020-12-29,-65.3881,54.6069,ASCAT,0.0,0.0,False,False,False,False,length_below_openberg_minimum
1820,2020-12-30,-65.3049,54.6036,ASCAT,0.0,0.0,False,False,False,False,length_below_openberg_minimum
1821,2020-12-31,-65.2358,54.5565,ASCAT,14816.0,7408.0,False,False,False,False,length_exceeds_openberg_maximum
1822,2021-01-01,-65.204,54.5123,ASCAT,0.0,0.0,False,False,False,False,length_below_openberg_minimum
1823,2021-01-02,-65.1448,54.3245,ASCAT,0.0,0.0,False,False,False,False,length_below_openberg_minimum
1824,2021-01-03,-65.1274,54.3046,ASCAT,0.0,0.0,False,False,False,False,length_below_openberg_minimum
1825,2021-01-04,-65.0602,54.2425,ASCAT,0.0,0.0,False,False,False,False,length_below_openberg_minimum
1826,2021-01-05,-64.9935,53.9217,ASCAT,0.0,0.0,False,False,False,False,length_below_openberg_minimum
1827,2021-01-06,-64.9935,53.9217,ASCAT,0.0,0.0,False,False,False,False,length_below_openberg_minimum
1828,2021-01-07,-64.9894,53.679,ASCAT,0.0,0.0,False,False,False,False,length_below_openberg_minimum
1829,2021-01-08,-64.9893,53.4753,ASCAT,14816.0,7408.0,False,False,False,False,length_exceeds_openberg_maximum
1830,2021-01-09,-64.9893,53.4753,ASCAT,0.0,0.0,False,False,False,False,length_below_openberg_minimum
1831,2021-01-10,-64.882,53.3177,ASCAT,0.0,0.0,False,False,False,False,length_below_openberg_minimum
1832,2021-01-11,-65.1435,53.3054,ASCAT,0.0,0.0,False,False,False,False,length_below_openberg_minimum
1833,2021-01-12,-65.1978,52.9564,ASCAT,0.0,0.0,False,False,False,False,length_below_openberg_minimum
1834,2021-01-13,-65.1978,52.9564,ASCAT,0.0,0.0,False,False,False,False,length_below_openberg_minimum
1835,2021-01-14,-65.1978,52.9564,ASCAT,0.0,0.0,False,False,False,False,length_below_openberg_minimum
1836,2021-01-15,-65.1978,52.9564,ASCAT,14816.0,7408.0,False,False,False,False,length_exceeds_openberg_maximum
1837,2021-01-16,-65.2628,52.7882,ASCAT,0.0,0.0,False,False,False,False,length_below_openberg_minimum
1838,2021-01-17,-65.3162,52.6912,ASCAT,0.0,0.0,False,False,False,False,length_below_openberg_minimum
1839,2021-01-18,-65.3162,52.6912,ASCAT,0.0,0.0,False,False,False,False,length_below_openberg_minimum
1840,2021-01-19,-65.3737,52.5252,ASCAT,0.0,0.0,False,False,False,False,length_below_openberg_minimum
1841,2021-01-20,-65.3737,52.5252,ASCAT,0.0,0.0,False,False,False,False,length_below_openberg_minimum
1842,2021-01-21,-65.4918,52.4845,ASCAT,0.0,0.0,False,False,False,False,length_below_openberg_minimum
1843,2021-01-22,-65.61,52.4,ASCAT,14816.0,7408.0,False,False,False,False,length_exceeds_openberg_maximum
1844,2021-01-23,-65.6031,52.2878,ASCAT,0.0,0.0,False,False,False,False,length_below_openberg_minimum
1845,2021-01-24,-65.5901,52.1259,ASCAT,0.0,0.0,False,False,False,False,length_below_openberg_minimum
1846,2021-01-25,-65.5832,51.913,ASCAT,0.0,0.0,False,False,False,False,length_below_openberg_minimum
1847,2021-01-26,-65.6159,51.5528,ASCAT,0.0,0.0,False,False,False,False,length_below_openberg_minimum
1848,2021-01-27,-65.6739,51.4509,ASCAT,0.0,0.0,False,False,False,False,length_below_openberg_minimum
1849,2021-01-28,-65.7246,51.2269,ASCAT,0.0,0.0,False,False,False,False,length_below_openberg_minimum
1850,2021-01-29,-65.6911,50.8229,ASCAT,14816.0,7408.0,False,False,False,False,length_exceeds_openberg_maximum
1851,2021-01-30,-65.6981,50.7249,NIC,0.0,0.0,False,False,False,False,length_below_openberg_minimum
1852,2021-01-31,-65.7241,50.6222,NIC,0.0,0.0,False,False,False,False,length_below_openberg_minimum
1853,2021-02-01,-65.7567,50.5332,NIC,0.0,0.0,False,False,False,False,length_below_openberg_minimum
1854,2021-02-02,-65.7948,50.4491,NIC,0.0,0.0,False,False,False,False,length_below_openberg_minimum
1855,2021-02-03,-65.8372,50.3613,NIC,0.0,0.0,False,False,False,False,length_below_openberg_minimum
1856,2021-02-04,-65.8826,50.2612,NIC,0.0,0.0,False,False,False,False,length_below_openberg_minimum
1857,2021-02-05,-65.93,50.14,NIC,14816.0,7408.0,False,False,False,False,length_exceeds_openberg_maximum
1858,2021-02-06,-65.9892,49.9878,NIC,0.0,0.0,False,False,False,False,length_below_openberg_minimum
1859,2021-02-07,-66.0658,49.8059,NIC,0.0,0.0,False,False,False,False,length_below_openberg_minimum
1860,2021-02-08,-66.1521,49.6025,NIC,0.0,0.0,False,False,False,False,length_below_openberg_minimum
1861,2021-02-09,-66.2404,49.3859,NIC,0.0,0.0,False,False,False,False,length_below_openberg_minimum
1862,2021-02-10,-66.3229,49.1645,NIC,0.0,0.0,False,False,False,False,length_below_openberg_minimum
1863,2021-02-11,-66.3921,48.9464,NIC,0.0,0.0,False,False,False,False,length_below_openberg_minimum
1864,2021-02-12,-66.44,48.74,NIC,14816.0,7408.0,False,False,False,False,length_exceeds_openberg_maximum
1865,2021-02-13,-66.4719,48.5337,NIC,0.0,0.0,False,False,False,False,length_below_openberg_minimum
1866,2021-02-14,-66.4634,48.4228,ASCAT,0.0,0.0,False,False,False,False,length_below_openberg_minimum
1867,2021-02-15,-66.5195,48.047,ASCAT,0.0,0.0,False,False,False,False,length_below_openberg_minimum
1868,2021-02-16,-66.5749,47.5915,ASCAT,0.0,0.0,False,False,False,False,length_below_openberg_minimum
1869,2021-02-17,-66.6,47.37,ASCAT,0.0,0.0,False,False,False,False,length_below_openberg_minimum
1870,2021-02-18,-66.6,47.37,ASCAT,0.0,0.0,False,False,False,False,length_below_openberg_minimum
1871,2021-02-19,-66.6,47.37,ASCAT,14816.0,7408.0,False,False,False,False,length_exceeds_openberg_maximum
1872,2021-02-20,-66.778,46.8907,ASCAT,0.0,0.0,False,False,False,False,length_below_openberg_minimum
1873,2021-02-21,-66.778,46.8907,ASCAT,0.0,0.0,False,False,False,False,length_below_openberg_minimum
1874,2021-02-22,-66.778,46.8907,ASCAT,0.0,0.0,False,False,False,False,length_below_openberg_minimum
1875,2021-02-23,-66.778,46.8907,ASCAT,0.0,0.0,False,False,False,False,length_below_openberg_minimum
1876,2021-02-24,-66.778,46.8907,ASCAT,0.0,0.0,False,False,False,False,length_below_openberg_minimum
1877,2021-02-25,-66.778,46.8907,ASCAT,0.0,0.0,False,False,False,False,length_below_openberg_minimum
1878,2021-02-26,-66.7264,46.7708,ASCAT,14816.0,7408.0,False,False,False,False,length_exceeds_openberg_maximum
1879,2021-02-27,-66.7264,46.7708,ASCAT,0.0,0.0,False,False,False,False,length_below_openberg_minimum
1880,2021-02-28,-66.7263,46.4964,ASCAT,0.0,0.0,False,False,False,False,length_below_openberg_minimum
1881,2021-03-01,-66.7505,46.2821,ASCAT,0.0,0.0,False,False,False,False,length_below_openberg_minimum
1882,2021-03-02,-66.8084,46.0971,ASCAT,0.0,0.0,False,False,False,False,length_below_openberg_minimum
1883,2021-03-03,-66.8782,45.9113,ASCAT,0.0,0.0,False,False,False,False,length_below_openberg_minimum
1884,2021-03-04,-66.9378,45.6941,ASCAT,0.0,0.0,False,False,False,False,length_below_openberg_minimum
1885,2021-03-05,-66.9819,45.4113,ASCAT,14816.0,7408.0,False,False,False,False,length_exceeds_openberg_maximum
1886,2021-03-06,-67.1326,45.075,ASCAT,0.0,0.0,False,False,False,False,length_below_openberg_minimum
1887,2021-03-07,-67.1326,45.075,ASCAT,0.0,0.0,False,False,False,False,length_below_openberg_minimum
1888,2021-03-08,-67.1326,45.075,ASCAT,0.0,0.0,False,False,False,False,length_below_openberg_minimum
1889,2021-03-09,-67.1925,44.9845,ASCAT,0.0,0.0,False,False,False,False,length_below_openberg_minimum
1890,2021-03-10,-67.1799,44.8105,ASCAT,0.0,0.0,False,False,False,False,length_below_openberg_minimum
1891,2021-03-11,-67.1267,44.6803,ASCAT,0.0,0.0,False,False,False,False,length_below_openberg_minimum
1892,2021-03-12,-67.2495,43.9477,ASCAT,14816.0,7408.0,False,False,False,False,length_exceeds_openberg_maximum
1893,2021-03-13,-67.4255,43.375,ASCAT,0.0,0.0,False,False,False,False,length_below_openberg_minimum
1894,2021-03-14,-67.4254,43.2252,ASCAT,0.0,0.0,False,False,False,False,length_below_openberg_minimum
1895,2021-03-15,-67.3572,42.2937,ASCAT,0.0,0.0,False,False,False,False,length_below_openberg_minimum
1896,2021-03-16,-67.2486,42.1627,ASCAT,0.0,0.0,False,False,False,False,length_below_openberg_minimum
1897,2021-03-17,-67.178,42.1031,ASCAT,0.0,0.0,False,False,False,False,length_below_openberg_minimum
1898,2021-03-18,-67.1206,42.1693,NIC,0.0,0.0,False,False,False,False,length_below_openberg_minimum
1899,2021-03-19,-67.12,41.92,NIC,14816.0,7408.0,False,False,False,False,length_exceeds_openberg_maximum
1900,2021-03-20,-67.1219,41.748,NIC,0.0,0.0,False,False,False,False,length_below_openberg_minimum
1901,2021-03-21,-67.1275,41.5898,NIC,0.0,0.0,False,False,False,False,length_below_openberg_minimum
1902,2021-03-22,-67.1365,41.448,NIC,0.0,0.0,False,False,False,False,length_below_openberg_minimum
1903,2021-03-23,-67.1485,41.3255,NIC,0.0,0.0,False,False,False,False,length_below_openberg_minimum
1904,2021-03-24,-67.1633,41.2248,NIC,0.0,0.0,False,False,False,False,length_below_openberg_minimum
1905,2021-03-25,-67.1806,41.1487,NIC,0.0,0.0,False,False,False,False,length_below_openberg_minimum
1906,2021-03-26,-67.2,41.1,NIC,14816.0,7408.0,False,False,False,False,length_exceeds_openberg_maximum
1907,2021-03-27,-67.2473,41.0675,NIC,0.0,0.0,False,False,False,False,length_below_openberg_minimum
1908,2021-03-28,-67.3374,41.0385,NIC,0.0,0.0,False,False,False,False,length_below_openberg_minimum
1909,2021-03-29,-67.4541,41.0134,NIC,0.0,0.0,False,False,False,False,length_below_openberg_minimum
1910,2021-03-30,-67.581,40.9926,NIC,0.0,0.0,False,False,False,False,length_below_openberg_minimum
1911,2021-03-31,-67.7018,40.9765,NIC,0.0,0.0,False,False,False,False,length_below_openberg_minimum
1912,2021-04-01,-67.8003,40.9655,NIC,0.0,0.0,True,False,False,False,length_below_openberg_minimum
1913,2021-04-02,-67.86,40.96,NIC,14816.0,7408.0,True,False,False,False,length_exceeds_openberg_maximum
1914,2021-04-03,-67.894,40.9578,NIC,0.0,0.0,True,False,False,False,length_below_openberg_minimum
1915,2021-04-04,-67.9254,40.9565,NIC,0.0,0.0,True,False,False,False,length_below_openberg_minimum
1916,2021-04-05,-67.9532,40.9555,NIC,0.0,0.0,True,False,False,False,length_below_openberg_minimum
1917,2021-04-06,-67.9766,40.9548,NIC,0.0,0.0,True,False,False,False,length_below_openberg_minimum
1918,2021-04-07,-67.9945,40.9538,NIC,0.0,0.0,True,False,False,False,length_below_openberg_minimum
1919,2021-04-08,-68.006,40.9523,NIC,0.0,0.0,True,False,False,False,length_below_openberg_minimum
1920,2021-04-09,-68.01,40.95,NIC,14816.0,7408.0,True,True,True,False,length_exceeds_openberg_maximum
1921,2021-04-10,-68.0072,40.9138,NIC,0.0,0.0,True,True,True,False,length_below_openberg_minimum
1922,2021-04-11,-68.0001,40.817,NIC,0.0,0.0,True,True,True,False,length_below_openberg_minimum
1923,2021-04-12,-67.9903,40.669,NIC,0.0,0.0,True,True,True,False,length_below_openberg_minimum
1924,2021-04-13,-67.9797,40.479,NIC,0.0,0.0,True,True,True,False,length_below_openberg_minimum
1925,2021-04-14,-67.9699,40.2563,NIC,0.0,0.0,True,True,True,False,length_below_openberg_minimum
1926,2021-04-15,-67.9628,40.0102,NIC,0.0,0.0,True,True,True,False,length_below_openberg_minimum
1927,2021-04-16,-67.96,39.75,NIC,14816.0,7408.0,True,True,True,False,length_exceeds_openberg_maximum
1928,2021-04-17,-67.9724,39.3734,NIC,0.0,0.0,True,True,True,False,length_below_openberg_minimum
1929,2021-04-18,-68.0055,38.8174,NIC,0.0,0.0,True,True,True,False,length_below_openberg_minimum
1930,2021-04-19,-68.0529,38.1497,NIC,0.0,0.0,True,True,True,False,length_below_openberg_minimum
1931,2021-04-20,-68.1083,37.4383,NIC,0.0,0.0,True,True,True,False,length_below_openberg_minimum
1932,2021-04-21,-68.1655,36.751,NIC,0.0,0.0,True,True,True,False,length_below_openberg_minimum
1933,2021-04-22,-68.2182,36.1556,NIC,0.0,0.0,True,True,True,False,length_below_openberg_minimum
1934,2021-04-23,-68.26,35.72,NIC,14816.0,7408.0,True,True,True,False,length_exceeds_openberg_maximum
1935,2021-04-24,-68.2963,35.4076,NIC,0.0,0.0,True,True,True,False,length_below_openberg_minimum
1936,2021-04-25,-68.3346,35.1322,NIC,0.0,0.0,True,True,True,False,length_below_openberg_minimum
1937,2021-04-26,-68.3723,34.8872,NIC,0.0,0.0,True,True,True,False,length_below_openberg_minimum
1938,2021-04-27,-68.4065,34.6661,NIC,0.0,0.0,True,True,True,False,length_below_openberg_minimum
1939,2021-04-28,-68.4343,34.4622,NIC,0.0,0.0,True,True,True,False,length_below_openberg_minimum
1940,2021-04-29,-68.4531,34.269,NIC,0.0,0.0,True,True,True,False,length_below_openberg_minimum
1941,2021-04-30,-68.46,34.08,NIC,14816.0,7408.0,True,True,True,False,length_exceeds_openberg_maximum
1942,2021-05-01,-68.455,33.8981,NIC,0.0,0.0,True,True,True,False,length_below_openberg_minimum
1943,2021-05-02,-68.4422,33.7286,NIC,0.0,0.0,True,True,True,False,length_below_openberg_minimum
1944,2021-05-03,-68.4246,33.5689,NIC,0.0,0.0,True,True,True,False,length_below_openberg_minimum
1945,2021-05-04,-68.4054,33.4159,NIC,0.0,0.0,True,True,True,False,length_below_openberg_minimum
1946,2021-05-05,-68.3878,33.267,NIC,0.0,0.0,True,True,True,False,length_below_openberg_minimum
1947,2021-05-06,-68.375,33.1193,NIC,0.0,0.0,True,True,True,False,length_below_openberg_minimum
1948,2021-05-07,-68.37,32.97,NIC,14816.0,7408.0,True,True,True,False,length_exceeds_openberg_maximum
1949,2021-05-08,-68.3748,32.8307,NIC,0.0,0.0,True,True,True,False,length_below_openberg_minimum
1950,2021-05-09,-68.3884,32.7078,NIC,0.0,0.0,True,True,True,False,length_below_openberg_minimum
1951,2021-05-10,-68.4098,32.5905,NIC,0.0,0.0,True,True,True,False,length_below_openberg_minimum
1952,2021-05-11,-68.4378,32.4679,NIC,0.0,0.0,True,True,True,False,length_below_openberg_minimum
1953,2021-05-12,-68.4712,32.3292,NIC,0.0,0.0,True,True,True,False,length_below_openberg_minimum
1954,2021-05-13,-68.509,32.1635,NIC,0.0,0.0,True,True,True,False,length_below_openberg_minimum
1955,2021-05-14,-68.55,31.96,ASCAT,14816.0,7408.0,True,True,True,False,length_exceeds_openberg_maximum
1956,2021-05-15,-68.6162,31.6375,NIC,0.0,0.0,True,True,True,False,length_below_openberg_minimum
1957,2021-05-16,-68.7217,31.1584,NIC,0.0,0.0,True,True,True,False,length_below_openberg_minimum
1958,2021-05-17,-68.8534,30.5767,NIC,0.0,0.0,True,True,True,False,length_below_openberg_minimum
1959,2021-05-18,-68.9981,29.9468,NIC,0.0,0.0,True,True,True,False,length_below_openberg_minimum
1960,2021-05-19,-69.1429,29.3229,NIC,0.0,0.0,True,True,True,False,length_below_openberg_minimum
1961,2021-05-20,-69.2745,28.7592,NIC,0.0,0.0,True,True,True,False,length_below_openberg_minimum
1962,2021-05-21,-69.38,28.31,NIC,14816.0,7408.0,True,True,True,False,length_exceeds_openberg_maximum
1963,2021-05-22,-69.4667,27.9643,NIC,0.0,0.0,True,True,True,False,length_below_openberg_minimum
1964,2021-05-23,-69.5498,27.6641,NIC,0.0,0.0,True,True,True,False,length_below_openberg_minimum
1965,2021-05-24,-69.6282,27.3929,NIC,0.0,0.0,True,True,True,False,length_below_openberg_minimum
1966,2021-05-25,-69.7007,27.1344,NIC,0.0,0.0,True,True,True,False,length_below_openberg_minimum
1967,2021-05-26,-69.7659,26.872,NIC,0.0,0.0,True,True,True,False,length_below_openberg_minimum
1968,2021-05-27,-69.8228,26.5893,NIC,0.0,0.0,True,True,True,False,length_below_openberg_minimum
1969,2021-05-28,-69.87,26.27,NIC,14816.0,7408.0,True,True,True,False,length_exceeds_openberg_maximum
1970,2021-05-29,-69.9125,25.9235,NIC,0.0,0.0,True,True,True,False,length_below_openberg_minimum
1971,2021-05-30,-69.9545,25.5656,NIC,0.0,0.0,True,True,True,False,length_below_openberg_minimum
1972,2021-05-31,-69.9938,25.1889,NIC,0.0,0.0,True,True,True,False,length_below_openberg_minimum
1973,2021-06-01,-70.0282,24.7863,NIC,0.0,0.0,True,True,True,False,length_below_openberg_minimum
1974,2021-06-02,-70.0555,24.3504,NIC,0.0,0.0,True,True,True,False,length_below_openberg_minimum
1975,2021-06-03,-70.0735,23.8741,NIC,0.0,0.0,True,True,True,False,length_below_openberg_minimum
1976,2021-06-04,-70.08,23.35,NIC,14816.0,7408.0,True,True,True,False,length_exceeds_openberg_maximum
1977,2021-06-05,-69.7805,21.56,ASCAT,0.0,0.0,True,True,True,False,length_below_openberg_minimum
1978,2021-06-06,-69.7146,20.6379,ASCAT,0.0,0.0,True,True,True,False,length_below_openberg_minimum
1979,2021-06-07,-69.6294,19.6409,ASCAT,0.0,0.0,True,True,True,False,length_below_openberg_minimum
1980,2021-06-08,-69.5981,18.7671,ASCAT,0.0,0.0,True,True,True,False,length_below_openberg_minimum
1981,2021-06-09,-69.5772,18.1175,ASCAT,0.0,0.0,True,True,True,False,length_below_openberg_minimum
1982,2021-06-10,-69.559,17.732,ASCAT,0.0,0.0,True,True,True,False,length_below_openberg_minimum
1983,2021-06-11,-69.5413,17.3863,ASCAT,14816.0,7408.0,True,True,True,False,length_exceeds_openberg_maximum
1984,2021-06-12,-69.5255,17.0939,ASCAT,0.0,0.0,True,True,True,False,length_below_openberg_minimum
1985,2021-06-13,-69.5127,16.8682,ASCAT,0.0,0.0,True,True,True,False,length_below_openberg_minimum
1986,2021-06-14,-69.5041,16.7229,ASCAT,0.0,0.0,True,True,True,False,length_below_openberg_minimum
1987,2021-06-15,-69.501,16.6715,ASCAT,0.0,0.0,True,True,True,False,length_below_openberg_minimum
1988,2021-06-16,-69.501,16.6715,ASCAT,0.0,0.0,True,True,True,False,length_below_openberg_minimum
1989,2021-06-17,-69.4796,16.4789,ASCAT,0.0,0.0,True,True,True,False,length_below_openberg_minimum
1990,2021-06-18,-69.2674,16.068,ASCAT,14816.0,7408.0,True,True,True,False,length_exceeds_openberg_maximum
1991,2021-06-19,-69.2267,15.8018,ASCAT,0.0,0.0,True,True,True,False,length_below_openberg_minimum
1992,2021-06-20,-69.1423,15.2844,ASCAT,0.0,0.0,True,True,True,False,length_below_openberg_minimum
1993,2021-06-21,-69.1272,14.9261,ASCAT,0.0,0.0,True,True,True,False,length_below_openberg_minimum
1994,2021-06-22,-69.147,14.5129,ASCAT,0.0,0.0,True,True,True,False,length_below_openberg_minimum
1995,2021-06-23,-69.147,14.5129,ASCAT,0.0,0.0,True,True,True,False,length_below_openberg_minimum
1996,2021-06-24,-69.0346,14.2435,ASCAT,0.0,0.0,True,True,True,False,length_below_openberg_minimum
1997,2021-06-25,-69.0008,14.0718,ASCAT,14816.0,7408.0,True,True,True,False,length_exceeds_openberg_maximum
1998,2021-06-26,-69.0771,14.1471,ASCAT,0.0,0.0,True,True,True,False,length_below_openberg_minimum
1999,2021-06-27,-68.8697,13.6533,ASCAT,0.0,0.0,True,True,True,False,length_below_openberg_minimum
2000,2021-06-28,-68.883,13.4558,ASCAT,0.0,0.0,True,True,True,False,length_below_openberg_minimum
2001,2021-06-29,-68.809,12.9683,ASCAT,0.0,0.0,True,True,True,False,length_below_openberg_minimum
2002,2021-06-30,-68.8281,12.7035,ASCAT,0.0,0.0,True,True,True,False,length_below_openberg_minimum
2003,2021-07-01,-68.8472,12.5286,ASCAT,0.0,0.0,True,True,True,False,length_below_openberg_minimum
2004,2021-07-02,-68.7835,12.4238,ASCAT,14816.0,7408.0,True,True,True,False,length_exceeds_openberg_maximum
2005,2021-07-03,-68.7782,12.3465,ASCAT,0.0,0.0,True,True,True,False,length_below_openberg_minimum
2006,2021-07-04,-68.7766,12.2607,ASCAT,0.0,0.0,True,True,True,False,length_below_openberg_minimum
2007,2021-07-05,-68.8577,11.8948,NIC,0.0,0.0,True,True,True,False,length_below_openberg_minimum
2008,2021-07-06,-68.8933,11.7164,NIC,0.0,0.0,True,True,True,False,length_below_openberg_minimum
2009,2021-07-07,-68.9312,11.5366,NIC,0.0,0.0,True,True,True,False,length_below_openberg_minimum
2010,2021-07-08,-68.9679,11.3497,NIC,0.0,0.0,True,True,True,False,length_below_openberg_minimum
2011,2021-07-09,-69.0,11.15,NIC,14816.0,7408.0,True,True,True,False,length_exceeds_openberg_maximum
2012,2021-07-10,-69.0292,10.9393,NIC,0.0,0.0,True,True,True,False,length_below_openberg_minimum
2013,2021-07-11,-69.0592,10.7232,NIC,0.0,0.0,True,True,True,False,length_below_openberg_minimum
2014,2021-07-12,-69.0894,10.501,NIC,0.0,0.0,True,True,True,False,length_below_openberg_minimum
2015,2021-07-13,-69.1192,10.2721,NIC,0.0,0.0,True,True,True,False,length_below_openberg_minimum
2016,2021-07-14,-69.148,10.036,NIC,0.0,0.0,True,True,True,False,length_below_openberg_minimum
2017,2021-07-15,-69.1751,9.7922,NIC,0.0,0.0,True,True,True,False,length_below_openberg_minimum
2018,2021-07-16,-69.2,9.54,NIC,14816.0,7408.0,True,True,True,False,length_exceeds_openberg_maximum
2019,2021-07-17,-69.2217,9.2872,NIC,0.0,0.0,True,True,True,False,length_below_openberg_minimum
2020,2021-07-18,-69.2405,9.0364,NIC,0.0,0.0,True,True,True,False,length_below_openberg_minimum
2021,2021-07-19,-69.2579,8.7788,NIC,0.0,0.0,True,True,True,False,length_below_openberg_minimum
2022,2021-07-20,-69.2752,8.5059,NIC,0.0,0.0,True,True,True,False,length_below_openberg_minimum
2023,2021-07-21,-69.2937,8.2092,NIC,0.0,0.0,True,True,True,False,length_below_openberg_minimum
2024,2021-07-22,-69.3754,7.3303,ASCAT,0.0,0.0,True,True,True,False,length_below_openberg_minimum
2025,2021-07-23,-69.3808,7.2084,ASCAT,14816.0,7408.0,True,True,True,False,length_exceeds_openberg_maximum
2026,2021-07-24,-69.6449,5.3699,ASCAT,0.0,0.0,True,True,True,False,length_below_openberg_minimum
2027,2021-07-25,-69.4274,6.5297,NIC,0.0,0.0,True,True,True,False,length_below_openberg_minimum
2028,2021-07-26,-69.4851,5.9255,NIC,0.0,0.0,True,True,True,False,length_below_openberg_minimum
2029,2021-07-27,-69.543,5.2727,NIC,0.0,0.0,True,True,True,False,length_below_openberg_minimum
2030,2021-07-28,-69.5943,4.5921,NIC,0.0,0.0,True,True,True,False,length_below_openberg_minimum
2031,2021-07-29,-69.6323,3.9043,NIC,0.0,0.0,True,True,True,False,length_below_openberg_minimum
2032,2021-07-30,-69.65,3.23,NIC,14816.0,7408.0,True,True,True,False,length_exceeds_openberg_maximum
2033,2021-07-31,-69.6544,2.549,NIC,0.0,0.0,True,True,True,False,length_below_openberg_minimum
2034,2021-08-01,-69.6572,1.8353,NIC,0.0,0.0,True,True,True,False,length_below_openberg_minimum
2035,2021-08-02,-69.6591,1.101,NIC,0.0,0.0,True,True,True,False,length_below_openberg_minimum
2036,2021-08-03,-69.6606,0.3583,NIC,0.0,0.0,True,True,True,False,length_below_openberg_minimum
2037,2021-08-04,-69.6626,-0.3808,NIC,0.0,0.0,True,True,True,False,length_below_openberg_minimum
2038,2021-08-05,-69.6655,-1.1043,NIC,0.0,0.0,True,True,True,False,length_below_openberg_minimum
2039,2021-08-06,-69.67,-1.8,NIC,14816.0,7408.0,True,True,True,False,length_exceeds_openberg_maximum
2040,2021-08-07,-69.7061,-2.5045,NIC,0.0,0.0,True,True,True,False,length_below_openberg_minimum
2041,2021-08-08,-69.7915,-3.2411,NIC,0.0,0.0,True,True,True,False,length_below_openberg_minimum
2042,2021-08-09,-69.9082,-3.9779,NIC,0.0,0.0,True,True,True,False,length_below_openberg_minimum
2043,2021-08-10,-70.0383,-4.6831,NIC,0.0,0.0,True,True,True,False,length_below_openberg_minimum
2044,2021-08-11,-70.1639,-5.3247,NIC,0.0,0.0,True,True,True,False,length_below_openberg_minimum
2045,2021-08-12,-70.2671,-5.871,NIC,0.0,0.0,True,True,True,False,length_below_openberg_minimum
2046,2021-08-13,-70.33,-6.29,NIC,14816.0,7408.0,True,True,True,False,length_exceeds_openberg_maximum
2047,2021-08-14,-70.2643,-7.1885,ASCAT,0.0,0.0,True,True,True,False,length_below_openberg_minimum
2048,2021-08-15,-70.2643,-7.1885,ASCAT,0.0,0.0,True,True,True,False,length_below_openberg_minimum
2049,2021-08-16,-70.2988,-7.3087,ASCAT,0.0,0.0,True,True,True,False,length_below_openberg_minimum
2050,2021-08-17,-70.381,-7.5954,ASCAT,0.0,0.0,True,True,True,False,length_below_openberg_minimum
2051,2021-08-18,-70.479,-7.9375,ASCAT,0.0,0.0,True,True,True,False,length_below_openberg_minimum
2052,2021-08-19,-70.5612,-8.2242,ASCAT,0.0,0.0,True,True,True,False,length_below_openberg_minimum
2053,2021-08-20,-70.5957,-8.3444,ASCAT,14816.0,7408.0,True,True,True,False,length_exceeds_openberg_maximum
2054,2021-08-21,-70.5957,-8.3444,ASCAT,0.0,0.0,True,True,True,False,length_below_openberg_minimum
2055,2021-08-22,-70.5244,-8.3631,ASCAT,0.0,0.0,True,True,True,False,length_below_openberg_minimum
2056,2021-08-23,-70.5244,-8.3631,ASCAT,0.0,0.0,True,True,True,False,length_below_openberg_minimum
2057,2021-08-24,-70.4973,-8.5011,ASCAT,0.0,0.0,True,True,True,False,length_below_openberg_minimum
2058,2021-08-25,-70.4496,-8.6462,ASCAT,0.0,0.0,True,True,True,False,length_below_openberg_minimum
2059,2021-08-26,-70.4286,-8.8569,ASCAT,0.0,0.0,True,True,True,False,length_below_openberg_minimum
2060,2021-08-27,-70.4286,-8.8569,ASCAT,14816.0,7408.0,True,True,True,False,length_exceeds_openberg_maximum
2061,2021-08-28,-70.4345,-9.1259,ASCAT,0.0,0.0,True,True,True,False,length_below_openberg_minimum
2062,2021-08-29,-70.3698,-9.3854,ASCAT,0.0,0.0,True,True,True,False,length_below_openberg_minimum
2063,2021-08-30,-70.41,-9.7464,ASCAT,0.0,0.0,True,True,True,False,length_below_openberg_minimum
2064,2021-08-31,-70.4514,-9.9056,ASCAT,0.0,0.0,True,True,True,False,length_below_openberg_minimum
2065,2021-09-01,-70.5522,-10.2564,ASCAT,0.0,0.0,True,True,True,False,length_below_openberg_minimum
2066,2021-09-02,-70.5894,-10.6432,ASCAT,0.0,0.0,True,True,True,False,length_below_openberg_minimum
2067,2021-09-03,-70.6285,-11.0622,ASCAT,14816.0,7408.0,True,True,True,False,length_exceeds_openberg_maximum
2068,2021-09-04,-70.6781,-11.6923,ASCAT,0.0,0.0,True,True,True,False,length_below_openberg_minimum
2069,2021-09-05,-70.7165,-12.3088,ASCAT,0.0,0.0,True,True,True,False,length_below_openberg_minimum
2070,2021-09-06,-70.6994,-12.5544,ASCAT,0.0,0.0,True,True,True,False,length_below_openberg_minimum
2071,2021-09-07,-70.9461,-12.9214,ASCAT,0.0,0.0,True,True,True,False,length_below_openberg_minimum
2072,2021-09-08,-71.0614,-13.4465,ASCAT,0.0,0.0,True,True,True,False,length_below_openberg_minimum
2073,2021-09-09,-71.1,-13.61,ASCAT,0.0,0.0,True,True,True,False,length_below_openberg_minimum
2074,2021-09-10,-71.1763,-13.637,ASCAT,14816.0,7408.0,True,True,True,False,length_exceeds_openberg_maximum
2075,2021-09-11,-71.1974,-13.8906,ASCAT,0.0,0.0,True,True,True,False,length_below_openberg_minimum
2076,2021-09-12,-71.2988,-14.0399,ASCAT,0.0,0.0,True,True,True,False,length_below_openberg_minimum
2077,2021-09-13,-71.3022,-14.2553,ASCAT,0.0,0.0,True,True,True,False,length_below_openberg_minimum
2078,2021-09-14,-71.3839,-14.3919,ASCAT,0.0,0.0,True,True,True,False,length_below_openberg_minimum
2079,2021-09-15,-71.4705,-14.5963,ASCAT,0.0,0.0,True,True,True,False,length_below_openberg_minimum
2080,2021-09-16,-71.6711,-14.9214,ASCAT,0.0,0.0,True,True,True,False,length_below_openberg_minimum
2081,2021-09-17,-71.7859,-15.0378,ASCAT,14816.0,7408.0,True,True,True,False,length_exceeds_openberg_maximum
2082,2021-09-18,-72.01,-15.8175,ASCAT,0.0,0.0,True,True,True,False,length_below_openberg_minimum
2083,2021-09-19,-72.1049,-16.2798,ASCAT,0.0,0.0,True,True,True,False,length_below_openberg_minimum
2084,2021-09-20,-72.1189,-16.7017,ASCAT,0.0,0.0,True,True,True,False,length_below_openberg_minimum
2085,2021-09-21,-72.2112,-16.9487,ASCAT,0.0,0.0,True,True,True,False,length_below_openberg_minimum
2086,2021-09-22,-72.264,-17.2817,ASCAT,0.0,0.0,True,True,True,False,length_below_openberg_minimum
2087,2021-09-23,-72.28,-17.43,ASCAT,0.0,0.0,True,True,True,False,length_below_openberg_minimum
2088,2021-09-24,-72.28,-17.43,ASCAT,14816.0,7408.0,True,True,True,False,length_exceeds_openberg_maximum
2089,2021-09-25,-72.3616,-17.7987,ASCAT,0.0,0.0,True,True,True,False,length_below_openberg_minimum
2090,2021-09-26,-72.3616,-17.7987,ASCAT,0.0,0.0,True,True,True,False,length_below_openberg_minimum
2091,2021-09-27,-72.4444,-18.4563,ASCAT,0.0,0.0,True,True,True,False,length_below_openberg_minimum
2092,2021-09-28,-72.4764,-18.5601,ASCAT,0.0,0.0,True,True,True,False,length_below_openberg_minimum
2093,2021-09-29,-72.5939,-19.0684,ASCAT,0.0,0.0,True,True,True,False,length_below_openberg_minimum
2094,2021-09-30,-72.6635,-19.5233,ASCAT,0.0,0.0,True,True,True,False,length_below_openberg_minimum
2095,2021-10-01,-72.8437,-19.935,ASCAT,14816.0,7408.0,True,True,True,False,length_exceeds_openberg_maximum
2096,2021-10-02,-72.8651,-20.1364,ASCAT,0.0,0.0,True,True,True,False,length_below_openberg_minimum
2097,2021-10-03,-72.878,-20.5087,ASCAT,0.0,0.0,True,True,True,False,length_below_openberg_minimum
2098,2021-10-04,-72.9336,-20.6857,ASCAT,0.0,0.0,True,True,True,False,length_below_openberg_minimum
2099,2021-10-05,-72.9336,-20.6857,ASCAT,0.0,0.0,True,True,True,False,length_below_openberg_minimum
2100,2021-10-06,-72.9387,-20.9297,ASCAT,0.0,0.0,True,True,True,False,length_below_openberg_minimum
2101,2021-10-07,-72.9387,-20.9297,ASCAT,0.0,0.0,True,True,True,False,length_below_openberg_minimum
2102,2021-10-08,-72.9687,-21.1414,ASCAT,14816.0,7408.0,True,True,True,False,length_exceeds_openberg_maximum
2103,2021-10-09,-72.9687,-21.1414,ASCAT,0.0,0.0,True,False,False,False,length_below_openberg_minimum
2104,2021-10-10,-73.0934,-21.2765,ASCAT,0.0,0.0,True,False,False,False,length_below_openberg_minimum
2105,2021-10-11,-73.1557,-21.2987,ASCAT,0.0,0.0,True,False,False,False,length_below_openberg_minimum
2106,2021-10-12,-73.2527,-21.4918,ASCAT,0.0,0.0,True,False,False,False,length_below_openberg_minimum
2107,2021-10-13,-73.2527,-21.4918,ASCAT,0.0,0.0,True,False,False,False,length_below_openberg_minimum
2108,2021-10-14,-73.2709,-21.5406,ASCAT,0.0,0.0,True,False,False,False,length_below_openberg_minimum
2109,2021-10-15,-73.2997,-21.6496,ASCAT,14816.0,7408.0,True,False,False,False,length_exceeds_openberg_maximum
2110,2021-10-16,-73.3191,-21.8585,ASCAT,0.0,0.0,True,False,False,False,length_below_openberg_minimum
2111,2021-10-17,-73.3754,-22.2146,ASCAT,0.0,0.0,True,False,False,False,length_below_openberg_minimum
2112,2021-10-18,-73.3571,-22.5551,ASCAT,0.0,0.0,True,False,False,False,length_below_openberg_minimum
2113,2021-10-19,-73.3571,-22.5551,ASCAT,0.0,0.0,True,False,False,False,length_below_openberg_minimum
2114,2021-10-20,-73.4223,-22.9594,ASCAT,0.0,0.0,True,False,False,False,length_below_openberg_minimum
2115,2021-10-21,-73.4607,-23.0993,ASCAT,0.0,0.0,True,False,False,False,length_below_openberg_minimum
2116,2021-10-22,-73.4419,-23.2569,ASCAT,14816.0,7408.0,True,False,False,False,length_exceeds_openberg_maximum
2117,2021-10-23,-73.4592,-23.4691,ASCAT,0.0,0.0,True,False,False,False,length_below_openberg_minimum
2118,2021-10-24,-73.4709,-23.6412,ASCAT,0.0,0.0,True,False,False,False,length_below_openberg_minimum
2119,2021-10-25,-73.4709,-23.6412,ASCAT,0.0,0.0,True,False,False,False,length_below_openberg_minimum
2120,2021-10-26,-73.5109,-23.7607,ASCAT,0.0,0.0,True,False,False,False,length_below_openberg_minimum
2121,2021-10-27,-73.7073,-24.4568,ASCAT,0.0,0.0,False,False,False,False,length_below_openberg_minimum
2122,2021-10-28,-73.7073,-24.4568,ASCAT,0.0,0.0,False,False,False,False,length_below_openberg_minimum
2123,2021-10-29,-73.7374,-24.7559,ASCAT,14816.0,7408.0,False,False,False,False,length_exceeds_openberg_maximum
2124,2021-10-30,-73.7374,-24.7559,ASCAT,0.0,0.0,False,False,False,False,length_below_openberg_minimum
2125,2021-10-31,-73.742,-24.9812,ASCAT,0.0,0.0,False,False,False,False,length_below_openberg_minimum
2126,2021-11-01,-73.742,-24.9812,ASCAT,0.0,0.0,False,False,False,False,length_below_openberg_minimum
2127,2021-11-02,-73.742,-24.9812,ASCAT,0.0,0.0,False,False,False,False,length_below_openberg_minimum
2128,2021-11-03,-73.7668,-25.2149,ASCAT,0.0,0.0,False,False,False,False,length_below_openberg_minimum
2129,2021-11-04,-73.786,-25.4069,ASCAT,0.0,0.0,False,False,False,False,length_below_openberg_minimum
2130,2021-11-05,-73.8245,-25.5544,ASCAT,14816.0,7408.0,False,False,False,False,length_exceeds_openberg_maximum
2131,2021-11-06,-73.868,-25.7078,ASCAT,0.0,0.0,False,False,False,False,length_below_openberg_minimum
2132,2021-11-07,-73.9059,-25.9639,ASCAT,0.0,0.0,False,False,False,False,length_below_openberg_minimum
2133,2021-11-08,-73.9295,-26.1724,ASCAT,0.0,0.0,False,False,False,False,length_below_openberg_minimum
2134,2021-11-09,-73.9332,-26.231,ASCAT,0.0,0.0,False,False,False,False,length_below_openberg_minimum
2135,2021-11-10,-73.937,-26.2803,ASCAT,0.0,0.0,False,False,False,False,length_below_openberg_minimum
2136,2021-11-11,-73.9953,-26.3923,ASCAT,0.0,0.0,False,False,False,False,length_below_openberg_minimum
2137,2021-11-12,-74.05,-26.47,ASCAT,14816.0,7408.0,False,False,False,False,length_exceeds_openberg_maximum
2138,2021-11-13,-74.05,-26.47,ASCAT,0.0,0.0,False,False,False,False,length_below_openberg_minimum
2139,2021-11-14,-74.08,-26.429,ASCAT,0.0,0.0,False,False,False,False,length_below_openberg_minimum
2140,2021-11-15,-74.08,-26.429,ASCAT,0.0,0.0,False,False,False,False,length_below_openberg_minimum
2141,2021-11-16,-74.1337,-26.5729,NIC,0.0,0.0,False,False,False,False,length_below_openberg_minimum
2142,2021-11-17,-74.1531,-26.5925,NIC,0.0,0.0,False,False,False,False,length_below_openberg_minimum
2143,2021-11-18,-74.1747,-26.617,NIC,0.0,0.0,False,False,False,False,length_below_openberg_minimum
2144,2021-11-19,-74.2,-26.65,NIC,14816.0,7408.0,False,False,False,False,length_exceeds_openberg_maximum
2145,2021-11-20,-74.2335,-26.7076,NIC,0.0,0.0,False,False,False,False,length_below_openberg_minimum
2146,2021-11-21,-74.2759,-26.7942,NIC,0.0,0.0,False,False,False,False,length_below_openberg_minimum
2147,2021-11-22,-74.323,-26.8962,NIC,0.0,0.0,False,False,False,False,length_below_openberg_minimum
2148,2021-11-23,-74.3702,-26.9996,NIC,0.0,0.0,False,False,False,False,length_below_openberg_minimum
2149,2021-11-24,-74.4134,-27.0906,NIC,0.0,0.0,False,False,False,False,length_below_openberg_minimum
2150,2021-11-25,-74.4481,-27.1553,NIC,0.0,0.0,False,False,False,False,length_below_openberg_minimum
2151,2021-11-26,-74.47,-27.18,NIC,14816.0,7408.0,False,False,False,False,length_exceeds_openberg_maximum
2152,2021-11-27,-74.4821,-27.1656,NIC,0.0,0.0,False,False,False,False,length_below_openberg_minimum
2153,2021-11-28,-74.4912,-27.1285,NIC,0.0,0.0,False,False,False,False,length_below_openberg_minimum
2154,2021-11-29,-74.4984,-27.0777,NIC,0.0,0.0,False,False,False,False,length_below_openberg_minimum
2155,2021-11-30,-74.5047,-27.0223,NIC,0.0,0.0,False,False,False,False,length_below_openberg_minimum
2156,2021-12-01,-74.5584,-26.9793,ASCAT,0.0,0.0,False,False,False,False,length_below_openberg_minimum
2157,2021-12-02,-74.551,-26.9639,ASCAT,0.0,0.0,False,False,False,False,length_below_openberg_minimum
2158,2021-12-03,-74.5374,-26.9354,ASCAT,14816.0,7408.0,False,False,False,False,length_exceeds_openberg_maximum
2159,2021-12-04,-74.53,-26.92,ASCAT,0.0,0.0,False,False,False,False,length_below_openberg_minimum
2160,2021-12-05,-74.53,-26.92,ASCAT,0.0,0.0,False,False,False,False,length_below_openberg_minimum
2161,2021-12-06,-74.53,-26.92,ASCAT,0.0,0.0,False,False,False,False,length_below_openberg_minimum
2162,2021-12-07,-74.53,-26.92,ASCAT,0.0,0.0,False,False,False,False,length_below_openberg_minimum
2163,2021-12-08,-74.6417,-27.1156,ASCAT,0.0,0.0,False,False,False,False,length_below_openberg_minimum
2164,2021-12-09,-74.6417,-27.1156,ASCAT,0.0,0.0,False,False,False,False,length_below_openberg_minimum
2165,2021-12-10,-74.7149,-27.329,ASCAT,14816.0,7408.0,False,False,False,False,length_exceeds_openberg_maximum
2166,2021-12-11,-74.7149,-27.329,ASCAT,0.0,0.0,False,False,False,False,length_below_openberg_minimum
2167,2021-12-12,-74.7149,-27.329,ASCAT,0.0,0.0,False,False,False,False,length_below_openberg_minimum
2168,2021-12-13,-74.7149,-27.329,ASCAT,0.0,0.0,False,False,False,False,length_below_openberg_minimum
2169,2021-12-14,-74.732,-27.0362,ASCAT,0.0,0.0,False,False,False,False,length_below_openberg_minimum
2170,2021-12-15,-74.732,-27.0362,ASCAT,0.0,0.0,False,False,False,False,length_below_openberg_minimum
2171,2021-12-16,-74.9138,-27.1163,ASCAT,0.0,0.0,False,False,False,False,length_below_openberg_minimum
2172,2021-12-17,-74.9511,-27.0932,ASCAT,14816.0,7408.0,False,False,False,False,length_exceeds_openberg_maximum
2173,2021-12-18,-75.0262,-27.2114,ASCAT,0.0,0.0,False,False,False,False,length_below_openberg_minimum
2174,2021-12-19,-75.0954,-27.4596,ASCAT,0.0,0.0,False,False,False,False,length_below_openberg_minimum
2175,2021-12-20,-75.1689,-27.6765,ASCAT,0.0,0.0,False,False,False,False,length_below_openberg_minimum
2176,2021-12-21,-75.3375,-27.9516,ASCAT,0.0,0.0,False,False,False,False,length_below_openberg_minimum
2177,2021-12-22,-75.4279,-28.2176,ASCAT,0.0,0.0,False,False,False,False,length_below_openberg_minimum
2178,2021-12-23,-75.4262,-28.35,ASCAT,0.0,0.0,False,False,False,False,length_below_openberg_minimum
2179,2021-12-24,-75.4211,-28.4477,ASCAT,14816.0,7408.0,False,False,False,False,length_exceeds_openberg_maximum
2180,2021-12-25,-75.4122,-28.5252,ASCAT,0.0,0.0,False,False,False,False,length_below_openberg_minimum
2181,2021-12-26,-75.3994,-28.5968,ASCAT,0.0,0.0,False,False,False,False,length_below_openberg_minimum
2182,2021-12-27,-75.3445,-28.6606,ASCAT,0.0,0.0,False,False,False,False,length_below_openberg_minimum
2183,2021-12-28,-75.2896,-28.724,ASCAT,0.0,0.0,False,False,False,False,length_below_openberg_minimum
2184,2021-12-29,-75.1277,-28.892,ASCAT,0.0,0.0,False,False,False,False,length_below_openberg_minimum
2185,2021-12-30,-75.06,-28.62,ASCAT,0.0,0.0,False,False,False,False,length_below_openberg_minimum
2186,2021-12-31,-75.06,-28.62,ASCAT,14816.0,7408.0,False,False,False,False,length_exceeds_openberg_maximum
2187,2022-01-01,-75.06,-28.62,ASCAT,0.0,0.0,False,False,False,False,length_below_openberg_minimum
2188,2022-01-02,-75.06,-28.62,ASCAT,0.0,0.0,False,False,False,False,length_below_openberg_minimum
2189,2022-01-03,-74.97,-28.72,ASCAT,0.0,0.0,False,False,False,False,length_below_openberg_minimum
2190,2022-01-04,-74.88,-28.82,ASCAT,0.0,0.0,False,False,False,False,length_below_openberg_minimum
2191,2022-01-05,-74.88,-28.82,ASCAT,0.0,0.0,False,False,False,False,length_below_openberg_minimum
2192,2022-01-06,-74.88,-28.82,ASCAT,0.0,0.0,False,False,False,False,length_below_openberg_minimum
2193,2022-01-07,-74.88,-28.82,ASCAT,14816.0,7408.0,False,False,False,False,length_exceeds_openberg_maximum
2194,2022-01-08,-74.88,-28.82,ASCAT,0.0,0.0,False,False,False,False,length_below_openberg_minimum
2195,2022-01-09,-74.88,-28.82,ASCAT,0.0,0.0,False,False,False,False,length_below_openberg_minimum
2196,2022-01-10,-74.8412,-28.8779,ASCAT,0.0,0.0,False,False,False,False,length_below_openberg_minimum
2197,2022-01-11,-74.8412,-28.8779,ASCAT,0.0,0.0,False,False,False,False,length_below_openberg_minimum
2198,2022-01-12,-74.8756,-28.7986,ASCAT,0.0,0.0,False,False,False,False,length_below_openberg_minimum
2199,2022-01-13,-74.88,-28.63,ASCAT,0.0,0.0,False,False,False,False,length_below_openberg_minimum
2200,2022-01-14,-74.88,-28.63,ASCAT,14816.0,7408.0,False,False,False,False,length_exceeds_openberg_maximum
2201,2022-01-15,-74.88,-28.63,ASCAT,0.0,0.0,False,False,False,False,length_below_openberg_minimum
2202,2022-01-16,-74.9019,-28.5103,ASCAT,0.0,0.0,False,False,False,False,length_below_openberg_minimum
2203,2022-01-17,-74.9427,-28.288,ASCAT,0.0,0.0,False,False,False,False,length_below_openberg_minimum
2204,2022-01-18,-74.9646,-28.1683,ASCAT,0.0,0.0,False,False,False,False,length_below_openberg_minimum
2205,2022-01-19,-74.9646,-28.1683,ASCAT,0.0,0.0,False,False,False,False,length_below_openberg_minimum
2206,2022-01-20,-74.97,-27.99,ASCAT,0.0,0.0,False,False,False,False,length_below_openberg_minimum
2207,2022-01-21,-74.97,-27.99,ASCAT,14816.0,7408.0,False,False,False,False,length_exceeds_openberg_maximum
2208,2022-01-22,-74.9794,-28.0033,NIC,0.0,0.0,False,False,False,False,length_below_openberg_minimum
2209,2022-01-23,-74.9875,-28.0376,NIC,0.0,0.0,False,False,False,False,length_below_openberg_minimum
2210,2022-01-24,-74.9949,-28.0845,NIC,0.0,0.0,False,False,False,False,length_below_openberg_minimum
2211,2022-01-25,-75.0022,-28.1355,NIC,0.0,0.0,False,False,False,False,length_below_openberg_minimum
2212,2022-01-26,-75.0101,-28.1824,NIC,0.0,0.0,False,False,False,False,length_below_openberg_minimum
2213,2022-01-27,-75.0191,-28.2167,NIC,0.0,0.0,False,False,False,False,length_below_openberg_minimum
2214,2022-01-28,-75.03,-28.23,NIC,14816.0,7408.0,False,False,False,False,length_exceeds_openberg_maximum
2215,2022-01-29,-75.0444,-28.2062,NIC,0.0,0.0,False,False,False,False,length_below_openberg_minimum
2216,2022-01-30,-75.0628,-28.1448,NIC,0.0,0.0,False,False,False,False,length_below_openberg_minimum
2217,2022-01-31,-75.0839,-28.0608,NIC,0.0,0.0,False,False,False,False,length_below_openberg_minimum
2218,2022-02-01,-75.1065,-27.9692,NIC,0.0,0.0,False,False,False,False,length_below_openberg_minimum
2219,2022-02-02,-75.1292,-27.8852,NIC,0.0,0.0,False,False,False,False,length_below_openberg_minimum
2220,2022-02-03,-75.1508,-27.8238,NIC,0.0,0.0,False,False,False,False,length_below_openberg_minimum
2221,2022-02-04,-75.17,-27.8,NIC,14816.0,7408.0,False,False,False,False,length_exceeds_openberg_maximum
2222,2022-02-05,-75.1875,-27.8073,NIC,0.0,0.0,False,False,False,False,length_below_openberg_minimum
2223,2022-02-06,-75.2048,-27.8272,NIC,0.0,0.0,False,False,False,False,length_below_openberg_minimum
2224,2022-02-07,-75.2216,-27.8571,NIC,0.0,0.0,False,False,False,False,length_below_openberg_minimum
2225,2022-02-08,-75.2377,-27.894,NIC,0.0,0.0,False,False,False,False,length_below_openberg_minimum
2226,2022-02-09,-75.2529,-27.9354,NIC,0.0,0.0,False,False,False,False,length_below_openberg_minimum
2227,2022-02-10,-75.2671,-27.9783,NIC,0.0,0.0,False,False,False,False,length_below_openberg_minimum
2228,2022-02-11,-75.28,-28.02,NIC,14816.0,7408.0,False,False,False,False,length_exceeds_openberg_maximum
2229,2022-02-12,-75.2913,-28.0677,NIC,0.0,0.0,False,False,False,False,length_below_openberg_minimum
2230,2022-02-13,-75.3012,-28.127,NIC,0.0,0.0,False,False,False,False,length_below_openberg_minimum
2231,2022-02-14,-75.3102,-28.1924,NIC,0.0,0.0,False,False,False,False,length_below_openberg_minimum
2232,2022-02-15,-75.3191,-28.2587,NIC,0.0,0.0,False,False,False,False,length_below_openberg_minimum
2233,2022-02-16,-75.3282,-28.3207,NIC,0.0,0.0,False,False,False,False,length_below_openberg_minimum
2234,2022-02-17,-75.3383,-28.3729,NIC,0.0,0.0,False,False,False,False,length_below_openberg_minimum
2235,2022-02-18,-75.35,-28.41,NIC,14816.0,7408.0,False,False,False,False,length_exceeds_openberg_maximum
2236,2022-02-19,-75.3659,-28.4377,NIC,0.0,0.0,False,False,False,False,length_below_openberg_minimum
2237,2022-02-20,-75.3867,-28.4642,NIC,0.0,0.0,False,False,False,False,length_below_openberg_minimum
2238,2022-02-21,-75.4096,-28.4885,NIC,0.0,0.0,False,False,False,False,length_below_openberg_minimum
2239,2022-02-22,-75.4321,-28.5093,NIC,0.0,0.0,False,False,False,False,length_below_openberg_minimum
2240,2022-02-23,-75.4514,-28.5256,NIC,0.0,0.0,False,False,False,False,length_below_openberg_minimum
2241,2022-02-24,-75.4649,-28.5362,NIC,0.0,0.0,False,False,False,False,length_below_openberg_minimum
2242,2022-02-25,-75.47,-28.54,NIC,14816.0,7408.0,False,False,False,False,length_exceeds_openberg_maximum
2243,2022-02-26,-75.47,-28.5329,NIC,0.0,0.0,False,False,False,False,length_below_openberg_minimum
2244,2022-02-27,-75.47,-28.5131,NIC,0.0,0.0,False,False,False,False,length_below_openberg_minimum
2245,2022-02-28,-75.47,-28.4831,NIC,0.0,0.0,False,False,False,False,length_below_openberg_minimum
2246,2022-03-01,-75.47,-28.4454,NIC,0.0,0.0,False,False,False,False,length_below_openberg_minimum
2247,2022-03-02,-75.47,-28.4024,NIC,0.0,0.0,False,False,False,False,length_below_openberg_minimum
2248,2022-03-03,-75.47,-28.3564,NIC,0.0,0.0,False,False,False,False,length_below_openberg_minimum
2249,2022-03-04,-75.47,-28.31,NIC,14816.0,7408.0,False,False,False,False,length_exceeds_openberg_maximum
2250,2022-03-05,-75.4556,-28.247,NIC,0.0,0.0,False,False,False,False,length_below_openberg_minimum
2251,2022-03-06,-75.4185,-28.1582,NIC,0.0,0.0,False,False,False,False,length_below_openberg_minimum
2252,2022-03-07,-75.3677,-28.0565,NIC,0.0,0.0,False,False,False,False,length_below_openberg_minimum
2253,2022-03-08,-75.3123,-27.9549,NIC,0.0,0.0,False,False,False,False,length_below_openberg_minimum
2254,2022-03-09,-75.2615,-27.8664,NIC,0.0,0.0,False,False,False,False,length_below_openberg_minimum
2255,2022-03-10,-75.2244,-27.8037,NIC,0.0,0.0,False,False,False,False,length_below_openberg_minimum
2256,2022-03-11,-75.21,-27.78,NIC,14816.0,7408.0,False,False,False,False,length_exceeds_openberg_maximum
2257,2022-03-12,-75.2128,-27.8028,NIC,0.0,0.0,False,False,False,False,length_below_openberg_minimum
2258,2022-03-13,-75.2203,-27.8625,NIC,0.0,0.0,False,False,False,False,length_below_openberg_minimum
2259,2022-03-14,-75.2314,-27.9462,NIC,0.0,0.0,False,False,False,False,length_below_openberg_minimum
2260,2022-03-15,-75.2451,-28.0407,NIC,0.0,0.0,False,False,False,False,length_below_openberg_minimum
2261,2022-03-16,-75.2601,-28.1332,NIC,0.0,0.0,False,False,False,False,length_below_openberg_minimum
2262,2022-03-17,-75.2755,-28.2107,NIC,0.0,0.0,False,False,False,False,length_below_openberg_minimum
2263,2022-03-18,-75.2828,-28.2725,ASCAT,14816.0,7408.0,False,False,False,False,length_exceeds_openberg_maximum
2264,2022-03-19,-75.3039,-28.2869,NIC,0.0,0.0,False,False,False,False,length_below_openberg_minimum
2265,2022-03-20,-75.3182,-28.3073,NIC,0.0,0.0,False,False,False,False,length_below_openberg_minimum
2266,2022-03-21,-75.3334,-28.3237,NIC,0.0,0.0,False,False,False,False,length_below_openberg_minimum
2267,2022-03-22,-75.3499,-28.3386,NIC,0.0,0.0,False,False,False,False,length_below_openberg_minimum
2268,2022-03-23,-75.3679,-28.3547,NIC,0.0,0.0,False,False,False,False,length_below_openberg_minimum
2269,2022-03-24,-75.3878,-28.3743,NIC,0.0,0.0,False,False,False,False,length_below_openberg_minimum
2270,2022-03-25,-75.41,-28.4,NIC,14816.0,7408.0,False,False,False,False,length_exceeds_openberg_maximum
2271,2022-03-26,-75.4356,-28.4326,NIC,0.0,0.0,False,False,False,False,length_below_openberg_minimum
2272,2022-03-27,-75.4653,-28.4718,NIC,0.0,0.0,False,False,False,False,length_below_openberg_minimum
2273,2022-03-28,-75.4989,-28.5186,NIC,0.0,0.0,False,False,False,False,length_below_openberg_minimum
2274,2022-03-29,-75.5364,-28.5738,NIC,0.0,0.0,False,False,False,False,length_below_openberg_minimum
2275,2022-03-30,-75.5775,-28.6385,NIC,0.0,0.0,False,False,False,False,length_below_openberg_minimum
2276,2022-03-31,-75.6221,-28.7136,NIC,0.0,0.0,False,False,False,False,length_below_openberg_minimum
2277,2022-04-01,-75.67,-28.8,NIC,14816.0,7408.0,False,False,False,False,length_exceeds_openberg_maximum
2278,2022-04-02,-75.7288,-28.9342,NIC,0.0,0.0,False,False,False,False,length_below_openberg_minimum
2279,2022-04-03,-75.8024,-29.1383,NIC,0.0,0.0,False,False,False,False,length_below_openberg_minimum
2280,2022-04-04,-75.885,-29.3919,NIC,0.0,0.0,False,False,False,False,length_below_openberg_minimum
2281,2022-04-05,-75.9708,-29.6743,NIC,0.0,0.0,False,False,False,False,length_below_openberg_minimum
2282,2022-04-06,-76.0541,-29.9651,NIC,0.0,0.0,False,False,False,False,length_below_openberg_minimum
2283,2022-04-07,-76.1291,-30.2439,NIC,0.0,0.0,False,False,False,False,length_below_openberg_minimum
2284,2022-04-08,-76.19,-30.49,NIC,14816.0,7408.0,False,False,False,False,length_exceeds_openberg_maximum
2285,2022-04-09,-76.4455,-31.466,ASCAT,0.0,0.0,False,False,False,False,length_below_openberg_minimum
2286,2022-04-10,-76.4712,-31.7513,ASCAT,0.0,0.0,False,False,False,False,length_below_openberg_minimum
2287,2022-04-11,-76.4843,-31.9401,ASCAT,0.0,0.0,False,False,False,False,length_below_openberg_minimum
2288,2022-04-12,-76.4569,-31.9237,ASCAT,0.0,0.0,False,False,False,False,length_below_openberg_minimum
2289,2022-04-13,-76.4295,-31.9072,ASCAT,0.0,0.0,False,False,False,False,length_below_openberg_minimum
2290,2022-04-14,-76.498,-32.0624,ASCAT,0.0,0.0,False,False,False,False,length_below_openberg_minimum
2291,2022-04-15,-76.5904,-32.2971,ASCAT,14816.0,7408.0,False,False,False,False,length_exceeds_openberg_maximum
2292,2022-04-16,-76.6371,-32.444,ASCAT,0.0,0.0,False,False,False,False,length_below_openberg_minimum
2293,2022-04-17,-76.6794,-32.5724,ASCAT,0.0,0.0,False,False,False,False,length_below_openberg_minimum
2294,2022-04-18,-76.7138,-32.6912,ASCAT,0.0,0.0,False,False,False,False,length_below_openberg_minimum
2295,2022-04-19,-76.7369,-32.8094,ASCAT,0.0,0.0,False,False,False,False,length_below_openberg_minimum
2296,2022-04-20,-76.7454,-32.9358,ASCAT,0.0,0.0,False,False,False,False,length_below_openberg_minimum
2297,2022-04-21,-76.6387,-33.0732,ASCAT,0.0,0.0,False,False,False,False,length_below_openberg_minimum
2298,2022-04-22,-76.6021,-33.0827,ASCAT,14816.0,7408.0,False,False,False,False,length_exceeds_openberg_maximum
2299,2022-04-23,-76.5466,-33.0484,ASCAT,0.0,0.0,False,False,False,False,length_below_openberg_minimum
2300,2022-04-24,-76.5784,-33.007,ASCAT,0.0,0.0,False,False,False,False,length_below_openberg_minimum
2301,2022-04-25,-76.6917,-33.0729,ASCAT,0.0,0.0,False,False,False,False,length_below_openberg_minimum
2302,2022-04-26,-76.7333,-33.1527,ASCAT,0.0,0.0,False,False,False,False,length_below_openberg_minimum
2303,2022-04-27,-76.75,-33.2,ASCAT,0.0,0.0,False,False,False,False,length_below_openberg_minimum
2304,2022-04-28,-76.75,-33.2,ASCAT,0.0,0.0,False,False,False,False,length_below_openberg_minimum
2305,2022-04-29,-76.75,-33.2,ASCAT,14816.0,7408.0,False,False,False,False,length_exceeds_openberg_maximum
2306,2022-04-30,-76.75,-33.2,ASCAT,0.0,0.0,False,False,False,False,length_below_openberg_minimum
2307,2022-05-01,-76.7031,-33.2905,ASCAT,0.0,0.0,False,False,False,False,length_below_openberg_minimum
2308,2022-05-02,-76.7031,-33.2905,ASCAT,0.0,0.0,False,False,False,False,length_below_openberg_minimum
2309,2022-05-03,-76.7438,-33.442,ASCAT,0.0,0.0,False,False,False,False,length_below_openberg_minimum
2310,2022-05-04,-76.7438,-33.442,ASCAT,0.0,0.0,False,False,False,False,length_below_openberg_minimum
2311,2022-05-05,-76.8131,-33.5534,ASCAT,0.0,0.0,False,False,False,False,length_below_openberg_minimum
2312,2022-05-06,-76.8456,-33.6335,ASCAT,14816.0,7408.0,False,False,False,False,length_exceeds_openberg_maximum
2313,2022-05-07,-76.8719,-33.7255,ASCAT,0.0,0.0,False,False,False,False,length_below_openberg_minimum
2314,2022-05-08,-76.9039,-33.9098,ASCAT,0.0,0.0,False,False,False,False,length_below_openberg_minimum
2315,2022-05-09,-77.0075,-34.2247,ASCAT,0.0,0.0,False,False,False,False,length_below_openberg_minimum
2316,2022-05-10,-77.0928,-34.4436,ASCAT,0.0,0.0,False,False,False,False,length_below_openberg_minimum
2317,2022-05-11,-77.1003,-34.4623,ASCAT,0.0,0.0,False,False,False,False,length_below_openberg_minimum
2318,2022-05-12,-77.1054,-34.4749,ASCAT,0.0,0.0,False,False,False,False,length_below_openberg_minimum
2319,2022-05-13,-77.1083,-34.482,ASCAT,14816.0,7408.0,False,False,False,False,length_exceeds_openberg_maximum
2320,2022-05-14,-77.1092,-34.4843,ASCAT,0.0,0.0,False,False,False,False,length_below_openberg_minimum
2321,2022-05-15,-77.0538,-34.2689,ASCAT,0.0,0.0,False,False,False,False,length_below_openberg_minimum
2322,2022-05-16,-77.0538,-34.2689,ASCAT,0.0,0.0,False,False,False,False,length_below_openberg_minimum
2323,2022-05-17,-77.1129,-34.3117,ASCAT,0.0,0.0,False,False,False,False,length_below_openberg_minimum
2324,2022-05-18,-77.1589,-34.324,ASCAT,0.0,0.0,False,False,False,False,length_below_openberg_minimum
2325,2022-05-19,-77.1589,-34.324,ASCAT,0.0,0.0,False,False,False,False,length_below_openberg_minimum
2326,2022-05-20,-77.1693,-34.3439,ASCAT,0.0,0.0,False,False,False,False,length_below_openberg_minimum
2327,2022-05-21,-77.1973,-34.3973,ASCAT,0.0,0.0,False,False,False,False,length_below_openberg_minimum
2328,2022-05-22,-77.2378,-34.4747,ASCAT,0.0,0.0,False,False,False,False,length_below_openberg_minimum
2329,2022-05-23,-77.2858,-34.5664,ASCAT,0.0,0.0,False,False,False,False,length_below_openberg_minimum
2330,2022-05-24,-77.3364,-34.6628,ASCAT,0.0,0.0,False,False,False,False,length_below_openberg_minimum
2331,2022-05-25,-77.3844,-34.7545,ASCAT,0.0,0.0,False,False,False,False,length_below_openberg_minimum
2332,2022-05-26,-77.4249,-34.8319,ASCAT,0.0,0.0,False,False,False,False,length_below_openberg_minimum
2333,2022-05-27,-77.4529,-34.8853,ASCAT,14816.0,7408.0,False,False,False,False,length_exceeds_openberg_maximum
2334,2022-05-28,-77.4633,-34.9052,ASCAT,0.0,0.0,False,False,False,False,length_below_openberg_minimum
2335,2022-05-29,-77.4633,-34.9052,ASCAT,0.0,0.0,False,False,False,False,length_below_openberg_minimum
2336,2022-05-30,-77.4633,-34.9052,ASCAT,0.0,0.0,False,False,False,False,length_below_openberg_minimum
2337,2022-05-31,-77.4633,-34.9052,ASCAT,0.0,0.0,False,False,False,False,length_below_openberg_minimum
2338,2022-06-01,-77.5077,-35.2128,ASCAT,0.0,0.0,False,False,False,False,length_below_openberg_minimum
2339,2022-06-02,-77.5077,-35.2128,ASCAT,0.0,0.0,False,False,False,False,length_below_openberg_minimum
2340,2022-06-03,-77.575,-35.4236,ASCAT,0.0,0.0,False,False,False,False,length_below_openberg_minimum
2341,2022-06-04,-77.6376,-35.5829,ASCAT,0.0,0.0,False,False,False,False,length_below_openberg_minimum
2342,2022-06-05,-77.7075,-35.7794,ASCAT,0.0,0.0,False,False,False,False,length_below_openberg_minimum
2343,2022-06-06,-77.7971,-36.1846,ASCAT,0.0,0.0,False,False,False,False,length_below_openberg_minimum
2344,2022-06-07,-77.78,-36.13,ASCAT,0.0,0.0,False,False,False,False,length_below_openberg_minimum
2345,2022-06-08,-77.8325,-36.3471,ASCAT,0.0,0.0,False,False,False,False,length_below_openberg_minimum
2346,2022-06-09,-77.8325,-36.3471,ASCAT,0.0,0.0,False,False,False,False,length_below_openberg_minimum
2347,2022-06-10,-77.8325,-36.3471,ASCAT,14816.0,7408.0,False,False,False,False,length_exceeds_openberg_maximum
2348,2022-06-11,-77.8325,-36.3471,ASCAT,0.0,0.0,False,False,False,False,length_below_openberg_minimum
2349,2022-06-12,-77.8325,-36.3471,ASCAT,0.0,0.0,False,False,False,False,length_below_openberg_minimum
2350,2022-06-13,-77.8325,-36.3471,ASCAT,0.0,0.0,False,False,False,False,length_below_openberg_minimum
2351,2022-06-14,-77.8325,-36.3471,ASCAT,0.0,0.0,False,False,False,False,length_below_openberg_minimum
2352,2022-06-15,-77.8325,-36.3471,ASCAT,0.0,0.0,False,False,False,False,length_below_openberg_minimum
2353,2022-06-16,-77.8325,-36.3471,ASCAT,0.0,0.0,False,False,False,False,length_below_openberg_minimum
2354,2022-06-17,-77.8307,-36.3448,ASCAT,14816.0,7408.0,False,False,False,False,length_exceeds_openberg_maximum
2355,2022-06-18,-77.8256,-36.3384,ASCAT,0.0,0.0,False,False,False,False,length_below_openberg_minimum
2356,2022-06-19,-77.8179,-36.3286,ASCAT,0.0,0.0,False,False,False,False,length_below_openberg_minimum
2357,2022-06-20,-77.8081,-36.3162,ASCAT,0.0,0.0,False,False,False,False,length_below_openberg_minimum
2358,2022-06-21,-77.7968,-36.302,ASCAT,0.0,0.0,False,False,False,False,length_below_openberg_minimum
2359,2022-06-22,-77.7847,-36.2866,ASCAT,0.0,0.0,False,False,False,False,length_below_openberg_minimum
2360,2022-06-23,-77.7722,-36.2708,ASCAT,0.0,0.0,False,False,False,False,length_below_openberg_minimum
2361,2022-06-24,-77.7601,-36.2554,ASCAT,14816.0,7408.0,False,False,False,False,length_exceeds_openberg_maximum
2362,2022-06-25,-77.7488,-36.2412,ASCAT,0.0,0.0,False,False,False,False,length_below_openberg_minimum
2363,2022-06-26,-77.739,-36.2288,ASCAT,0.0,0.0,False,False,False,False,length_below_openberg_minimum
2364,2022-06-27,-77.7313,-36.219,ASCAT,0.0,0.0,False,False,False,False,length_below_openberg_minimum
2365,2022-06-28,-77.7262,-36.2126,ASCAT,0.0,0.0,False,False,False,False,length_below_openberg_minimum
2366,2022-06-29,-77.7244,-36.2103,ASCAT,0.0,0.0,False,False,False,False,length_below_openberg_minimum
2367,2022-06-30,-77.7244,-36.2103,ASCAT,0.0,0.0,False,False,False,False,length_below_openberg_minimum
2368,2022-07-01,-77.669,-36.2088,ASCAT,14816.0,7408.0,False,False,False,False,length_exceeds_openberg_maximum
2369,2022-07-02,-77.5349,-36.2038,ASCAT,0.0,0.0,False,False,False,False,length_below_openberg_minimum
2370,2022-07-03,-77.3699,-36.1946,ASCAT,0.0,0.0,False,False,False,False,length_below_openberg_minimum
2371,2022-07-04,-77.2219,-36.1803,ASCAT,0.0,0.0,False,False,False,False,length_below_openberg_minimum
2372,2022-07-05,-77.1388,-36.1603,ASCAT,0.0,0.0,False,False,False,False,length_below_openberg_minimum
2373,2022-07-06,-77.1149,-36.0151,ASCAT,0.0,0.0,False,False,False,False,length_below_openberg_minimum
2374,2022-07-07,-77.0468,-35.8878,ASCAT,0.0,0.0,False,False,False,False,length_below_openberg_minimum
2375,2022-07-08,-77.06,-35.7437,ASCAT,14816.0,7408.0,False,False,False,False,length_exceeds_openberg_maximum
2376,2022-07-09,-77.0836,-35.5964,ASCAT,0.0,0.0,False,False,False,False,length_below_openberg_minimum
2377,2022-07-10,-77.0339,-35.587,ASCAT,0.0,0.0,False,False,False,False,length_below_openberg_minimum
2378,2022-07-11,-77.0339,-35.587,ASCAT,0.0,0.0,False,False,False,False,length_below_openberg_minimum
2379,2022-07-12,-76.918,-35.441,ASCAT,0.0,0.0,False,False,False,False,length_below_openberg_minimum
2380,2022-07-13,-76.9694,-35.2249,ASCAT,0.0,0.0,False,False,False,False,length_below_openberg_minimum
2381,2022-07-14,-77.15,-35.2116,ASCAT,0.0,0.0,False,False,False,False,length_below_openberg_minimum
2382,2022-07-15,-77.1051,-35.4617,ASCAT,14816.0,7408.0,False,False,False,False,length_exceeds_openberg_maximum
2383,2022-07-16,-76.9942,-35.276,ASCAT,0.0,0.0,False,False,False,False,length_below_openberg_minimum
2384,2022-07-17,-76.9942,-35.276,ASCAT,0.0,0.0,False,False,False,False,length_below_openberg_minimum
2385,2022-07-18,-77.188,-35.2859,ASCAT,0.0,0.0,False,False,False,False,length_below_openberg_minimum
2386,2022-07-19,-77.2517,-35.416,ASCAT,0.0,0.0,False,False,False,False,length_below_openberg_minimum
2387,2022-07-20,-77.3033,-35.6406,ASCAT,0.0,0.0,False,False,False,False,length_below_openberg_minimum
2388,2022-07-21,-77.3633,-35.7317,ASCAT,0.0,0.0,False,False,False,False,length_below_openberg_minimum
2389,2022-07-22,-77.3867,-35.819,ASCAT,14816.0,7408.0,False,False,False,False,length_exceeds_openberg_maximum
2390,2022-07-23,-77.3867,-35.819,ASCAT,0.0,0.0,False,False,False,False,length_below_openberg_minimum
2391,2022-07-24,-77.3867,-35.819,ASCAT,0.0,0.0,False,False,False,False,length_below_openberg_minimum
2392,2022-07-25,-77.5357,-36.1727,ASCAT,0.0,0.0,False,False,False,False,length_below_openberg_minimum
2393,2022-07-26,-77.6956,-36.6839,ASCAT,0.0,0.0,False,False,False,False,length_below_openberg_minimum
2394,2022-07-27,-77.7907,-37.2712,ASCAT,0.0,0.0,False,False,False,False,length_below_openberg_minimum
2395,2022-07-28,-77.7907,-37.2712,ASCAT,0.0,0.0,False,False,False,False,length_below_openberg_minimum
2396,2022-07-29,-77.7907,-37.2712,ASCAT,14816.0,7408.0,False,False,False,False,length_exceeds_openberg_maximum
2397,2022-07-30,-77.7907,-37.2712,ASCAT,0.0,0.0,False,False,False,False,length_below_openberg_minimum
2398,2022-07-31,-77.7907,-37.2712,ASCAT,0.0,0.0,False,False,False,False,length_below_openberg_minimum
2399,2022-08-01,-77.7907,-37.2712,ASCAT,0.0,0.0,False,False,False,False,length_below_openberg_minimum
2400,2022-08-02,-77.7986,-37.4405,ASCAT,0.0,0.0,False,False,False,False,length_below_openberg_minimum
2401,2022-08-03,-77.7986,-37.4405,ASCAT,0.0,0.0,False,False,False,False,length_below_openberg_minimum
2402,2022-08-04,-77.61,-37.25,ASCAT,0.0,0.0,False,False,False,False,length_below_openberg_minimum
2403,2022-08-05,-77.5935,-37.275,ASCAT,14816.0,7408.0,False,False,False,False,length_exceeds_openberg_maximum
2404,2022-08-06,-77.49,-37.3544,ASCAT,0.0,0.0,False,False,False,False,length_below_openberg_minimum
2405,2022-08-07,-77.49,-37.3544,ASCAT,0.0,0.0,False,False,False,False,length_below_openberg_minimum
2406,2022-08-08,-77.49,-37.3544,ASCAT,0.0,0.0,False,False,False,False,length_below_openberg_minimum
2407,2022-08-09,-77.4869,-37.6185,ASCAT,0.0,0.0,False,False,False,False,length_below_openberg_minimum
2408,2022-08-10,-77.4291,-37.6493,ASCAT,0.0,0.0,False,False,False,False,length_below_openberg_minimum
2409,2022-08-11,-77.38,-37.72,ASCAT,0.0,0.0,False,False,False,False,length_below_openberg_minimum
2410,2022-08-12,-77.38,-37.72,ASCAT,14816.0,7408.0,False,False,False,False,length_exceeds_openberg_maximum
2411,2022-08-13,-77.398,-37.764,ASCAT,0.0,0.0,False,False,False,False,length_below_openberg_minimum
2412,2022-08-14,-77.398,-37.764,ASCAT,0.0,0.0,False,False,False,False,length_below_openberg_minimum
2413,2022-08-15,-77.3122,-37.8032,ASCAT,0.0,0.0,False,False,False,False,length_below_openberg_minimum
2414,2022-08-16,-77.2832,-37.8266,ASCAT,0.0,0.0,False,False,False,False,length_below_openberg_minimum
2415,2022-08-17,-77.2832,-37.8266,ASCAT,0.0,0.0,False,False,False,False,length_below_openberg_minimum
2416,2022-08-18,-77.2832,-37.8266,ASCAT,0.0,0.0,False,False,False,False,length_below_openberg_minimum
2417,2022-08-19,-77.3048,-37.7078,ASCAT,14816.0,7408.0,False,False,False,False,length_exceeds_openberg_maximum
2418,2022-08-20,-77.3048,-37.7078,ASCAT,0.0,0.0,False,False,False,False,length_below_openberg_minimum
2419,2022-08-21,-77.3048,-37.7078,ASCAT,0.0,0.0,False,False,False,False,length_below_openberg_minimum
2420,2022-08-22,-77.3048,-37.7078,ASCAT,0.0,0.0,False,False,False,False,length_below_openberg_minimum
2421,2022-08-23,-77.3048,-37.7078,ASCAT,0.0,0.0,False,False,False,False,length_below_openberg_minimum
2422,2022-08-24,-77.3048,-37.7078,ASCAT,0.0,0.0,False,False,False,False,length_below_openberg_minimum
2423,2022-08-25,-77.3048,-37.7078,ASCAT,0.0,0.0,False,False,False,False,length_below_openberg_minimum
2424,2022-08-26,-77.3048,-37.7078,ASCAT,14816.0,7408.0,False,False,False,False,length_exceeds_openberg_maximum
2425,2022-08-27,-77.21,-37.16,ASCAT,0.0,0.0,False,False,False,False,length_below_openberg_minimum
2426,2022-08-28,-77.1917,-37.4691,ASCAT,0.0,0.0,False,False,False,False,length_below_openberg_minimum
2427,2022-08-29,-77.1917,-37.4691,ASCAT,0.0,0.0,False,False,False,False,length_below_openberg_minimum
2428,2022-08-30,-77.1453,-37.5867,ASCAT,0.0,0.0,False,False,False,False,length_below_openberg_minimum
2429,2022-08-31,-77.0989,-37.7043,ASCAT,0.0,0.0,False,False,False,False,length_below_openberg_minimum
2430,2022-09-01,-77.1445,-37.4421,ASCAT,0.0,0.0,False,False,False,False,length_below_openberg_minimum
2431,2022-09-02,-77.19,-37.18,ASCAT,14816.0,7408.0,False,False,False,False,length_exceeds_openberg_maximum
2432,2022-09-03,-77.19,-37.18,ASCAT,0.0,0.0,False,False,False,False,length_below_openberg_minimum
2433,2022-09-04,-77.0989,-37.49,ASCAT,0.0,0.0,False,False,False,False,length_below_openberg_minimum
2434,2022-09-05,-77.0989,-37.49,ASCAT,0.0,0.0,False,False,False,False,length_below_openberg_minimum
2435,2022-09-06,-77.074,-37.4031,ASCAT,0.0,0.0,False,False,False,False,length_below_openberg_minimum
2436,2022-09-07,-76.9805,-37.4835,ASCAT,0.0,0.0,False,False,False,False,length_below_openberg_minimum
2437,2022-09-08,-76.9006,-37.5516,ASCAT,0.0,0.0,False,False,False,False,length_below_openberg_minimum
2438,2022-09-09,-76.7601,-37.8634,ASCAT,14816.0,7408.0,False,False,False,False,length_exceeds_openberg_maximum
2439,2022-09-10,-76.7601,-37.8634,ASCAT,0.0,0.0,False,False,False,False,length_below_openberg_minimum
2440,2022-09-11,-76.7916,-37.6873,ASCAT,0.0,0.0,False,False,False,False,length_below_openberg_minimum
2441,2022-09-12,-76.9571,-37.4579,ASCAT,0.0,0.0,False,False,False,False,length_below_openberg_minimum
2442,2022-09-13,-77.0028,-37.4149,ASCAT,0.0,0.0,False,False,False,False,length_below_openberg_minimum
2443,2022-09-14,-77.02,-37.4,ASCAT,0.0,0.0,False,False,False,False,length_below_openberg_minimum
2444,2022-09-15,-77.02,-37.4,ASCAT,0.0,0.0,False,False,False,False,length_below_openberg_minimum
2445,2022-09-16,-77.2399,-37.3639,ASCAT,14816.0,7408.0,False,False,False,False,length_exceeds_openberg_maximum
2446,2022-09-17,-77.2399,-37.3639,ASCAT,0.0,0.0,False,False,False,False,length_below_openberg_minimum
2447,2022-09-18,-77.2694,-37.5453,ASCAT,0.0,0.0,False,False,False,False,length_below_openberg_minimum
2448,2022-09-19,-77.2694,-37.5453,ASCAT,0.0,0.0,False,False,False,False,length_below_openberg_minimum
2449,2022-09-20,-77.2694,-37.5453,ASCAT,0.0,0.0,False,False,False,False,length_below_openberg_minimum
2450,2022-09-21,-77.2694,-37.5453,ASCAT,0.0,0.0,False,False,False,False,length_below_openberg_minimum
2451,2022-09-22,-77.2694,-37.5453,ASCAT,0.0,0.0,False,False,False,False,length_below_openberg_minimum
2452,2022-09-23,-77.2592,-37.7473,ASCAT,14816.0,7408.0,False,False,False,False,length_exceeds_openberg_maximum
2453,2022-09-24,-77.249,-37.9493,ASCAT,0.0,0.0,False,False,False,False,length_below_openberg_minimum
2454,2022-09-25,-77.2821,-37.7638,ASCAT,0.0,0.0,False,False,False,False,length_below_openberg_minimum
2455,2022-09-26,-77.2438,-37.8338,ASCAT,0.0,0.0,False,False,False,False,length_below_openberg_minimum
2456,2022-09-27,-77.172,-38.1044,ASCAT,0.0,0.0,False,False,False,False,length_below_openberg_minimum
2457,2022-09-28,-77.172,-38.1044,ASCAT,0.0,0.0,False,False,False,False,length_below_openberg_minimum
2458,2022-09-29,-77.1973,-37.8821,ASCAT,0.0,0.0,False,False,False,False,length_below_openberg_minimum
2459,2022-09-30,-77.3103,-38.1467,ASCAT,0.0,0.0,False,False,False,False,length_below_openberg_minimum
2460,2022-10-01,-77.3715,-38.2291,ASCAT,0.0,0.0,False,False,False,False,length_below_openberg_minimum
2461,2022-10-02,-77.3654,-38.2564,ASCAT,0.0,0.0,False,False,False,False,length_below_openberg_minimum
2462,2022-10-03,-77.3578,-38.3771,ASCAT,0.0,0.0,False,False,False,False,length_below_openberg_minimum
2463,2022-10-04,-77.3671,-38.4003,ASCAT,0.0,0.0,False,False,False,False,length_below_openberg_minimum
2464,2022-10-05,-77.274,-38.4685,ASCAT,0.0,0.0,False,False,False,False,length_below_openberg_minimum
2465,2022-10-06,-77.1868,-38.526,ASCAT,0.0,0.0,False,False,False,False,length_below_openberg_minimum
2466,2022-10-07,-77.2102,-38.6011,ASCAT,14816.0,7408.0,False,False,False,False,length_exceeds_openberg_maximum
2467,2022-10-08,-77.2617,-38.6878,ASCAT,0.0,0.0,False,False,False,False,length_below_openberg_minimum
2468,2022-10-09,-77.3131,-38.7651,ASCAT,0.0,0.0,False,False,False,False,length_below_openberg_minimum
2469,2022-10-10,-77.3365,-38.8124,ASCAT,0.0,0.0,False,False,False,False,length_below_openberg_minimum
2470,2022-10-11,-77.3359,-38.8344,ASCAT,0.0,0.0,False,False,False,False,length_below_openberg_minimum
2471,2022-10-12,-77.3342,-38.8506,ASCAT,0.0,0.0,False,False,False,False,length_below_openberg_minimum
2472,2022-10-13,-77.3317,-38.8624,ASCAT,0.0,0.0,False,False,False,False,length_below_openberg_minimum
2473,2022-10-14,-77.3285,-38.8712,ASCAT,14816.0,7408.0,False,False,False,False,length_exceeds_openberg_maximum
2474,2022-10-15,-77.3251,-38.8783,ASCAT,0.0,0.0,False,False,False,False,length_below_openberg_minimum
2475,2022-10-16,-77.3214,-38.885,ASCAT,0.0,0.0,False,False,False,False,length_below_openberg_minimum
2476,2022-10-17,-77.318,-38.8927,ASCAT,0.0,0.0,False,False,False,False,length_below_openberg_minimum
2477,2022-10-18,-77.3148,-38.9026,ASCAT,0.0,0.0,False,False,False,False,length_below_openberg_minimum
2478,2022-10-19,-77.3123,-38.9163,ASCAT,0.0,0.0,False,False,False,False,length_below_openberg_minimum
2479,2022-10-20,-77.3106,-38.935,ASCAT,0.0,0.0,False,False,False,False,length_below_openberg_minimum
2480,2022-10-21,-77.31,-38.96,ASCAT,14816.0,7408.0,False,False,False,False,length_exceeds_openberg_maximum
2481,2022-10-22,-77.3159,-39.0703,ASCAT,0.0,0.0,False,False,False,False,length_below_openberg_minimum
2482,2022-10-23,-77.327,-39.2452,ASCAT,0.0,0.0,False,False,False,False,length_below_openberg_minimum
2483,2022-10-24,-77.3329,-39.3364,ASCAT,0.0,0.0,False,False,False,False,length_below_openberg_minimum
2484,2022-10-25,-77.3102,-39.2715,ASCAT,0.0,0.0,False,False,False,False,length_below_openberg_minimum
2485,2022-10-26,-77.2875,-39.2067,ASCAT,0.0,0.0,False,False,False,False,length_below_openberg_minimum
2486,2022-10-27,-77.2875,-39.2067,ASCAT,0.0,0.0,False,False,False,False,length_below_openberg_minimum
2487,2022-10-28,-77.2426,-39.0905,ASCAT,14816.0,7408.0,False,False,False,False,length_exceeds_openberg_maximum
2488,2022-10-29,-77.2035,-39.0897,ASCAT,0.0,0.0,False,False,False,False,length_below_openberg_minimum
2489,2022-10-30,-77.1631,-39.0892,ASCAT,0.0,0.0,False,False,False,False,length_below_openberg_minimum
2490,2022-10-31,-77.1242,-39.0889,ASCAT,0.0,0.0,False,False,False,False,length_below_openberg_minimum
2491,2022-11-01,-77.0893,-39.0888,ASCAT,0.0,0.0,False,False,False,False,length_below_openberg_minimum
2492,2022-11-02,-77.061,-39.0886,ASCAT,0.0,0.0,False,False,False,False,length_below_openberg_minimum
2493,2022-11-03,-77.0422,-39.0883,ASCAT,0.0,0.0,False,False,False,False,length_below_openberg_minimum
2494,2022-11-04,-77.0353,-39.0878,ASCAT,14816.0,7408.0,False,False,False,False,length_exceeds_openberg_maximum
2495,2022-11-05,-77.1014,-39.0363,NIC,0.0,0.0,False,False,False,False,length_below_openberg_minimum
2496,2022-11-06,-77.1051,-39.0337,NIC,0.0,0.0,False,False,False,False,length_below_openberg_minimum
2497,2022-11-07,-77.1102,-39.0318,NIC,0.0,0.0,False,False,False,False,length_below_openberg_minimum
2498,2022-11-08,-77.1161,-39.0299,NIC,0.0,0.0,False,False,False,False,length_below_openberg_minimum
2499,2022-11-09,-77.1219,-39.0277,NIC,0.0,0.0,False,False,False,False,length_below_openberg_minimum
2500,2022-11-10,-77.1268,-39.0245,NIC,0.0,0.0,False,False,False,False,length_below_openberg_minimum
2501,2022-11-11,-77.13,-39.02,NIC,14816.0,7408.0,False,False,False,False,length_exceeds_openberg_maximum
2502,2022-11-12,-77.1318,-38.9955,NIC,0.0,0.0,False,False,False,False,length_below_openberg_minimum
2503,2022-11-13,-77.1331,-38.9411,NIC,0.0,0.0,False,False,False,False,length_below_openberg_minimum
2504,2022-11-14,-77.1342,-38.8691,NIC,0.0,0.0,False,False,False,False,length_below_openberg_minimum
2505,2022-11-15,-77.1352,-38.7916,NIC,0.0,0.0,False,False,False,False,length_below_openberg_minimum
2506,2022-11-16,-77.1363,-38.7211,NIC,0.0,0.0,False,False,False,False,length_below_openberg_minimum
2507,2022-11-17,-77.1378,-38.6698,NIC,0.0,0.0,False,False,False,False,length_below_openberg_minimum
2508,2022-11-18,-77.14,-38.65,NIC,14816.0,7408.0,False,False,False,False,length_exceeds_openberg_maximum
2509,2022-11-19,-77.1079,-38.9083,ASCAT,0.0,0.0,False,False,False,False,length_below_openberg_minimum
2510,2022-11-20,-77.1384,-38.9009,ASCAT,0.0,0.0,False,False,False,False,length_below_openberg_minimum
2511,2022-11-21,-77.1769,-39.0417,ASCAT,0.0,0.0,False,False,False,False,length_below_openberg_minimum
2512,2022-11-22,-77.1891,-39.2638,ASCAT,0.0,0.0,False,False,False,False,length_below_openberg_minimum
2513,2022-11-23,-77.2002,-39.3632,ASCAT,0.0,0.0,False,False,False,False,length_below_openberg_minimum
2514,2022-11-24,-77.2002,-39.3632,ASCAT,0.0,0.0,False,False,False,False,length_below_openberg_minimum
2515,2022-11-25,-77.1997,-39.4449,ASCAT,14816.0,7408.0,False,False,False,False,length_exceeds_openberg_maximum
2516,2022-11-26,-77.1982,-39.5341,ASCAT,0.0,0.0,False,False,False,False,length_below_openberg_minimum
2517,2022-11-27,-77.1848,-39.5431,ASCAT,0.0,0.0,False,False,False,False,length_below_openberg_minimum
2518,2022-11-28,-77.1922,-39.6304,ASCAT,0.0,0.0,False,False,False,False,length_below_openberg_minimum
2519,2022-11-29,-77.1757,-39.6877,ASCAT,0.0,0.0,False,False,False,False,length_below_openberg_minimum
2520,2022-11-30,-77.2145,-39.8926,ASCAT,0.0,0.0,False,False,False,False,length_below_openberg_minimum
2521,2022-12-01,-77.3055,-40.4826,ASCAT,0.0,0.0,False,False,False,False,length_below_openberg_minimum
2522,2022-12-02,-77.3259,-40.5613,ASCAT,14816.0,7408.0,False,False,False,False,length_exceeds_openberg_maximum
2523,2022-12-03,-77.3197,-40.7205,ASCAT,0.0,0.0,False,False,False,False,length_below_openberg_minimum
2524,2022-12-04,-77.3197,-40.7205,ASCAT,0.0,0.0,False,False,False,False,length_below_openberg_minimum
2525,2022-12-05,-77.3197,-40.7205,ASCAT,0.0,0.0,False,False,False,False,length_below_openberg_minimum
2526,2022-12-06,-77.3197,-40.7205,ASCAT,0.0,0.0,False,False,False,False,length_below_openberg_minimum
2527,2022-12-07,-77.3197,-40.7205,ASCAT,0.0,0.0,False,False,False,False,length_below_openberg_minimum
2528,2022-12-08,-77.3159,-40.7142,ASCAT,0.0,0.0,False,False,False,False,length_below_openberg_minimum
2529,2022-12-09,-77.3039,-40.7024,ASCAT,14816.0,7408.0,False,False,False,False,length_exceeds_openberg_maximum
2530,2022-12-10,-77.2825,-40.6961,ASCAT,0.0,0.0,False,False,False,False,length_below_openberg_minimum
2531,2022-12-11,-77.1449,-41.0093,ASCAT,0.0,0.0,False,False,False,False,length_below_openberg_minimum
2532,2022-12-12,-77.1218,-41.0982,ASCAT,0.0,0.0,False,False,False,False,length_below_openberg_minimum
2533,2022-12-13,-77.0985,-41.1878,ASCAT,0.0,0.0,False,False,False,False,length_below_openberg_minimum
2534,2022-12-14,-77.1276,-41.1449,NIC,0.0,0.0,False,False,False,False,length_below_openberg_minimum
2535,2022-12-15,-77.0933,-41.2386,NIC,0.0,0.0,False,False,False,False,length_below_openberg_minimum
2536,2022-12-16,-77.08,-41.31,NIC,14816.0,7408.0,False,False,False,False,length_exceeds_openberg_maximum
2537,2022-12-17,-77.0828,-41.3617,NIC,0.0,0.0,False,False,False,False,length_below_openberg_minimum
2538,2022-12-18,-77.0899,-41.4044,NIC,0.0,0.0,False,False,False,False,length_below_openberg_minimum
2539,2022-12-19,-77.0997,-41.4415,NIC,0.0,0.0,False,False,False,False,length_below_openberg_minimum
2540,2022-12-20,-77.1103,-41.4762,NIC,0.0,0.0,False,False,False,False,length_below_openberg_minimum
2541,2022-12-21,-77.1201,-41.512,NIC,0.0,0.0,False,False,False,False,length_below_openberg_minimum
2542,2022-12-22,-77.1272,-41.5521,NIC,0.0,0.0,False,False,False,False,length_below_openberg_minimum
2543,2022-12-23,-77.13,-41.6,NIC,14816.0,7408.0,False,False,False,False,length_exceeds_openberg_maximum
2544,2022-12-24,-77.1277,-41.6655,NIC,0.0,0.0,False,False,False,False,length_below_openberg_minimum
2545,2022-12-25,-77.1215,-41.75,NIC,0.0,0.0,False,False,False,False,length_below_openberg_minimum
2546,2022-12-26,-77.1125,-41.8434,NIC,0.0,0.0,False,False,False,False,length_below_openberg_minimum
2547,2022-12-27,-77.1017,-41.936,NIC,0.0,0.0,False,False,False,False,length_below_openberg_minimum
2548,2022-12-28,-77.0903,-42.0179,NIC,0.0,0.0,False,False,False,False,length_below_openberg_minimum
2549,2022-12-29,-77.0794,-42.0792,NIC,0.0,0.0,False,False,False,False,length_below_openberg_minimum
2550,2022-12-30,-77.07,-42.11,NIC,14816.0,7408.0,False,False,False,False,length_exceeds_openberg_maximum
2551,2022-12-31,-77.0619,-42.1204,NIC,0.0,0.0,False,False,False,False,length_below_openberg_minimum
2552,2023-01-01,-77.0502,-42.1306,NIC,0.0,0.0,False,False,False,False,length_below_openberg_minimum
2553,2023-01-02,-77.0425,-42.1352,NIC,0.0,0.0,False,False,False,False,length_below_openberg_minimum
2554,2023-01-03,-77.0348,-42.1394,NIC,0.0,0.0,False,False,False,False,length_below_openberg_minimum
2555,2023-01-04,-77.0269,-42.1442,NIC,0.0,0.0,False,False,False,False,length_below_openberg_minimum
2556,2023-01-05,-77.0186,-42.1507,NIC,0.0,0.0,False,False,False,False,length_below_openberg_minimum
2557,2023-01-06,-77.01,-42.16,NIC,14816.0,7408.0,False,False,False,False,length_exceeds_openberg_maximum
2558,2023-01-07,-76.9999,-42.1758,NIC,0.0,0.0,False,False,False,False,length_below_openberg_minimum
2559,2023-01-08,-76.9881,-42.1998,NIC,0.0,0.0,False,False,False,False,length_below_openberg_minimum
2560,2023-01-09,-76.9756,-42.2299,NIC,0.0,0.0,False,False,False,False,length_below_openberg_minimum
2561,2023-01-10,-76.9635,-42.2641,NIC,0.0,0.0,False,False,False,False,length_below_openberg_minimum
2562,2023-01-11,-76.9528,-42.3002,NIC,0.0,0.0,False,False,False,False,length_below_openberg_minimum
2563,2023-01-12,-76.9446,-42.3362,NIC,0.0,0.0,False,False,False,False,length_below_openberg_minimum
2564,2023-01-13,-76.94,-42.37,NIC,14816.0,7408.0,False,False,False,False,length_exceeds_openberg_maximum
2565,2023-01-14,-76.9379,-42.4014,NIC,0.0,0.0,False,False,False,False,length_below_openberg_minimum
2566,2023-01-15,-76.9366,-42.4321,NIC,0.0,0.0,False,False,False,False,length_below_openberg_minimum
2567,2023-01-16,-76.9356,-42.4632,NIC,0.0,0.0,False,False,False,False,length_below_openberg_minimum
2568,2023-01-17,-76.9347,-42.4956,NIC,0.0,0.0,False,False,False,False,length_below_openberg_minimum
2569,2023-01-18,-76.9337,-42.5302,NIC,0.0,0.0,False,False,False,False,length_below_openberg_minimum
2570,2023-01-19,-76.9322,-42.568,NIC,0.0,0.0,False,False,False,False,length_below_openberg_minimum
2571,2023-01-20,-76.93,-42.61,NIC,14816.0,7408.0,False,False,False,False,length_exceeds_openberg_maximum
2572,2023-01-21,-76.923,-42.6573,NIC,0.0,0.0,False,False,False,False,length_below_openberg_minimum
2573,2023-01-22,-76.9087,-42.7103,NIC,0.0,0.0,False,False,False,False,length_below_openberg_minimum
2574,2023-01-23,-76.8888,-42.7687,NIC,0.0,0.0,False,False,False,False,length_below_openberg_minimum
2575,2023-01-24,-76.8652,-42.8322,NIC,0.0,0.0,False,False,False,False,length_below_openberg_minimum
2576,2023-01-25,-76.8396,-42.9004,NIC,0.0,0.0,False,False,False,False,length_below_openberg_minimum
2577,2023-01-26,-76.814,-42.9731,NIC,0.0,0.0,False,False,False,False,length_below_openberg_minimum
2578,2023-01-27,-76.79,-43.05,NIC,14816.0,7408.0,False,False,False,False,length_exceeds_openberg_maximum
2579,2023-01-28,-76.7635,-43.1378,NIC,0.0,0.0,False,False,False,False,length_below_openberg_minimum
2580,2023-01-29,-76.7314,-43.24,NIC,0.0,0.0,False,False,False,False,length_below_openberg_minimum
2581,2023-01-30,-76.6971,-43.3516,NIC,0.0,0.0,False,False,False,False,length_below_openberg_minimum
2582,2023-01-31,-76.6643,-43.4674,NIC,0.0,0.0,False,False,False,False,length_below_openberg_minimum
2583,2023-02-01,-76.6365,-43.5825,NIC,0.0,0.0,False,False,False,False,length_below_openberg_minimum
2584,2023-02-02,-76.6172,-43.6917,NIC,0.0,0.0,False,False,False,False,length_below_openberg_minimum
2585,2023-02-03,-76.61,-43.79,NIC,14816.0,7408.0,False,False,False,False,length_exceeds_openberg_maximum
2586,2023-02-04,-76.6106,-43.8879,NIC,0.0,0.0,False,False,False,False,length_below_openberg_minimum
2587,2023-02-05,-76.612,-43.994,NIC,0.0,0.0,False,False,False,False,length_below_openberg_minimum
2588,2023-02-06,-76.6544,-43.8833,ASCAT,0.0,0.0,False,False,False,False,length_below_openberg_minimum
2589,2023-02-07,-76.6397,-43.9291,ASCAT,0.0,0.0,False,False,False,False,length_below_openberg_minimum
2590,2023-02-08,-76.6208,-43.9791,ASCAT,0.0,0.0,False,False,False,False,length_below_openberg_minimum
2591,2023-02-09,-76.5988,-44.0317,ASCAT,0.0,0.0,False,False,False,False,length_below_openberg_minimum
2592,2023-02-10,-76.5746,-44.0855,ASCAT,14816.0,7408.0,False,False,False,False,length_exceeds_openberg_maximum
2593,2023-02-11,-76.5494,-44.1387,ASCAT,0.0,0.0,False,False,False,False,length_below_openberg_minimum
2594,2023-02-12,-76.5242,-44.1899,ASCAT,0.0,0.0,False,False,False,False,length_below_openberg_minimum
2595,2023-02-13,-76.5,-44.2375,ASCAT,0.0,0.0,False,False,False,False,length_below_openberg_minimum
2596,2023-02-14,-76.4778,-44.2799,ASCAT,0.0,0.0,False,False,False,False,length_below_openberg_minimum
2597,2023-02-15,-76.4588,-44.3156,ASCAT,0.0,0.0,False,False,False,False,length_below_openberg_minimum
2598,2023-02-16,-76.4439,-44.3431,ASCAT,0.0,0.0,False,False,False,False,length_below_openberg_minimum
2599,2023-02-17,-76.4342,-44.3607,ASCAT,14816.0,7408.0,False,False,False,False,length_exceeds_openberg_maximum
2600,2023-02-18,-76.4307,-44.3669,ASCAT,0.0,0.0,False,False,False,False,length_below_openberg_minimum
2601,2023-02-19,-76.4307,-44.3669,ASCAT,0.0,0.0,False,False,False,False,length_below_openberg_minimum
2602,2023-02-20,-76.4307,-44.3669,ASCAT,0.0,0.0,False,False,False,False,length_below_openberg_minimum
2603,2023-02-21,-76.4316,-44.3561,NIC,0.0,0.0,False,False,False,False,length_below_openberg_minimum
2604,2023-02-22,-76.4258,-44.358,NIC,0.0,0.0,False,False,False,False,length_below_openberg_minimum
2605,2023-02-23,-76.4188,-44.3594,NIC,0.0,0.0,False,False,False,False,length_below_openberg_minimum
2606,2023-02-24,-76.41,-44.36,NIC,14816.0,7408.0,False,False,False,False,length_exceeds_openberg_maximum
2607,2023-02-25,-76.3985,-44.344,NIC,0.0,0.0,False,False,False,False,length_below_openberg_minimum
2608,2023-02-26,-76.3843,-44.3002,NIC,0.0,0.0,False,False,False,False,length_below_openberg_minimum
2609,2023-02-27,-76.368,-44.235,NIC,0.0,0.0,False,False,False,False,length_below_openberg_minimum
2610,2023-02-28,-76.35,-44.155,NIC,0.0,0.0,False,False,False,False,length_below_openberg_minimum
2611,2023-03-01,-76.3307,-44.0665,NIC,0.0,0.0,False,False,False,False,length_below_openberg_minimum
2612,2023-03-02,-76.3105,-43.9761,NIC,0.0,0.0,False,False,False,False,length_below_openberg_minimum
2613,2023-03-03,-76.29,-43.89,NIC,14816.0,7408.0,False,False,False,False,length_exceeds_openberg_maximum
2614,2023-03-04,-76.2649,-43.7895,NIC,0.0,0.0,False,False,False,False,length_below_openberg_minimum
2615,2023-03-05,-76.2333,-43.6619,NIC,0.0,0.0,False,False,False,False,length_below_openberg_minimum
2616,2023-03-06,-76.2116,-43.6263,ASCAT,0.0,0.0,False,False,False,False,length_below_openberg_minimum
2617,2023-03-07,-76.1952,-43.5626,ASCAT,0.0,0.0,False,False,False,False,length_below_openberg_minimum
2618,2023-03-08,-76.177,-43.4894,ASCAT,0.0,0.0,False,False,False,False,length_below_openberg_minimum
2619,2023-03-09,-76.1577,-43.4094,ASCAT,0.0,0.0,False,False,False,False,length_below_openberg_minimum
2620,2023-03-10,-76.1378,-43.3255,ASCAT,14816.0,7408.0,False,False,False,False,length_exceeds_openberg_maximum
2621,2023-03-11,-76.1179,-43.2408,ASCAT,0.0,0.0,False,False,False,False,length_below_openberg_minimum
2622,2023-03-12,-76.0987,-43.1579,ASCAT,0.0,0.0,False,False,False,False,length_below_openberg_minimum
2623,2023-03-13,-76.0808,-43.0799,ASCAT,0.0,0.0,False,False,False,False,length_below_openberg_minimum
2624,2023-03-14,-76.0648,-43.0096,ASCAT,0.0,0.0,False,False,False,False,length_below_openberg_minimum
2625,2023-03-15,-76.0513,-42.9499,ASCAT,0.0,0.0,False,False,False,False,length_below_openberg_minimum
2626,2023-03-16,-76.0409,-42.9036,ASCAT,0.0,0.0,False,False,False,False,length_below_openberg_minimum
2627,2023-03-17,-76.0342,-42.8738,ASCAT,14816.0,7408.0,False,False,False,False,length_exceeds_openberg_maximum
2628,2023-03-18,-76.0318,-42.8632,ASCAT,0.0,0.0,False,False,False,False,length_below_openberg_minimum
2629,2023-03-19,-76.1223,-43.3199,NIC,0.0,0.0,False,False,False,False,length_below_openberg_minimum
2630,2023-03-20,-76.0852,-43.1128,NIC,0.0,0.0,False,False,False,False,length_below_openberg_minimum
2631,2023-03-21,-76.0448,-42.8872,NIC,0.0,0.0,False,False,False,False,length_below_openberg_minimum
2632,2023-03-22,-76.0077,-42.6801,NIC,0.0,0.0,False,False,False,False,length_below_openberg_minimum
2633,2023-03-23,-75.9805,-42.5287,NIC,0.0,0.0,False,False,False,False,length_below_openberg_minimum
2634,2023-03-24,-75.97,-42.47,NIC,14816.0,7408.0,False,False,False,False,length_exceeds_openberg_maximum
2635,2023-03-25,-75.9774,-42.5248,NIC,0.0,0.0,False,False,False,False,length_below_openberg_minimum
2636,2023-03-26,-75.9967,-42.6663,NIC,0.0,0.0,False,False,False,False,length_below_openberg_minimum
2637,2023-03-27,-76.0231,-42.8597,NIC,0.0,0.0,False,False,False,False,length_below_openberg_minimum
2638,2023-03-28,-76.0523,-43.0703,NIC,0.0,0.0,False,False,False,False,length_below_openberg_minimum
2639,2023-03-29,-76.0795,-43.2637,NIC,0.0,0.0,False,False,False,False,length_below_openberg_minimum
2640,2023-03-30,-76.1003,-43.4052,NIC,0.0,0.0,False,False,False,False,length_below_openberg_minimum
2641,2023-03-31,-76.11,-43.46,NIC,14816.0,7408.0,False,False,False,False,length_exceeds_openberg_maximum
2642,2023-04-01,-76.1123,-43.4561,NIC,0.0,0.0,False,False,False,False,length_below_openberg_minimum
2643,2023-04-02,-76.1141,-43.4461,NIC,0.0,0.0,False,False,False,False,length_below_openberg_minimum
2644,2023-04-03,-76.1155,-43.4324,NIC,0.0,0.0,False,False,False,False,length_below_openberg_minimum
2645,2023-04-04,-76.0796,-43.7376,ASCAT,0.0,0.0,False,False,False,False,length_below_openberg_minimum
2646,2023-04-05,-76.1354,-43.8142,ASCAT,0.0,0.0,False,False,False,False,length_below_openberg_minimum
2647,2023-04-06,-76.1551,-43.6589,ASCAT,0.0,0.0,False,False,False,False,length_below_openberg_minimum
2648,2023-04-07,-76.136,-43.4508,ASCAT,14816.0,7408.0,False,False,False,False,length_exceeds_openberg_maximum
2649,2023-04-08,-76.1168,-43.3231,ASCAT,0.0,0.0,False,False,False,False,length_below_openberg_minimum
2650,2023-04-09,-76.2315,-43.7789,ASCAT,0.0,0.0,False,False,False,False,length_below_openberg_minimum
2651,2023-04-10,-76.229,-44.0154,ASCAT,0.0,0.0,False,False,False,False,length_below_openberg_minimum
2652,2023-04-11,-76.1842,-44.1009,ASCAT,0.0,0.0,False,False,False,False,length_below_openberg_minimum
2653,2023-04-12,-76.1274,-44.1352,ASCAT,0.0,0.0,False,False,False,False,length_below_openberg_minimum
2654,2023-04-13,-76.1055,-44.0704,ASCAT,0.0,0.0,False,False,False,False,length_below_openberg_minimum
2655,2023-04-14,-76.0882,-44.0056,ASCAT,14816.0,7408.0,False,False,False,False,length_exceeds_openberg_maximum
2656,2023-04-15,-76.0697,-44.0292,ASCAT,0.0,0.0,False,False,False,False,length_below_openberg_minimum
2657,2023-04-16,-76.0697,-44.0292,ASCAT,0.0,0.0,False,False,False,False,length_below_openberg_minimum
2658,2023-04-17,-76.0654,-44.2025,ASCAT,0.0,0.0,False,False,False,False,length_below_openberg_minimum
2659,2023-04-18,-76.0611,-44.3757,ASCAT,0.0,0.0,False,False,False,False,length_below_openberg_minimum
2660,2023-04-19,-76.0616,-44.3672,ASCAT,0.0,0.0,False,False,False,False,length_below_openberg_minimum
2661,2023-04-20,-76.0719,-44.7543,ASCAT,0.0,0.0,False,False,False,False,length_below_openberg_minimum
2662,2023-04-21,-76.0972,-44.8155,ASCAT,14816.0,7408.0,False,False,False,False,length_exceeds_openberg_maximum
2663,2023-04-22,-76.1157,-44.8648,ASCAT,0.0,0.0,False,False,False,False,length_below_openberg_minimum
2664,2023-04-23,-76.0971,-44.9972,ASCAT,0.0,0.0,False,False,False,False,length_below_openberg_minimum
2665,2023-04-24,-76.0839,-45.1354,ASCAT,0.0,0.0,False,False,False,False,length_below_openberg_minimum
2666,2023-04-25,-76.0724,-45.2822,ASCAT,0.0,0.0,False,False,False,False,length_below_openberg_minimum
2667,2023-04-26,-76.0621,-45.4636,ASCAT,0.0,0.0,False,False,False,False,length_below_openberg_minimum
2668,2023-04-27,-76.0536,-45.676,ASCAT,0.0,0.0,False,False,False,False,length_below_openberg_minimum
2669,2023-04-28,-76.0445,-45.8841,ASCAT,14816.0,7408.0,False,False,False,False,length_exceeds_openberg_maximum
2670,2023-04-29,-76.0329,-46.0525,ASCAT,0.0,0.0,False,False,False,False,length_below_openberg_minimum
2671,2023-04-30,-76.0164,-46.1457,ASCAT,0.0,0.0,False,False,False,False,length_below_openberg_minimum
2672,2023-05-01,-75.9789,-46.1754,ASCAT,0.0,0.0,False,False,False,False,length_below_openberg_minimum
2673,2023-05-02,-75.9687,-46.2218,ASCAT,0.0,0.0,False,False,False,False,length_below_openberg_minimum
2674,2023-05-03,-75.9681,-46.461,ASCAT,0.0,0.0,False,False,False,False,length_below_openberg_minimum
2675,2023-05-04,-75.9836,-46.9249,ASCAT,0.0,0.0,False,False,False,False,length_below_openberg_minimum
2676,2023-05-05,-75.9664,-47.5564,ASCAT,14816.0,7408.0,False,False,False,False,length_exceeds_openberg_maximum
2677,2023-05-06,-75.9462,-47.7894,ASCAT,0.0,0.0,False,False,False,False,length_below_openberg_minimum
2678,2023-05-07,-75.9245,-47.9429,ASCAT,0.0,0.0,False,False,False,False,length_below_openberg_minimum
2679,2023-05-08,-75.9048,-47.9989,ASCAT,0.0,0.0,False,False,False,False,length_below_openberg_minimum
2680,2023-05-09,-75.8847,-47.9999,ASCAT,0.0,0.0,False,False,False,False,length_below_openberg_minimum
2681,2023-05-10,-75.8734,-48.0002,ASCAT,0.0,0.0,False,False,False,False,length_below_openberg_minimum
2682,2023-05-11,-75.8734,-48.0002,ASCAT,0.0,0.0,False,False,False,False,length_below_openberg_minimum
2683,2023-05-12,-75.8734,-48.0002,ASCAT,14816.0,7408.0,False,False,False,False,length_exceeds_openberg_maximum
2684,2023-05-13,-75.9,-48.4231,ASCAT,0.0,0.0,False,False,False,False,length_below_openberg_minimum
2685,2023-05-14,-75.8738,-48.5002,ASCAT,0.0,0.0,False,False,False,False,length_below_openberg_minimum
2686,2023-05-15,-75.8738,-48.5002,ASCAT,0.0,0.0,False,False,False,False,length_below_openberg_minimum
2687,2023-05-16,-75.8738,-48.5002,ASCAT,0.0,0.0,False,False,False,False,length_below_openberg_minimum
2688,2023-05-17,-75.8738,-48.5002,ASCAT,0.0,0.0,False,False,False,False,length_below_openberg_minimum
2689,2023-05-18,-75.8738,-48.5002,ASCAT,0.0,0.0,False,False,False,False,length_below_openberg_minimum
2690,2023-05-19,-75.8738,-48.5002,ASCAT,14816.0,7408.0,False,False,False,False,length_exceeds_openberg_maximum
2691,2023-05-20,-75.8567,-48.6188,ASCAT,0.0,0.0,False,False,False,False,length_below_openberg_minimum
2692,2023-05-21,-75.8567,-48.6188,ASCAT,0.0,0.0,False,False,False,False,length_below_openberg_minimum
2693,2023-05-22,-75.8567,-48.6188,ASCAT,0.0,0.0,False,False,False,False,length_below_openberg_minimum
2694,2023-05-23,-75.8567,-48.6188,ASCAT,0.0,0.0,False,False,False,False,length_below_openberg_minimum
2695,2023-05-24,-75.8572,-48.6292,ASCAT,0.0,0.0,False,False,False,False,length_below_openberg_minimum
2696,2023-05-25,-75.8588,-48.6587,ASCAT,0.0,0.0,False,False,False,False,length_below_openberg_minimum
2697,2023-05-26,-75.8611,-48.7047,ASCAT,14816.0,7408.0,False,False,False,False,length_exceeds_openberg_maximum
2698,2023-05-27,-75.864,-48.7645,ASCAT,0.0,0.0,False,False,False,False,length_below_openberg_minimum
2699,2023-05-28,-75.8674,-48.8355,ASCAT,0.0,0.0,False,False,False,False,length_below_openberg_minimum
2700,2023-05-29,-75.871,-48.915,ASCAT,0.0,0.0,False,False,False,False,length_below_openberg_minimum
2701,2023-05-30,-75.8747,-49.0004,ASCAT,0.0,0.0,False,False,False,False,length_below_openberg_minimum
2702,2023-05-31,-75.8783,-49.089,ASCAT,0.0,0.0,False,False,False,False,length_below_openberg_minimum
2703,2023-06-01,-75.8817,-49.1783,ASCAT,0.0,0.0,False,False,False,False,length_below_openberg_minimum
2704,2023-06-02,-75.8846,-49.2655,ASCAT,14816.0,7408.0,False,False,False,False,length_exceeds_openberg_maximum
2705,2023-06-03,-75.8869,-49.3481,ASCAT,0.0,0.0,False,False,False,False,length_below_openberg_minimum
2706,2023-06-04,-75.8885,-49.4234,ASCAT,0.0,0.0,False,False,False,False,length_below_openberg_minimum
2707,2023-06-05,-75.889,-49.4888,ASCAT,0.0,0.0,False,False,False,False,length_below_openberg_minimum
2708,2023-06-06,-75.8773,-49.5421,ASCAT,0.0,0.0,False,False,False,False,length_below_openberg_minimum
2709,2023-06-07,-75.8484,-49.5882,ASCAT,0.0,0.0,False,False,False,False,length_below_openberg_minimum
2710,2023-06-08,-75.811,-49.6352,ASCAT,0.0,0.0,False,False,False,False,length_below_openberg_minimum
2711,2023-06-09,-75.7743,-49.691,ASCAT,14816.0,7408.0,False,False,False,False,length_exceeds_openberg_maximum
2712,2023-06-10,-75.7473,-49.7638,ASCAT,0.0,0.0,False,False,False,False,length_below_openberg_minimum
2713,2023-06-11,-75.7338,-49.8671,ASCAT,0.0,0.0,False,False,False,False,length_below_openberg_minimum
2714,2023-06-12,-75.7163,-50.0405,ASCAT,0.0,0.0,False,False,False,False,length_below_openberg_minimum
2715,2023-06-13,-75.6475,-50.4846,ASCAT,0.0,0.0,False,False,False,False,length_below_openberg_minimum
2716,2023-06-14,-75.6644,-50.9646,ASCAT,0.0,0.0,False,False,False,False,length_below_openberg_minimum
2717,2023-06-15,-75.6504,-51.1547,ASCAT,0.0,0.0,False,False,False,False,length_below_openberg_minimum
2718,2023-06-16,-75.6573,-51.3336,ASCAT,0.0,0.0,False,False,False,False,length_below_openberg_minimum
2719,2023-06-17,-75.6643,-51.4858,ASCAT,0.0,0.0,False,False,False,False,length_below_openberg_minimum
2720,2023-06-18,-75.6115,-51.59,ASCAT,0.0,0.0,False,False,False,False,length_below_openberg_minimum
2721,2023-06-19,-75.6115,-51.59,ASCAT,0.0,0.0,False,False,False,False,length_below_openberg_minimum
2722,2023-06-20,-75.5909,-51.7379,ASCAT,0.0,0.0,False,False,False,False,length_below_openberg_minimum
2723,2023-06-21,-75.5473,-51.9522,ASCAT,0.0,0.0,False,False,False,False,length_below_openberg_minimum
2724,2023-06-22,-75.4768,-52.0615,ASCAT,0.0,0.0,False,False,False,False,length_below_openberg_minimum
2725,2023-06-23,-75.4206,-52.1887,ASCAT,0.0,0.0,False,False,False,False,length_below_openberg_minimum
2726,2023-06-24,-75.364,-52.2585,ASCAT,0.0,0.0,False,False,False,False,length_below_openberg_minimum
2727,2023-06-25,-75.2392,-52.5903,ASCAT,0.0,0.0,False,False,False,False,length_below_openberg_minimum
2728,2023-06-26,-75.1509,-52.8534,ASCAT,0.0,0.0,False,False,False,False,length_below_openberg_minimum
2729,2023-06-27,-75.0826,-52.9264,ASCAT,0.0,0.0,False,False,False,False,length_below_openberg_minimum
2730,2023-06-28,-75.0479,-52.9538,ASCAT,0.0,0.0,False,False,False,False,length_below_openberg_minimum
2731,2023-06-29,-75.0479,-52.9538,ASCAT,0.0,0.0,False,False,False,False,length_below_openberg_minimum
2732,2023-06-30,-75.0479,-52.9538,ASCAT,14816.0,7408.0,False,False,False,False,length_exceeds_openberg_maximum
2733,2023-07-01,-75.0479,-52.9538,ASCAT,0.0,0.0,False,False,False,False,length_below_openberg_minimum
2734,2023-07-02,-75.0685,-52.6459,ASCAT,0.0,0.0,False,False,False,False,length_below_openberg_minimum
2735,2023-07-03,-75.0521,-52.801,ASCAT,0.0,0.0,False,False,False,False,length_below_openberg_minimum
2736,2023-07-04,-75.0351,-52.6491,ASCAT,0.0,0.0,False,False,False,False,length_below_openberg_minimum
2737,2023-07-05,-75.0351,-52.6491,ASCAT,0.0,0.0,False,False,False,False,length_below_openberg_minimum
2738,2023-07-06,-74.9744,-52.5079,ASCAT,0.0,0.0,False,False,False,False,length_below_openberg_minimum
2739,2023-07-07,-74.8938,-52.3668,ASCAT,14816.0,7408.0,False,False,False,False,length_exceeds_openberg_maximum
2740,2023-07-08,-74.8644,-52.5692,ASCAT,0.0,0.0,False,False,False,False,length_below_openberg_minimum
2741,2023-07-09,-74.8041,-52.8939,ASCAT,0.0,0.0,False,False,False,False,length_below_openberg_minimum
2742,2023-07-10,-74.697,-52.6536,ASCAT,0.0,0.0,False,False,False,False,length_below_openberg_minimum
2743,2023-07-11,-74.697,-52.6536,ASCAT,0.0,0.0,False,False,False,False,length_below_openberg_minimum
2744,2023-07-12,-74.6685,-52.5818,ASCAT,0.0,0.0,False,False,False,False,length_below_openberg_minimum
2745,2023-07-13,-74.64,-52.51,ASCAT,0.0,0.0,False,False,False,False,length_below_openberg_minimum
2746,2023-07-14,-74.6685,-52.5138,ASCAT,14816.0,7408.0,False,False,False,False,length_exceeds_openberg_maximum
2747,2023-07-15,-74.697,-52.5261,ASCAT,0.0,0.0,False,False,False,False,length_below_openberg_minimum
2748,2023-07-16,-74.6677,-52.655,ASCAT,0.0,0.0,False,False,False,False,length_below_openberg_minimum
2749,2023-07-17,-74.6677,-52.655,ASCAT,0.0,0.0,False,False,False,False,length_below_openberg_minimum
2750,2023-07-18,-74.6611,-52.8217,ASCAT,0.0,0.0,False,False,False,False,length_below_openberg_minimum
2751,2023-07-19,-74.6335,-53.0423,ASCAT,0.0,0.0,False,False,False,False,length_below_openberg_minimum
2752,2023-07-20,-74.5011,-53.3346,ASCAT,0.0,0.0,False,False,False,False,length_below_openberg_minimum
2753,2023-07-21,-74.2989,-53.6365,ASCAT,14816.0,7408.0,False,False,False,False,length_exceeds_openberg_maximum
2754,2023-07-22,-74.1943,-53.7755,ASCAT,0.0,0.0,False,False,False,False,length_below_openberg_minimum
2755,2023-07-23,-74.1943,-53.7755,ASCAT,0.0,0.0,False,False,False,False,length_below_openberg_minimum
2756,2023-07-24,-74.1792,-53.7763,ASCAT,0.0,0.0,False,False,False,False,length_below_openberg_minimum
2757,2023-07-25,-74.1448,-53.7788,ASCAT,0.0,0.0,False,False,False,False,length_below_openberg_minimum
2758,2023-07-26,-74.1075,-53.7831,ASCAT,0.0,0.0,False,False,False,False,length_below_openberg_minimum
2759,2023-07-27,-74.0728,-53.8264,ASCAT,0.0,0.0,False,False,False,False,length_below_openberg_minimum
2760,2023-07-28,-74.0308,-53.8987,ASCAT,14816.0,7408.0,False,False,False,False,length_exceeds_openberg_maximum
2761,2023-07-29,-73.9591,-53.9662,ASCAT,0.0,0.0,False,False,False,False,length_below_openberg_minimum
2762,2023-07-30,-73.8744,-54.0389,ASCAT,0.0,0.0,False,False,False,False,length_below_openberg_minimum
2763,2023-07-31,-73.8283,-54.1114,ASCAT,0.0,0.0,False,False,False,False,length_below_openberg_minimum
2764,2023-08-01,-73.8224,-54.1821,ASCAT,0.0,0.0,False,False,False,False,length_below_openberg_minimum
2765,2023-08-02,-73.8224,-54.1821,ASCAT,0.0,0.0,False,False,False,False,length_below_openberg_minimum
2766,2023-08-03,-73.8224,-54.1821,ASCAT,0.0,0.0,False,False,False,False,length_below_openberg_minimum
2767,2023-08-04,-73.8224,-54.1821,ASCAT,14816.0,7408.0,False,False,False,False,length_exceeds_openberg_maximum
2768,2023-08-05,-73.8224,-54.1821,ASCAT,0.0,0.0,False,False,False,False,length_below_openberg_minimum
2769,2023-08-06,-73.8224,-54.1821,ASCAT,0.0,0.0,False,False,False,False,length_below_openberg_minimum
2770,2023-08-07,-73.8224,-54.1821,ASCAT,0.0,0.0,False,False,False,False,length_below_openberg_minimum
2771,2023-08-08,-73.8224,-54.1821,ASCAT,0.0,0.0,False,False,False,False,length_below_openberg_minimum
2772,2023-08-09,-73.8224,-54.1821,ASCAT,0.0,0.0,False,False,False,False,length_below_openberg_minimum
2773,2023-08-10,-73.9256,-54.2309,ASCAT,0.0,0.0,False,False,False,False,length_below_openberg_minimum
2774,2023-08-11,-73.7314,-54.6284,ASCAT,14816.0,7408.0,False,False,False,False,length_exceeds_openberg_maximum
2775,2023-08-12,-73.5888,-54.6007,ASCAT,0.0,0.0,False,False,False,False,length_below_openberg_minimum
2776,2023-08-13,-73.506,-54.5713,ASCAT,0.0,0.0,False,False,False,False,length_below_openberg_minimum
2777,2023-08-14,-73.4825,-54.5684,ASCAT,0.0,0.0,False,False,False,False,length_below_openberg_minimum
2778,2023-08-15,-73.4674,-54.5667,ASCAT,0.0,0.0,False,False,False,False,length_below_openberg_minimum
2779,2023-08-16,-73.4621,-54.5661,ASCAT,0.0,0.0,False,False,False,False,length_below_openberg_minimum
2780,2023-08-17,-73.4621,-54.5661,ASCAT,0.0,0.0,False,False,False,False,length_below_openberg_minimum
2781,2023-08-18,-73.6064,-54.2468,ASCAT,14816.0,7408.0,False,False,False,False,length_exceeds_openberg_maximum
2782,2023-08-19,-73.5861,-53.9372,ASCAT,0.0,0.0,False,False,False,False,length_below_openberg_minimum
2783,2023-08-20,-73.46,-54.55,NIC,0.0,0.0,False,False,False,False,length_below_openberg_minimum
2784,2023-08-21,-73.46,-54.55,NIC,0.0,0.0,False,False,False,False,length_below_openberg_minimum
2785,2023-08-22,-73.46,-54.55,NIC,0.0,0.0,False,False,False,False,length_below_openberg_minimum
2786,2023-08-23,-73.46,-54.55,NIC,0.0,0.0,False,False,False,False,length_below_openberg_minimum
2787,2023-08-24,-73.46,-54.55,NIC,0.0,0.0,False,False,False,False,length_below_openberg_minimum
2788,2023-08-25,-73.46,-54.55,NIC,14816.0,7408.0,False,False,False,False,length_exceeds_openberg_maximum
