source_index,timestamp,latitude,longitude,sensor_source,length_m,width_m,era5_covered,glorys_covered,environment_matched,openberg_geometry_compatible,geometry_compatibility_reason
0,2014-06-14,-66.1152,85.4462,ASCAT,20372.0,7408.0,False,False,False,False,length_exceeds_openberg_maximum
1,2014-06-15,-66.1152,85.4462,ASCAT,20372.0,7408.0,False,False,False,False,length_exceeds_openberg_maximum
2,2014-06-16,-66.1152,85.4462,ASCAT,20372.0,7408.0,False,False,False,False,length_exceeds_openberg_maximum
3,2014-06-17,-66.1152,85.4462,ASCAT,20372.0,7408.0,False,False,False,False,length_exceeds_openberg_maximum
4,2014-06-18,-66.1152,85.4462,ASCAT,20372.0,7408.0,False,False,False,False,length_exceeds_openberg_maximum
5,2014-06-19,-66.1152,85.4462,ASCAT,20372.0,7408.0,False,False,False,False,length_exceeds_openberg_maximum
6,2014-06-20,-66.1152,85.4462,ASCAT,20372.0,7408.0,False,False,False,False,length_exceeds_openberg_maximum
7,2014-06-21,-66.1152,85.4462,ASCAT,20372.0,7408.0,False,False,False,False,length_exceeds_openberg_maximum
8,2014-06-22,-66.1152,85.4462,ASCAT,20372.0,7408.0,False,False,False,False,length_exceeds_openberg_maximum
9,2014-06-23,-66.1152,85.4462,ASCAT,20372.0,7408.0,False,False,False,False,length_exceeds_openberg_maximum
10,2014-06-24,-66.1152,85.4462,ASCAT,20372.0,7408.0,False,False,False,False,length_exceeds_openberg_maximum
11,2014-06-25,-66.1152,85.4462,ASCAT,20372.0,7408.0,False,False,False,False,length_exceeds_openberg_maximum
12,2014-06-26,-66.1152,85.4462,ASCAT,20372.0,7408.0,False,False,False,False,length_exceeds_openberg_maximum
13,2014-06-27,-66.1152,85.4462,ASCAT,20372.0,7408.0,False,False,False,False,length_exceeds_openberg_maximum
14,2014-06-28,-66.1152,85.4462,ASCAT,20372.0,7408.0,False,False,False,False,length_exceeds_openberg_maximum
15,2014-06-29,-66.1152,85.4462,ASCAT,20372.0,7408.0,False,False,False,False,length_exceeds_openberg_maximum
16,2014-06-30,-66.1152,85.4462,ASCAT,20372.0,7408.0,False,False,False,False,length_exceeds_openberg_maximum
17,2014-07-01,-66.1152,85.4462,ASCAT,20372.0,7408.0,False,False,False,False,length_exceeds_openberg_maximum
18,2014-07-02,-66.1152,85.4462,ASCAT,20372.0,7408.0,False,False,False,False,length_exceeds_openberg_maximum
19,2014-07-03,-66.1152,85.4462,ASCAT,20372.0,7408.0,False,False,False,False,length_exceeds_openberg_maximum
20,2014-07-04,-66.1152,85.4462,ASCAT,20372.0,7408.0,False,False,False,False,length_exceeds_openberg_maximum
21,2014-07-05,-66.1152,85.4462,ASCAT,20372.0,7408.0,False,False,False,False,length_exceeds_openberg_maximum
22,2014-07-06,-66.1152,85.4462,ASCAT,20372.0,7408.0,False,False,False,False,length_exceeds_openberg_maximum
23,2014-07-07,-66.1152,85.4462,ASCAT,20372.0,7408.0,False,False,False,False,length_exceeds_openberg_maximum
24,2014-07-08,-66.1152,85.4462,ASCAT,20372.0,7408.0,False,False,False,False,length_exceeds_openberg_maximum
25,2014-07-09,-66.1152,85.4462,ASCAT,20372.0,7408.0,False,False,False,False,length_exceeds_openberg_maximum
26,2014-07-10,-66.1152,85.4462,ASCAT,20372.0,7408.0,False,False,False,False,length_exceeds_openberg_maximum
27,2014-07-11,-66.1152,85.4462,ASCAT,20372.0,7408.0,False,False,False,False,length_exceeds_openberg_maximum
28,2014-07-12,-66.1152,85.4462,ASCAT,20372.0,7408.0,False,False,False,False,length_exceeds_openberg_maximum
29,2014-07-13,-66.1152,85.4462,ASCAT,20372.0,7408.0,False,False,False,False,length_exceeds_openberg_maximum
30,2014-07-14,-66.1152,85.4462,ASCAT,20372.0,7408.0,False,False,False,False,length_exceeds_openberg_maximum
31,2014-07-15,-66.1152,85.4462,ASCAT,20372.0,7408.0,False,False,False,False,length_exceeds_openberg_maximum
32,2014-07-16,-66.1152,85.4462,ASCAT,20372.0,7408.0,False,False,False,False,length_exceeds_openberg_maximum
33,2014-07-17,-66.1152,85.4462,ASCAT,20372.0,7408.0,False,False,False,False,length_exceeds_openberg_maximum
34,2014-07-18,-66.1152,85.4462,ASCAT,20372.0,7408.0,False,False,False,False,length_exceeds_openberg_maximum
35,2014-07-19,-66.1152,85.4462,ASCAT,20372.0,7408.0,False,False,False,False,length_exceeds_openberg_maximum
36,2014-07-20,-66.1152,85.4462,ASCAT,20372.0,7408.0,False,False,False,False,length_exceeds_openberg_maximum
37,2014-07-21,-66.1152,85.4462,ASCAT,20372.0,7408.0,False,False,False,False,length_exceeds_openberg_maximum
38,2014-07-22,-66.1152,85.4462,ASCAT,20372.0,7408.0,False,False,False,False,length_exceeds_openberg_maximum
39,2014-07-23,-66.1152,85.4462,ASCAT,20372.0,7408.0,False,False,False,False,length_exceeds_openberg_maximum
40,2014-07-24,-66.1152,85.4462,ASCAT,20372.0,7408.0,False,False,False,False,length_exceeds_openberg_maximum
41,2014-07-25,-66.1152,85.4462,ASCAT,20372.0,7408.0,False,False,False,False,length_exceeds_openberg_maximum
42,2014-07-26,-66.1152,85.4462,ASCAT,20372.0,7408.0,False,False,False,False,length_exceeds_openberg_maximum
43,2014-07-27,-66.1152,85.4462,ASCAT,20372.0,7408.0,False,False,False,False,length_exceeds_openberg_maximum
44,2014-07-28,-66.1152,85.4462,ASCAT,20372.0,7408.0,False,False,False,False,length_exceeds_openberg_maximum
45,2014-07-29,-66.1152,85.4462,ASCAT,20372.0,7408.0,False,False,False,False,length_exceeds_openberg_maximum
46,2014-07-30,-66.1152,85.4462,ASCAT,20372.0,7408.0,False,False,False,False,length_exceeds_openberg_maximum
47,2014-07-31,-66.1152,85.4462,ASCAT,20372.0,7408.0,False,False,False,False,length_exceeds_openberg_maximum
48,2014-08-01,-66.1152,85.4462,ASCAT,20372.0,7408.0,False,False,False,False,length_exceeds_openberg_maximum
49,2014-08-02,-66.1152,85.4462,ASCAT,20372.0,7408.0,False,False,False,False,length_exceeds_openberg_maximum
50,2014-08-03,-66.1152,85.4462,ASCAT,20372.0,7408.0,False,False,False,False,length_exceeds_openberg_maximum
51,2014-08-04,-66.1152,85.4462,ASCAT,20372.0,7408.0,False,False,False,False,length_exceeds_openberg_maximum
52,2014-08-05,-66.1152,85.4462,ASCAT,20372.0,7408.0,False,False,False,False,length_exceeds_openberg_maximum
53,2014-08-06,-66.1152,85.4462,ASCAT,20372.0,7408.0,False,False,False,False,length_exceeds_openberg_maximum
54,2014-08-07,-66.1152,85.4462,ASCAT,20372.0,7408.0,False,False,False,False,length_exceeds_openberg_maximum
55,2014-08-08,-66.1152,85.4462,ASCAT,20372.0,7408.0,False,False,False,False,length_exceeds_openberg_maximum
56,2014-08-09,-66.1152,85.4462,ASCAT,20372.0,7408.0,False,False,False,False,length_exceeds_openberg_maximum
57,2014-08-10,-66.1152,85.4462,ASCAT,20372.0,7408.0,False,False,False,False,length_exceeds_openberg_maximum
58,2014-08-11,-66.1152,85.4462,ASCAT,20372.0,7408.0,False,False,False,False,length_exceeds_openberg_maximum
59,2014-08-12,-66.1152,85.4462,ASCAT,20372.0,7408.0,False,False,False,False,length_exceeds_openberg_maximum
60,2014-08-13,-66.1152,85.4462,ASCAT,20372.0,7408.0,False,False,False,False,length_exceeds_openberg_maximum
61,2014-08-14,-66.1152,85.4462,ASCAT,20372.0,7408.0,False,False,False,False,length_exceeds_openberg_maximum
62,2014-08-15,-66.1152,85.4462,ASCAT,20372.0,7408.0,False,False,False,False,length_exceeds_openberg_maximum
63,2014-08-16,-66.1152,85.4462,ASCAT,20372.0,7408.0,False,False,False,False,length_exceeds_openberg_maximum
64,2014-08-17,-66.1152,85.4462,ASCAT,20372.0,7408.0,False,False,False,False,length_exceeds_openberg_maximum
65,2014-08-18,-66.1152,85.4462,ASCAT,20372.0,7408.0,False,False,False,False,length_exceeds_openberg_maximum
66,2014-08-19,-66.1152,85.4462,ASCAT,20372.0,7408.0,False,False,False,False,length_exceeds_openberg_maximum
67,2014-08-20,-66.1152,85.4462,ASCAT,20372.0,7408.0,False,False,False,False,length_exceeds_openberg_maximum
68,2014-08-21,-66.1152,85.4462,ASCAT,20372.0,7408.0,False,False,False,False,length_exceeds_openberg_maximum
69,2014-08-22,-66.1152,85.4462,ASCAT,20372.0,7408.0,False,False,False,False,length_exceeds_openberg_maximum
70,2014-08-23,-66.1152,85.4462,ASCAT,20372.0,7408.0,False,False,False,False,length_exceeds_openberg_maximum
71,2014-08-24,-66.1152,85.4462,ASCAT,20372.0,7408.0,False,False,False,False,length_exceeds_openberg_maximum
72,2014-08-25,-66.1152,85.4462,ASCAT,20372.0,7408.0,False,False,False,False,length_exceeds_openberg_maximum
73,2014-08-26,-66.1152,85.4462,ASCAT,20372.0,7408.0,False,False,False,False,length_exceeds_openberg_maximum
74,2014-08-27,-66.1152,85.4462,ASCAT,20372.0,7408.0,False,False,False,False,length_exceeds_openberg_maximum
75,2014-08-28,-66.1152,85.4462,ASCAT,20372.0,7408.0,False,False,False,False,length_exceeds_openberg_maximum
76,2014-08-29,-66.1152,85.4462,ASCAT,20372.0,7408.0,False,False,False,False,length_exceeds_openberg_maximum
77,2014-08-30,-66.1152,85.4462,ASCAT,20372.0,7408.0,False,False,False,False,length_exceeds_openberg_maximum
78,2014-08-31,-66.1152,85.4462,ASCAT,20372.0,7408.0,False,False,False,False,length_exceeds_openberg_maximum
79,2014-09-01,-66.1152,85.4462,ASCAT,20372.0,7408.0,False,False,False,False,length_exceeds_openberg_maximum
80,2014-09-02,-66.1152,85.4462,ASCAT,20372.0,7408.0,False,False,False,False,length_exceeds_openberg_maximum
81,2014-09-03,-66.1152,85.4462,ASCAT,20372.0,7408.0,False,False,False,False,length_exceeds_openberg_maximum
82,2014-09-04,-66.1152,85.4462,ASCAT,20372.0,7408.0,False,False,False,False,length_exceeds_openberg_maximum
83,2014-09-05,-66.1152,85.4462,ASCAT,20372.0,7408.0,False,False,False,False,length_exceeds_openberg_maximum
84,2014-09-06,-66.1152,85.4462,ASCAT,20372.0,7408.0,False,False,False,False,length_exceeds_openberg_maximum
85,2014-09-07,-66.1152,85.4462,ASCAT,20372.0,7408.0,False,False,False,False,length_exceeds_openberg_maximum
86,2014-09-08,-66.1152,85.4462,ASCAT,20372.0,7408.0,False,False,False,False,length_exceeds_openberg_maximum
87,2014-09-09,-66.1152,85.4462,ASCAT,20372.0,7408.0,False,False,False,False,length_exceeds_openberg_maximum
88,2014-09-10,-66.1152,85.4462,ASCAT,20372.0,7408.0,False,False,False,False,length_exceeds_openberg_maximum
89,2014-09-11,-66.1152,85.4462,ASCAT,20372.0,7408.0,False,False,False,False,length_exceeds_openberg_maximum
90,2014-09-12,-66.1152,85.4462,ASCAT,20372.0,7408.0,False,False,False,False,length_exceeds_openberg_maximum
91,2014-09-13,-66.1152,85.4462,ASCAT,20372.0,7408.0,False,False,False,False,length_exceeds_openberg_maximum
92,2014-09-14,-66.1152,85.4462,ASCAT,20372.0,7408.0,False,False,False,False,length_exceeds_openberg_maximum
93,2014-09-15,-66.1152,85.4462,ASCAT,20372.0,7408.0,False,False,False,False,length_exceeds_openberg_maximum
94,2014-09-16,-66.1152,85.4462,ASCAT,20372.0,7408.0,False,False,False,False,length_exceeds_openberg_maximum
95,2014-09-17,-66.1152,85.4462,ASCAT,20372.0,7408.0,False,False,False,False,length_exceeds_openberg_maximum
96,2014-09-18,-66.1152,85.4462,ASCAT,20372.0,7408.0,False,False,False,False,length_exceeds_openberg_maximum
97,2014-09-19,-66.1152,85.4462,ASCAT,20372.0,7408.0,False,False,False,False,length_exceeds_openberg_maximum
98,2014-09-20,-66.1152,85.4462,ASCAT,20372.0,7408.0,False,False,False,False,length_exceeds_openberg_maximum
99,2014-09-21,-66.1152,85.4462,ASCAT,20372.0,7408.0,False,False,False,False,length_exceeds_openberg_maximum
100,2014-09-22,-66.1152,85.4462,ASCAT,20372.0,7408.0,False,False,False,False,length_exceeds_openberg_maximum
101,2014-09-23,-66.1152,85.4462,ASCAT,20372.0,7408.0,False,False,False,False,length_exceeds_openberg_maximum
102,2014-09-24,-66.1152,85.4462,ASCAT,20372.0,7408.0,False,False,False,False,length_exceeds_openberg_maximum
103,2014-09-25,-66.1152,85.4462,ASCAT,20372.0,7408.0,False,False,False,False,length_exceeds_openberg_maximum
104,2014-09-26,-66.1152,85.4462,ASCAT,20372.0,7408.0,False,False,False,False,length_exceeds_openberg_maximum
105,2014-09-27,-66.1152,85.4462,ASCAT,20372.0,7408.0,False,False,False,False,length_exceeds_openberg_maximum
106,2014-09-28,-66.1152,85.4462,ASCAT,20372.0,7408.0,False,False,False,False,length_exceeds_openberg_maximum
107,2014-09-29,-66.1152,85.4462,ASCAT,20372.0,7408.0,False,False,False,False,length_exceeds_openberg_maximum
108,2014-09-30,-66.1152,85.4462,ASCAT,20372.0,7408.0,False,False,False,False,length_exceeds_openberg_maximum
109,2014-10-01,-66.1152,85.4462,ASCAT,20372.0,7408.0,False,False,False,False,length_exceeds_openberg_maximum
110,2014-10-02,-66.1152,85.4462,ASCAT,20372.0,7408.0,False,False,False,False,length_exceeds_openberg_maximum
111,2014-10-03,-66.1152,85.4462,ASCAT,20372.0,7408.0,False,False,False,False,length_exceeds_openberg_maximum
112,2014-10-04,-66.1152,85.4462,ASCAT,20372.0,7408.0,False,False,False,False,length_exceeds_openberg_maximum
113,2014-10-05,-66.1152,85.4462,ASCAT,20372.0,7408.0,False,False,False,False,length_exceeds_openberg_maximum
114,2014-10-06,-66.1152,85.4462,ASCAT,20372.0,7408.0,False,False,False,False,length_exceeds_openberg_maximum
115,2014-10-07,-66.093,85.4709,ASCAT,20372.0,7408.0,False,False,False,False,length_exceeds_openberg_maximum
116,2014-10-08,-66.1274,85.5153,ASCAT,20372.0,7408.0,False,False,False,False,length_exceeds_openberg_maximum
117,2014-10-09,-66.1152,85.4462,ASCAT,20372.0,7408.0,False,False,False,False,length_exceeds_openberg_maximum
118,2014-10-10,-66.1152,85.4462,ASCAT,20372.0,7408.0,False,False,False,False,length_exceeds_openberg_maximum
119,2014-10-11,-66.1152,85.4462,ASCAT,20372.0,7408.0,False,False,False,False,length_exceeds_openberg_maximum
120,2014-10-12,-66.1152,85.4462,ASCAT,20372.0,7408.0,False,False,False,False,length_exceeds_openberg_maximum
121,2014-10-13,-66.1152,85.4462,ASCAT,20372.0,7408.0,False,False,False,False,length_exceeds_openberg_maximum
122,2014-10-14,-66.1152,85.4462,ASCAT,20372.0,7408.0,False,False,False,False,length_exceeds_openberg_maximum
123,2014-10-15,-66.1152,85.4462,ASCAT,20372.0,7408.0,False,False,False,False,length_exceeds_openberg_maximum
124,2014-10-16,-66.1152,85.4462,ASCAT,20372.0,7408.0,False,False,False,False,length_exceeds_openberg_maximum
125,2014-10-17,-66.0734,85.4294,ASCAT,20372.0,7408.0,False,False,False,False,length_exceeds_openberg_maximum
126,2014-10-18,-66.0734,85.4294,ASCAT,20372.0,7408.0,False,False,False,False,length_exceeds_openberg_maximum
127,2014-10-19,-66.0734,85.4294,ASCAT,20372.0,7408.0,False,False,False,False,length_exceeds_openberg_maximum
128,2014-10-20,-66.0734,85.4294,ASCAT,20372.0,7408.0,False,False,False,False,length_exceeds_openberg_maximum
129,2014-10-21,-66.0734,85.4294,ASCAT,20372.0,7408.0,False,False,False,False,length_exceeds_openberg_maximum
130,2014-10-22,-66.0734,85.4294,ASCAT,20372.0,7408.0,False,False,False,False,length_exceeds_openberg_maximum
131,2014-10-23,-66.0734,85.4294,ASCAT,20372.0,7408.0,False,False,False,False,length_exceeds_openberg_maximum
132,2014-10-24,-66.0734,85.4294,ASCAT,20372.0,7408.0,False,False,False,False,length_exceeds_openberg_maximum
133,2014-10-25,-66.0734,85.4294,ASCAT,20372.0,7408.0,False,False,False,False,length_exceeds_openberg_maximum
134,2014-10-26,-66.0734,85.4294,ASCAT,20372.0,7408.0,False,False,False,False,length_exceeds_openberg_maximum
135,2014-10-27,-66.0734,85.4294,ASCAT,20372.0,7408.0,False,False,False,False,length_exceeds_openberg_maximum
136,2014-10-28,-66.0734,85.4294,ASCAT,20372.0,7408.0,False,False,False,False,length_exceeds_openberg_maximum
137,2014-10-29,-66.0734,85.4294,ASCAT,20372.0,7408.0,False,False,False,False,length_exceeds_openberg_maximum
138,2014-10-30,-66.0734,85.4294,ASCAT,20372.0,7408.0,False,False,False,False,length_exceeds_openberg_maximum
139,2014-10-31,-66.0734,85.4294,ASCAT,20372.0,7408.0,False,False,False,False,length_exceeds_openberg_maximum
140,2014-11-01,-66.0734,85.4294,ASCAT,20372.0,7408.0,False,False,False,False,length_exceeds_openberg_maximum
141,2014-11-02,-66.099,85.4002,ASCAT,20372.0,7408.0,False,False,False,False,length_exceeds_openberg_maximum
142,2014-11-03,-66.099,85.4002,ASCAT,20372.0,7408.0,False,False,False,False,length_exceeds_openberg_maximum
143,2014-11-04,-66.099,85.4002,ASCAT,20372.0,7408.0,False,False,False,False,length_exceeds_openberg_maximum
144,2014-11-05,-66.099,85.4002,ASCAT,20372.0,7408.0,False,False,False,False,length_exceeds_openberg_maximum
145,2014-11-06,-66.099,85.4002,ASCAT,20372.0,7408.0,False,False,False,False,length_exceeds_openberg_maximum
146,2014-11-07,-66.099,85.4002,ASCAT,20372.0,7408.0,False,False,False,False,length_exceeds_openberg_maximum
147,2014-11-08,-66.099,85.4002,ASCAT,20372.0,7408.0,False,False,False,False,length_exceeds_openberg_maximum
148,2014-11-09,-66.099,85.4002,ASCAT,20372.0,7408.0,False,False,False,False,length_exceeds_openberg_maximum
149,2014-11-10,-66.099,85.4002,ASCAT,20372.0,7408.0,False,False,False,False,length_exceeds_openberg_maximum
150,2014-11-11,-66.099,85.4002,ASCAT,20372.0,7408.0,False,False,False,False,length_exceeds_openberg_maximum
151,2014-11-12,-66.099,85.4002,ASCAT,20372.0,7408.0,False,False,False,False,length_exceeds_openberg_maximum
152,2014-11-13,-66.099,85.4002,ASCAT,0.0,0.0,False,False,False,False,length_below_openberg_minimum
153,2014-11-14,-66.099,85.4002,ASCAT,20372.0,7408.0,False,False,False,False,length_exceeds_openberg_maximum
154,2014-11-15,-66.099,85.4002,ASCAT,20372.0,7408.0,False,False,False,False,length_exceeds_openberg_maximum
155,2014-11-16,-66.099,85.4002,ASCAT,20372.0,7408.0,False,False,False,False,length_exceeds_openberg_maximum
156,2014-11-17,-66.099,85.4002,ASCAT,20372.0,7408.0,False,False,False,False,length_exceeds_openberg_maximum
157,2014-11-18,-66.099,85.4002,ASCAT,20372.0,7408.0,False,False,False,False,length_exceeds_openberg_maximum
158,2014-11-19,-66.099,85.4002,ASCAT,20372.0,7408.0,False,False,False,False,length_exceeds_openberg_maximum
159,2014-11-20,-66.099,85.4002,ASCAT,0.0,0.0,False,False,False,False,length_below_openberg_minimum
160,2014-11-21,-66.099,85.4002,ASCAT,20372.0,7408.0,False,False,False,False,length_exceeds_openberg_maximum
161,2014-11-22,-66.099,85.4002,ASCAT,20372.0,7408.0,False,False,False,False,length_exceeds_openberg_maximum
162,2014-11-23,-66.099,85.4002,ASCAT,20372.0,7408.0,False,False,False,False,length_exceeds_openberg_maximum
163,2014-11-24,-66.099,85.4002,ASCAT,20372.0,7408.0,False,False,False,False,length_exceeds_openberg_maximum
164,2014-11-25,-66.099,85.4002,ASCAT,20372.0,7408.0,False,False,False,False,length_exceeds_openberg_maximum
165,2014-11-26,-66.099,85.4002,ASCAT,20372.0,7408.0,False,False,False,False,length_exceeds_openberg_maximum
166,2014-11-27,-66.099,85.4002,ASCAT,20372.0,7408.0,False,False,False,False,length_exceeds_openberg_maximum
167,2014-11-28,-66.099,85.4002,ASCAT,20372.0,7408.0,False,False,False,False,length_exceeds_openberg_maximum
168,2014-11-29,-66.099,85.4002,ASCAT,20372.0,7408.0,False,False,False,False,length_exceeds_openberg_maximum
169,2014-11-30,-66.099,85.4002,ASCAT,20372.0,7408.0,False,False,False,False,length_exceeds_openberg_maximum
170,2014-12-01,-66.099,85.4002,ASCAT,20372.0,7408.0,False,False,False,False,length_exceeds_openberg_maximum
171,2014-12-02,-66.099,85.4002,ASCAT,20372.0,7408.0,False,False,False,False,length_exceeds_openberg_maximum
172,2014-12-03,-66.099,85.4002,ASCAT,20372.0,7408.0,False,False,False,False,length_exceeds_openberg_maximum
173,2014-12-04,-66.099,85.4002,ASCAT,20372.0,7408.0,False,False,False,False,length_exceeds_openberg_maximum
174,2014-12-05,-66.099,85.4002,ASCAT,20372.0,7408.0,False,False,False,False,length_exceeds_openberg_maximum
175,2014-12-06,-66.099,85.4002,ASCAT,20372.0,7408.0,False,False,False,False,length_exceeds_openberg_maximum
176,2014-12-07,-66.099,85.4002,ASCAT,20372.0,7408.0,False,False,False,False,length_exceeds_openberg_maximum
177,2014-12-08,-66.099,85.4002,ASCAT,20372.0,7408.0,False,False,False,False,length_exceeds_openberg_maximum
178,2014-12-09,-66.099,85.4002,ASCAT,0.0,0.0,False,False,False,False,length_below_openberg_minimum
179,2014-12-10,-66.099,85.4002,ASCAT,20372.0,7408.0,False,False,False,False,length_exceeds_openberg_maximum
180,2014-12-11,-66.099,85.4002,ASCAT,20372.0,7408.0,False,False,False,False,length_exceeds_openberg_maximum
181,2014-12-12,-66.099,85.4002,ASCAT,0.0,0.0,False,False,False,False,length_below_openberg_minimum
182,2014-12-13,-66.099,85.4002,ASCAT,20372.0,7408.0,False,False,False,False,length_exceeds_openberg_maximum
183,2014-12-14,-66.099,85.4002,ASCAT,20372.0,7408.0,False,False,False,False,length_exceeds_openberg_maximum
184,2014-12-15,-66.099,85.4002,ASCAT,20372.0,7408.0,False,False,False,False,length_exceeds_openberg_maximum
185,2014-12-16,-66.08,85.3789,ASCAT,20372.0,7408.0,False,False,False,False,length_exceeds_openberg_maximum
186,2014-12-17,-66.0892,85.353,ASCAT,20372.0,7408.0,False,False,False,False,length_exceeds_openberg_maximum
187,2014-12-18,-66.0892,85.353,ASCAT,20372.0,7408.0,False,False,False,False,length_exceeds_openberg_maximum
188,2014-12-19,-66.0892,85.353,ASCAT,20372.0,7408.0,False,False,False,False,length_exceeds_openberg_maximum
189,2014-12-20,-66.0892,85.353,ASCAT,20372.0,7408.0,False,False,False,False,length_exceeds_openberg_maximum
190,2014-12-21,-66.0892,85.353,ASCAT,20372.0,7408.0,False,False,False,False,length_exceeds_openberg_maximum
191,2014-12-22,-66.0892,85.353,ASCAT,20372.0,7408.0,False,False,False,False,length_exceeds_openberg_maximum
192,2014-12-23,-66.0892,85.353,ASCAT,20372.0,7408.0,False,False,False,False,length_exceeds_openberg_maximum
193,2014-12-24,-66.0892,85.353,ASCAT,20372.0,7408.0,False,False,False,False,length_exceeds_openberg_maximum
194,2014-12-25,-66.0892,85.353,ASCAT,20372.0,7408.0,False,False,False,False,length_exceeds_openberg_maximum
195,2014-12-26,-66.0892,85.353,ASCAT,20372.0,7408.0,False,False,False,False,length_exceeds_openberg_maximum
196,2014-12-27,-66.0892,85.353,ASCAT,20372.0,7408.0,False,False,False,False,length_exceeds_openberg_maximum
197,2014-12-28,-66.0892,85.353,ASCAT,20372.0,7408.0,False,False,False,False,length_exceeds_openberg_maximum
198,2014-12-29,-66.0892,85.353,ASCAT,20372.0,7408.0,False,False,False,False,length_exceeds_openberg_maximum
199,2014-12-30,-66.0892,85.353,ASCAT,20372.0,7408.0,False,False,False,False,length_exceeds_openberg_maximum
200,2014-12-31,-66.0892,85.353,ASCAT,20372.0,7408.0,False,False,False,False,length_exceeds_openberg_maximum
201,2015-01-01,-66.0892,85.353,ASCAT,20372.0,7408.0,False,False,False,False,length_exceeds_openberg_maximum
202,2015-01-02,-66.0892,85.353,ASCAT,20372.0,7408.0,False,False,False,False,length_exceeds_openberg_maximum
203,2015-01-03,-66.0892,85.353,ASCAT,20372.0,7408.0,False,False,False,False,length_exceeds_openberg_maximum
204,2015-01-04,-66.0892,85.353,ASCAT,20372.0,7408.0,False,False,False,False,length_exceeds_openberg_maximum
205,2015-01-05,-66.0892,85.353,ASCAT,20372.0,7408.0,False,False,False,False,length_exceeds_openberg_maximum
206,2015-01-06,-66.0892,85.353,ASCAT,20372.0,7408.0,False,False,False,False,length_exceeds_openberg_maximum
207,2015-01-07,-66.0892,85.353,ASCAT,20372.0,7408.0,False,False,False,False,length_exceeds_openberg_maximum
208,2015-01-08,-66.0892,85.353,ASCAT,20372.0,7408.0,False,False,False,False,length_exceeds_openberg_maximum
209,2015-01-09,-66.1175,85.3353,ASCAT,0.0,0.0,False,False,False,False,length_below_openberg_minimum
210,2015-01-10,-66.1458,85.3175,ASCAT,20372.0,7408.0,False,False,False,False,length_exceeds_openberg_maximum
211,2015-01-11,-66.1458,85.3175,ASCAT,20372.0,7408.0,False,False,False,False,length_exceeds_openberg_maximum
212,2015-01-12,-66.1458,85.3175,ASCAT,20372.0,7408.0,False,False,False,False,length_exceeds_openberg_maximum
213,2015-01-13,-66.1458,85.3175,ASCAT,20372.0,7408.0,False,False,False,False,length_exceeds_openberg_maximum
214,2015-01-14,-66.1458,85.3175,ASCAT,20372.0,7408.0,False,False,False,False,length_exceeds_openberg_maximum
215,2015-01-15,-66.1458,85.3175,ASCAT,20372.0,7408.0,False,False,False,False,length_exceeds_openberg_maximum
216,2015-01-16,-66.0658,85.3216,ASCAT,0.0,0.0,False,False,False,False,length_below_openberg_minimum
217,2015-01-17,-65.9858,85.3257,ASCAT,20372.0,7408.0,False,False,False,False,length_exceeds_openberg_maximum
218,2015-01-18,-65.9858,85.3257,ASCAT,20372.0,7408.0,False,False,False,False,length_exceeds_openberg_maximum
219,2015-01-19,-65.9858,85.3257,ASCAT,20372.0,7408.0,False,False,False,False,length_exceeds_openberg_maximum
220,2015-01-20,-65.9858,85.3257,ASCAT,20372.0,7408.0,False,False,False,False,length_exceeds_openberg_maximum
221,2015-01-21,-65.9858,85.3257,ASCAT,20372.0,7408.0,False,False,False,False,length_exceeds_openberg_maximum
222,2015-01-22,-65.9858,85.3257,ASCAT,20372.0,7408.0,False,False,False,False,length_exceeds_openberg_maximum
223,2015-01-23,-65.9858,85.3257,ASCAT,0.0,0.0,False,False,False,False,length_below_openberg_minimum
224,2015-01-24,-65.9858,85.3257,ASCAT,20372.0,7408.0,False,False,False,False,length_exceeds_openberg_maximum
225,2015-01-25,-65.9858,85.3257,ASCAT,20372.0,7408.0,False,False,False,False,length_exceeds_openberg_maximum
226,2015-01-26,-66.0622,85.4297,ASCAT,20372.0,7408.0,False,False,False,False,length_exceeds_openberg_maximum
227,2015-01-27,-66.0892,85.354,ASCAT,20372.0,7408.0,False,False,False,False,length_exceeds_openberg_maximum
228,2015-01-28,-66.1087,85.4456,ASCAT,20372.0,7408.0,False,False,False,False,length_exceeds_openberg_maximum
229,2015-01-29,-66.0972,85.4006,ASCAT,20372.0,7408.0,False,False,False,False,length_exceeds_openberg_maximum
230,2015-01-30,-66.1051,85.3519,ASCAT,0.0,0.0,False,False,False,False,length_below_openberg_minimum
231,2015-01-31,-66.113,85.3241,ASCAT,20372.0,7408.0,False,False,False,False,length_exceeds_openberg_maximum
232,2015-02-01,-66.113,85.3241,ASCAT,20372.0,7408.0,False,False,False,False,length_exceeds_openberg_maximum
233,2015-02-02,-66.1522,85.3162,ASCAT,20372.0,7408.0,False,False,False,False,length_exceeds_openberg_maximum
234,2015-02-03,-66.1522,85.3162,ASCAT,20372.0,7408.0,False,False,False,False,length_exceeds_openberg_maximum
235,2015-02-04,-66.1522,85.3162,ASCAT,20372.0,7408.0,False,False,False,False,length_exceeds_openberg_maximum
236,2015-02-05,-66.1522,85.3162,ASCAT,20372.0,7408.0,False,False,False,False,length_exceeds_openberg_maximum
237,2015-02-06,-66.1231,85.3341,ASCAT,0.0,0.0,False,False,False,False,length_below_openberg_minimum
238,2015-02-07,-66.0939,85.3521,ASCAT,20372.0,7408.0,False,False,False,False,length_exceeds_openberg_maximum
239,2015-02-08,-66.0958,85.3035,ASCAT,20372.0,7408.0,False,False,False,False,length_exceeds_openberg_maximum
240,2015-02-09,-66.1038,85.3491,ASCAT,20372.0,7408.0,False,False,False,False,length_exceeds_openberg_maximum
241,2015-02-10,-66.094,85.3038,ASCAT,20372.0,7408.0,False,False,False,False,length_exceeds_openberg_maximum
242,2015-02-11,-66.0719,85.3314,ASCAT,20372.0,7408.0,False,False,False,False,length_exceeds_openberg_maximum
243,2015-02-12,-66.095,85.2795,ASCAT,20372.0,7408.0,False,False,False,False,length_exceeds_openberg_maximum
244,2015-02-13,-66.0932,85.2789,ASCAT,20372.0,7408.0,False,False,False,False,length_exceeds_openberg_maximum
245,2015-02-14,-66.1047,85.3248,ASCAT,20372.0,7408.0,False,False,False,False,length_exceeds_openberg_maximum
246,2015-02-15,-66.1047,85.3248,ASCAT,20372.0,7408.0,False,False,False,False,length_exceeds_openberg_maximum
247,2015-02-16,-66.1047,85.3248,ASCAT,20372.0,7408.0,False,False,False,False,length_exceeds_openberg_maximum
248,2015-02-17,-66.1047,85.3248,ASCAT,20372.0,7408.0,False,False,False,False,length_exceeds_openberg_maximum
249,2015-02-18,-66.1047,85.3248,ASCAT,20372.0,7408.0,False,False,False,False,length_exceeds_openberg_maximum
250,2015-02-19,-66.1047,85.3248,ASCAT,20372.0,7408.0,False,False,False,False,length_exceeds_openberg_maximum
251,2015-02-20,-66.1047,85.3248,ASCAT,20372.0,7408.0,False,False,False,False,length_exceeds_openberg_maximum
252,2015-02-21,-66.1047,85.3248,ASCAT,20372.0,7408.0,False,False,False,False,length_exceeds_openberg_maximum
253,2015-02-22,-66.1047,85.3248,ASCAT,20372.0,7408.0,False,False,False,False,length_exceeds_openberg_maximum
254,2015-02-23,-66.1047,85.3248,ASCAT,20372.0,7408.0,False,False,False,False,length_exceeds_openberg_maximum
255,2015-02-24,-66.1047,85.3248,ASCAT,20372.0,7408.0,False,False,False,False,length_exceeds_openberg_maximum
256,2015-02-25,-66.1047,85.3248,ASCAT,20372.0,7408.0,False,False,False,False,length_exceeds_openberg_maximum
257,2015-02-26,-66.1047,85.3248,ASCAT,20372.0,7408.0,False,False,False,False,length_exceeds_openberg_maximum
258,2015-02-27,-66.1047,85.3248,ASCAT,20372.0,7408.0,False,False,False,False,length_exceeds_openberg_maximum
259,2015-02-28,-66.1047,85.3248,ASCAT,20372.0,7408.0,False,False,False,False,length_exceeds_openberg_maximum
260,2015-03-01,-66.1047,85.3248,ASCAT,20372.0,7408.0,False,False,False,False,length_exceeds_openberg_maximum
261,2015-03-02,-66.1047,85.3248,ASCAT,0.0,0.0,False,False,False,False,length_below_openberg_minimum
262,2015-03-03,-66.1047,85.3248,ASCAT,20372.0,7408.0,False,False,False,False,length_exceeds_openberg_maximum
263,2015-03-04,-66.1047,85.3248,ASCAT,20372.0,7408.0,False,False,False,False,length_exceeds_openberg_maximum
264,2015-03-05,-66.1047,85.3248,ASCAT,20372.0,7408.0,False,False,False,False,length_exceeds_openberg_maximum
265,2015-03-06,-66.1047,85.3248,ASCAT,20372.0,7408.0,False,False,False,False,length_exceeds_openberg_maximum
266,2015-03-07,-66.1047,85.3248,ASCAT,20372.0,7408.0,False,False,False,False,length_exceeds_openberg_maximum
267,2015-03-08,-66.1047,85.3248,ASCAT,20372.0,7408.0,False,False,False,False,length_exceeds_openberg_maximum
268,2015-03-09,-66.1047,85.3248,ASCAT,20372.0,7408.0,False,False,False,False,length_exceeds_openberg_maximum
269,2015-03-10,-66.1047,85.3248,ASCAT,20372.0,7408.0,False,False,False,False,length_exceeds_openberg_maximum
270,2015-03-11,-66.1047,85.3248,ASCAT,20372.0,7408.0,False,False,False,False,length_exceeds_openberg_maximum
271,2015-03-12,-66.1047,85.3248,ASCAT,20372.0,7408.0,False,False,False,False,length_exceeds_openberg_maximum
272,2015-03-13,-66.1047,85.3248,ASCAT,20372.0,7408.0,False,False,False,False,length_exceeds_openberg_maximum
273,2015-03-14,-66.1047,85.3248,ASCAT,20372.0,7408.0,False,False,False,False,length_exceeds_openberg_maximum
274,2015-03-15,-66.1077,85.4699,ASCAT,20372.0,7408.0,False,False,False,False,length_exceeds_openberg_maximum
275,2015-03-16,-66.1096,85.3857,ASCAT,0.0,0.0,False,False,False,False,length_below_openberg_minimum
276,2015-03-17,-66.1105,85.3015,ASCAT,20372.0,7408.0,False,False,False,False,length_exceeds_openberg_maximum
277,2015-03-18,-66.0964,85.3747,ASCAT,20372.0,7408.0,False,False,False,False,length_exceeds_openberg_maximum
278,2015-03-19,-66.0934,85.2316,ASCAT,20372.0,7408.0,False,False,False,False,length_exceeds_openberg_maximum
279,2015-03-20,-66.0604,85.2856,ASCAT,20372.0,7408.0,False,False,False,False,length_exceeds_openberg_maximum
280,2015-03-21,-66.0604,85.2856,ASCAT,20372.0,7408.0,False,False,False,False,length_exceeds_openberg_maximum
281,2015-03-22,-66.0604,85.2856,ASCAT,20372.0,7408.0,False,False,False,False,length_exceeds_openberg_maximum
282,2015-03-23,-66.1417,85.1965,ASCAT,20372.0,7408.0,False,False,False,False,length_exceeds_openberg_maximum
283,2015-03-24,-66.1841,85.0899,ASCAT,20372.0,7408.0,False,False,False,False,length_exceeds_openberg_maximum
284,2015-03-25,-66.1699,84.971,ASCAT,20372.0,7408.0,False,False,False,False,length_exceeds_openberg_maximum
285,2015-03-26,-66.2609,84.9744,ASCAT,20372.0,7408.0,False,False,False,False,length_exceeds_openberg_maximum
286,2015-03-27,-66.3488,84.76,ASCAT,20372.0,7408.0,False,False,False,False,length_exceeds_openberg_maximum
287,2015-03-28,-66.3316,84.6157,ASCAT,20372.0,7408.0,False,False,False,False,length_exceeds_openberg_maximum
288,2015-03-29,-66.3325,84.6389,ASCAT,20372.0,7408.0,False,False,False,False,length_exceeds_openberg_maximum
289,2015-03-30,-66.3279,84.5181,ASCAT,20372.0,7408.0,False,False,False,False,length_exceeds_openberg_maximum
290,2015-03-31,-66.3458,84.342,ASCAT,20372.0,7408.0,False,False,False,False,length_exceeds_openberg_maximum
291,2015-04-01,-66.4243,84.0756,ASCAT,20372.0,7408.0,False,False,False,False,length_exceeds_openberg_maximum
292,2015-04-02,-66.445,83.8239,ASCAT,20372.0,7408.0,False,False,False,False,length_exceeds_openberg_maximum
293,2015-04-03,-66.4506,83.843,ASCAT,20372.0,7408.0,False,False,False,False,length_exceeds_openberg_maximum
294,2015-04-04,-66.4434,83.8695,ASCAT,20372.0,7408.0,False,False,False,False,length_exceeds_openberg_maximum
295,2015-04-05,-66.4434,83.8695,ASCAT,20372.0,7408.0,False,False,False,False,length_exceeds_openberg_maximum
296,2015-04-06,-66.4434,83.8695,ASCAT,20372.0,7408.0,False,False,False,False,length_exceeds_openberg_maximum
297,2015-04-07,-66.4464,83.7469,ASCAT,20372.0,7408.0,False,False,False,False,length_exceeds_openberg_maximum
298,2015-04-08,-66.4464,83.7469,ASCAT,20372.0,7408.0,False,False,False,False,length_exceeds_openberg_maximum
299,2015-04-09,-66.4977,83.9769,ASCAT,20372.0,7408.0,False,False,False,False,length_exceeds_openberg_maximum
300,2015-04-10,-66.1,81.6167,NIC,0.0,0.0,False,False,False,False,length_below_openberg_minimum
301,2015-04-11,-66.4977,83.9769,ASCAT,20372.0,7408.0,False,False,False,False,length_exceeds_openberg_maximum
302,2015-04-12,-66.4977,83.9769,ASCAT,20372.0,7408.0,False,False,False,False,length_exceeds_openberg_maximum
303,2015-04-13,-66.4977,83.9769,ASCAT,20372.0,7408.0,False,False,False,False,length_exceeds_openberg_maximum
304,2015-04-14,-66.4977,83.9769,ASCAT,20372.0,7408.0,False,False,False,False,length_exceeds_openberg_maximum
305,2015-04-15,-66.4977,83.9769,ASCAT,20372.0,7408.0,False,False,False,False,length_exceeds_openberg_maximum
306,2015-04-16,-66.4977,83.9769,ASCAT,20372.0,7408.0,False,False,False,False,length_exceeds_openberg_maximum
307,2015-04-17,-66.4977,83.9769,ASCAT,20372.0,7408.0,False,False,False,False,length_exceeds_openberg_maximum
308,2015-04-18,-66.4977,83.9769,ASCAT,20372.0,7408.0,False,False,False,False,length_exceeds_openberg_maximum
309,2015-04-19,-66.4977,83.9769,ASCAT,20372.0,7408.0,False,False,False,False,length_exceeds_openberg_maximum
310,2015-04-20,-66.5858,84.007,ASCAT,20372.0,7408.0,False,False,False,False,length_exceeds_openberg_maximum
311,2015-04-21,-66.5595,83.8586,ASCAT,20372.0,7408.0,False,False,False,False,length_exceeds_openberg_maximum
312,2015-04-22,-66.5375,83.8094,ASCAT,20372.0,7408.0,False,False,False,False,length_exceeds_openberg_maximum
313,2015-04-23,-66.5375,83.8094,ASCAT,20372.0,7408.0,False,False,False,False,length_exceeds_openberg_maximum
314,2015-04-24,-66.549,83.6179,ASCAT,20372.0,7408.0,False,False,False,False,length_exceeds_openberg_maximum
315,2015-04-25,-66.549,83.6179,ASCAT,20372.0,7408.0,False,False,False,False,length_exceeds_openberg_maximum
316,2015-04-26,-66.549,83.6179,ASCAT,20372.0,7408.0,False,False,False,False,length_exceeds_openberg_maximum
317,2015-04-27,-66.5696,83.6348,ASCAT,20372.0,7408.0,False,False,False,False,length_exceeds_openberg_maximum
318,2015-04-28,-66.5465,83.5633,ASCAT,20372.0,7408.0,False,False,False,False,length_exceeds_openberg_maximum
319,2015-04-29,-66.5273,83.5801,ASCAT,20372.0,7408.0,False,False,False,False,length_exceeds_openberg_maximum
320,2015-04-30,-66.5245,83.5144,ASCAT,20372.0,7408.0,False,False,False,False,length_exceeds_openberg_maximum
321,2015-05-01,-66.5396,83.4104,ASCAT,20372.0,7408.0,False,False,False,False,length_exceeds_openberg_maximum
322,2015-05-02,-66.4998,83.4111,ASCAT,20372.0,7408.0,False,False,False,False,length_exceeds_openberg_maximum
323,2015-05-03,-66.5439,83.2873,ASCAT,20372.0,7408.0,False,False,False,False,length_exceeds_openberg_maximum
324,2015-05-04,-66.5439,83.2873,ASCAT,20372.0,7408.0,False,False,False,False,length_exceeds_openberg_maximum
325,2015-05-05,-66.5439,83.2873,ASCAT,20372.0,7408.0,False,False,False,False,length_exceeds_openberg_maximum
326,2015-05-06,-66.5439,83.2873,ASCAT,20372.0,7408.0,False,False,False,False,length_exceeds_openberg_maximum
327,2015-05-07,-66.5439,83.2873,ASCAT,20372.0,7408.0,False,False,False,False,length_exceeds_openberg_maximum
328,2015-05-08,-66.5001,83.3116,ASCAT,20372.0,7408.0,False,False,False,False,length_exceeds_openberg_maximum
329,2015-05-09,-66.4589,83.2794,ASCAT,20372.0,7408.0,False,False,False,False,length_exceeds_openberg_maximum
330,2015-05-10,-66.4589,83.2794,ASCAT,20372.0,7408.0,False,False,False,False,length_exceeds_openberg_maximum
331,2015-05-11,-66.4589,83.2794,ASCAT,20372.0,7408.0,False,False,False,False,length_exceeds_openberg_maximum
332,2015-05-12,-66.4752,83.2525,ASCAT,20372.0,7408.0,False,False,False,False,length_exceeds_openberg_maximum
333,2015-05-13,-66.4441,83.2287,ASCAT,20372.0,7408.0,False,False,False,False,length_exceeds_openberg_maximum
334,2015-05-14,-66.406,83.2621,ASCAT,20372.0,7408.0,False,False,False,False,length_exceeds_openberg_maximum
335,2015-05-15,-66.406,83.2621,ASCAT,20372.0,7408.0,False,False,False,False,length_exceeds_openberg_maximum
336,2015-05-16,-66.4211,83.3681,ASCAT,20372.0,7408.0,False,False,False,False,length_exceeds_openberg_maximum
337,2015-05-17,-66.4033,83.4169,ASCAT,20372.0,7408.0,False,False,False,False,length_exceeds_openberg_maximum
338,2015-05-18,-66.4033,83.4169,ASCAT,20372.0,7408.0,False,False,False,False,length_exceeds_openberg_maximum
339,2015-05-19,-66.4062,83.2616,ASCAT,20372.0,7408.0,False,False,False,False,length_exceeds_openberg_maximum
340,2015-05-20,-66.3971,83.1478,ASCAT,0.0,0.0,False,False,False,False,length_below_openberg_minimum
341,2015-05-21,-66.388,83.0909,ASCAT,20372.0,7408.0,False,False,False,False,length_exceeds_openberg_maximum
342,2015-05-22,-66.388,83.0909,ASCAT,20372.0,7408.0,False,False,False,False,length_exceeds_openberg_maximum
343,2015-05-23,-66.388,83.0909,ASCAT,20372.0,7408.0,False,False,False,False,length_exceeds_openberg_maximum
344,2015-05-24,-66.359,83.1109,ASCAT,20372.0,7408.0,False,False,False,False,length_exceeds_openberg_maximum
345,2015-05-25,-66.3132,83.1907,ASCAT,20372.0,7408.0,False,False,False,False,length_exceeds_openberg_maximum
346,2015-05-26,-66.242,83.3372,ASCAT,20372.0,7408.0,False,False,False,False,length_exceeds_openberg_maximum
347,2015-05-27,-66.2397,83.3681,ASCAT,20372.0,7408.0,False,False,False,False,length_exceeds_openberg_maximum
348,2015-05-28,-66.2368,83.3064,ASCAT,20372.0,7408.0,False,False,False,False,length_exceeds_openberg_maximum
349,2015-05-29,-66.2748,83.1134,ASCAT,20372.0,7408.0,False,False,False,False,length_exceeds_openberg_maximum
350,2015-05-30,-66.3198,82.8396,ASCAT,20372.0,7408.0,False,False,False,False,length_exceeds_openberg_maximum
351,2015-05-31,-66.3345,82.8675,ASCAT,20372.0,7408.0,False,False,False,False,length_exceeds_openberg_maximum
352,2015-06-01,-66.382,82.6849,ASCAT,20372.0,7408.0,False,False,False,False,length_exceeds_openberg_maximum
353,2015-06-02,-66.3376,82.6688,ASCAT,20372.0,7408.0,False,False,False,False,length_exceeds_openberg_maximum
354,2015-06-03,-66.3256,82.6935,ASCAT,20372.0,7408.0,False,False,False,False,length_exceeds_openberg_maximum
355,2015-06-04,-66.3246,82.6729,ASCAT,20372.0,7408.0,False,False,False,False,length_exceeds_openberg_maximum
356,2015-06-05,-66.2404,82.5121,ASCAT,20372.0,7408.0,False,False,False,False,length_exceeds_openberg_maximum
357,2015-06-06,-66.2681,82.536,ASCAT,20372.0,7408.0,False,False,False,False,length_exceeds_openberg_maximum
358,2015-06-07,-66.2847,82.4754,ASCAT,20372.0,7408.0,False,False,False,False,length_exceeds_openberg_maximum
359,2015-06-08,-66.2847,82.4754,ASCAT,20372.0,7408.0,False,False,False,False,length_exceeds_openberg_maximum
360,2015-06-09,-66.2513,82.4097,ASCAT,20372.0,7408.0,False,False,False,False,length_exceeds_openberg_maximum
361,2015-06-10,-66.2069,82.3259,ASCAT,20372.0,7408.0,False,False,False,False,length_exceeds_openberg_maximum
362,2015-06-11,-66.2835,82.2675,ASCAT,20372.0,7408.0,False,False,False,False,length_exceeds_openberg_maximum
363,2015-06-12,-66.2835,82.2675,ASCAT,20372.0,7408.0,False,False,False,False,length_exceeds_openberg_maximum
364,2015-06-13,-66.2835,82.2675,ASCAT,20372.0,7408.0,False,False,False,False,length_exceeds_openberg_maximum
365,2015-06-14,-66.2195,82.3768,ASCAT,20372.0,7408.0,False,False,False,False,length_exceeds_openberg_maximum
366,2015-06-15,-66.2195,82.3768,ASCAT,20372.0,7408.0,False,False,False,False,length_exceeds_openberg_maximum
367,2015-06-16,-66.2195,82.3768,ASCAT,20372.0,7408.0,False,False,False,False,length_exceeds_openberg_maximum
368,2015-06-17,-66.2571,82.3311,ASCAT,20372.0,7408.0,False,False,False,False,length_exceeds_openberg_maximum
369,2015-06-18,-66.2086,82.3585,ASCAT,20372.0,7408.0,False,False,False,False,length_exceeds_openberg_maximum
370,2015-06-19,-66.2586,82.1767,ASCAT,20372.0,7408.0,False,False,False,False,length_exceeds_openberg_maximum
371,2015-06-20,-66.1,81.6167,NIC,0.0,0.0,False,False,False,False,length_below_openberg_minimum
372,2015-06-21,-66.2586,82.1767,ASCAT,20372.0,7408.0,False,False,False,False,length_exceeds_openberg_maximum
373,2015-06-22,-66.2586,82.1767,ASCAT,20372.0,7408.0,False,False,False,False,length_exceeds_openberg_maximum
374,2015-06-23,-66.1,81.6167,NIC,0.0,0.0,False,False,False,False,length_below_openberg_minimum
375,2015-06-24,-66.2586,82.1767,ASCAT,20372.0,7408.0,False,False,False,False,length_exceeds_openberg_maximum
376,2015-06-25,-66.2586,82.1767,ASCAT,20372.0,7408.0,False,False,False,False,length_exceeds_openberg_maximum
377,2015-06-26,-66.2586,82.1767,ASCAT,20372.0,7408.0,False,False,False,False,length_exceeds_openberg_maximum
378,2015-06-27,-66.2586,82.1767,ASCAT,20372.0,7408.0,False,False,False,False,length_exceeds_openberg_maximum
379,2015-06-28,-66.2586,82.1767,ASCAT,20372.0,7408.0,False,False,False,False,length_exceeds_openberg_maximum
380,2015-06-29,-66.2586,82.1767,ASCAT,20372.0,7408.0,False,False,False,False,length_exceeds_openberg_maximum
381,2015-06-30,-66.1,81.6167,NIC,0.0,0.0,False,False,False,False,length_below_openberg_minimum
382,2015-07-01,-66.2586,82.1767,ASCAT,20372.0,7408.0,False,False,False,False,length_exceeds_openberg_maximum
383,2015-07-02,-66.2487,82.1806,ASCAT,20372.0,7408.0,False,False,False,False,length_exceeds_openberg_maximum
384,2015-07-03,-66.2487,82.1806,ASCAT,20372.0,7408.0,False,False,False,False,length_exceeds_openberg_maximum
385,2015-07-04,-66.2487,82.1806,ASCAT,20372.0,7408.0,False,False,False,False,length_exceeds_openberg_maximum
386,2015-07-05,-66.2487,82.1806,ASCAT,20372.0,7408.0,False,False,False,False,length_exceeds_openberg_maximum
387,2015-07-06,-66.2487,82.1806,ASCAT,20372.0,7408.0,False,False,False,False,length_exceeds_openberg_maximum
388,2015-07-07,-66.2487,82.1806,ASCAT,20372.0,7408.0,False,False,False,False,length_exceeds_openberg_maximum
389,2015-07-08,-66.2487,82.1806,ASCAT,20372.0,7408.0,False,False,False,False,length_exceeds_openberg_maximum
390,2015-07-09,-66.2487,82.1806,ASCAT,20372.0,7408.0,False,False,False,False,length_exceeds_openberg_maximum
391,2015-07-10,-66.2487,82.1806,ASCAT,20372.0,7408.0,False,False,False,False,length_exceeds_openberg_maximum
392,2015-07-11,-66.1447,82.2815,ASCAT,20372.0,7408.0,False,False,False,False,length_exceeds_openberg_maximum
393,2015-07-12,-66.1799,82.1927,ASCAT,20372.0,7408.0,False,False,False,False,length_exceeds_openberg_maximum
394,2015-07-13,-66.1,81.6167,NIC,0.0,0.0,False,False,False,False,length_below_openberg_minimum
395,2015-07-14,-66.1799,82.1927,ASCAT,20372.0,7408.0,False,False,False,False,length_exceeds_openberg_maximum
396,2015-07-15,-66.1799,82.1927,ASCAT,20372.0,7408.0,False,False,False,False,length_exceeds_openberg_maximum
397,2015-07-16,-66.1799,82.1927,ASCAT,20372.0,7408.0,False,False,False,False,length_exceeds_openberg_maximum
398,2015-07-17,-66.1963,81.7816,ASCAT,20372.0,7408.0,False,False,False,False,length_exceeds_openberg_maximum
399,2015-07-18,-66.1963,81.7816,ASCAT,20372.0,7408.0,False,False,False,False,length_exceeds_openberg_maximum
400,2015-07-19,-66.1963,81.7816,ASCAT,20372.0,7408.0,False,False,False,False,length_exceeds_openberg_maximum
401,2015-07-20,-66.1963,81.7816,ASCAT,20372.0,7408.0,False,False,False,False,length_exceeds_openberg_maximum
402,2015-07-21,-66.1963,81.7816,ASCAT,20372.0,7408.0,False,False,False,False,length_exceeds_openberg_maximum
403,2015-07-22,-66.1963,81.7816,ASCAT,20372.0,7408.0,False,False,False,False,length_exceeds_openberg_maximum
404,2015-07-23,-66.167,81.7931,ASCAT,20372.0,7408.0,False,False,False,False,length_exceeds_openberg_maximum
405,2015-07-24,-66.167,81.7931,ASCAT,20372.0,7408.0,False,False,False,False,length_exceeds_openberg_maximum
406,2015-07-25,-66.1633,81.7286,ASCAT,20372.0,7408.0,False,False,False,False,length_exceeds_openberg_maximum
407,2015-07-26,-66.1633,81.7286,ASCAT,20372.0,7408.0,False,False,False,False,length_exceeds_openberg_maximum
408,2015-07-27,-66.1633,81.7286,ASCAT,20372.0,7408.0,False,False,False,False,length_exceeds_openberg_maximum
409,2015-07-28,-66.1633,81.7286,ASCAT,20372.0,7408.0,False,False,False,False,length_exceeds_openberg_maximum
410,2015-07-29,-66.1633,81.7286,ASCAT,20372.0,7408.0,False,False,False,False,length_exceeds_openberg_maximum
411,2015-07-30,-66.1633,81.7286,ASCAT,20372.0,7408.0,False,False,False,False,length_exceeds_openberg_maximum
412,2015-07-31,-66.1633,81.7286,ASCAT,20372.0,7408.0,False,False,False,False,length_exceeds_openberg_maximum
413,2015-08-01,-66.1633,81.7286,ASCAT,20372.0,7408.0,False,False,False,False,length_exceeds_openberg_maximum
414,2015-08-02,-66.1393,81.6608,ASCAT,20372.0,7408.0,False,False,False,False,length_exceeds_openberg_maximum
415,2015-08-03,-66.1393,81.6608,ASCAT,20372.0,7408.0,False,False,False,False,length_exceeds_openberg_maximum
416,2015-08-04,-66.1393,81.6608,ASCAT,20372.0,7408.0,False,False,False,False,length_exceeds_openberg_maximum
417,2015-08-05,-66.1393,81.6608,ASCAT,20372.0,7408.0,False,False,False,False,length_exceeds_openberg_maximum
418,2015-08-06,-66.1393,81.6608,ASCAT,20372.0,7408.0,False,False,False,False,length_exceeds_openberg_maximum
419,2015-08-07,-66.1393,81.6608,ASCAT,20372.0,7408.0,False,False,False,False,length_exceeds_openberg_maximum
420,2015-08-08,-66.1393,81.6608,ASCAT,20372.0,7408.0,False,False,False,False,length_exceeds_openberg_maximum
421,2015-08-09,-66.1393,81.6608,ASCAT,20372.0,7408.0,False,False,False,False,length_exceeds_openberg_maximum
422,2015-08-10,-66.1393,81.6608,ASCAT,20372.0,7408.0,False,False,False,False,length_exceeds_openberg_maximum
423,2015-08-11,-66.1393,81.6608,ASCAT,20372.0,7408.0,False,False,False,False,length_exceeds_openberg_maximum
424,2015-08-12,-66.1393,81.6608,ASCAT,20372.0,7408.0,False,False,False,False,length_exceeds_openberg_maximum
425,2015-08-13,-66.0801,81.6715,ASCAT,20372.0,7408.0,False,False,False,False,length_exceeds_openberg_maximum
426,2015-08-14,-66.028,81.7992,ASCAT,20372.0,7408.0,False,False,False,False,length_exceeds_openberg_maximum
427,2015-08-15,-66.028,81.7992,ASCAT,20372.0,7408.0,False,False,False,False,length_exceeds_openberg_maximum
428,2015-08-16,-66.028,81.7992,ASCAT,20372.0,7408.0,False,False,False,False,length_exceeds_openberg_maximum
429,2015-08-17,-66.028,81.7992,ASCAT,0.0,0.0,False,False,False,False,length_below_openberg_minimum
430,2015-08-18,-66.028,81.7992,ASCAT,20372.0,7408.0,False,False,False,False,length_exceeds_openberg_maximum
431,2015-08-19,-66.028,81.7992,ASCAT,20372.0,7408.0,False,False,False,False,length_exceeds_openberg_maximum
432,2015-08-20,-66.028,81.7992,ASCAT,20372.0,7408.0,False,False,False,False,length_exceeds_openberg_maximum
433,2015-08-21,-66.0723,81.5503,ASCAT,20372.0,7408.0,False,False,False,False,length_exceeds_openberg_maximum
434,2015-08-22,-66.0465,81.7033,ASCAT,20372.0,7408.0,False,False,False,False,length_exceeds_openberg_maximum
435,2015-08-23,-66.0465,81.7033,ASCAT,20372.0,7408.0,False,False,False,False,length_exceeds_openberg_maximum
436,2015-08-24,-66.0465,81.7033,ASCAT,20372.0,7408.0,False,False,False,False,length_exceeds_openberg_maximum
437,2015-08-25,-66.0465,81.7033,ASCAT,20372.0,7408.0,False,False,False,False,length_exceeds_openberg_maximum
438,2015-08-26,-66.0465,81.7033,ASCAT,20372.0,7408.0,False,False,False,False,length_exceeds_openberg_maximum
439,2015-08-27,-66.0465,81.7033,ASCAT,20372.0,7408.0,False,False,False,False,length_exceeds_openberg_maximum
440,2015-08-28,-66.0465,81.7033,ASCAT,20372.0,7408.0,False,False,False,False,length_exceeds_openberg_maximum
441,2015-08-29,-66.0465,81.7033,ASCAT,20372.0,7408.0,False,False,False,False,length_exceeds_openberg_maximum
442,2015-08-30,-66.0465,81.7033,ASCAT,20372.0,7408.0,False,False,False,False,length_exceeds_openberg_maximum
443,2015-08-31,-66.0465,81.7033,ASCAT,20372.0,7408.0,False,False,False,False,length_exceeds_openberg_maximum
444,2015-09-01,-66.0465,81.7033,ASCAT,20372.0,7408.0,False,False,False,False,length_exceeds_openberg_maximum
445,2015-09-02,-66.0465,81.7033,ASCAT,20372.0,7408.0,False,False,False,False,length_exceeds_openberg_maximum
446,2015-09-03,-66.0465,81.7033,ASCAT,20372.0,7408.0,False,False,False,False,length_exceeds_openberg_maximum
447,2015-09-04,-66.0465,81.7033,ASCAT,20372.0,7408.0,False,False,False,False,length_exceeds_openberg_maximum
448,2015-09-05,-66.0465,81.7033,ASCAT,0.0,0.0,False,False,False,False,length_below_openberg_minimum
449,2015-09-06,-66.0465,81.7033,ASCAT,0.0,0.0,False,False,False,False,length_below_openberg_minimum
450,2015-09-07,-66.0465,81.7033,ASCAT,0.0,0.0,False,False,False,False,length_below_openberg_minimum
451,2015-09-08,-66.0465,81.7033,ASCAT,0.0,0.0,False,False,False,False,length_below_openberg_minimum
452,2015-09-09,-66.0737,81.6576,ASCAT,0.0,0.0,False,False,False,False,length_below_openberg_minimum
453,2015-09-10,-66.101,81.6118,ASCAT,0.0,0.0,False,False,False,False,length_below_openberg_minimum
454,2015-09-11,-66.101,81.6118,ASCAT,20372.0,7408.0,False,False,False,False,length_exceeds_openberg_maximum
455,2015-09-12,-66.101,81.6118,ASCAT,0.0,0.0,False,False,False,False,length_below_openberg_minimum
456,2015-09-13,-66.101,81.6118,ASCAT,0.0,0.0,False,False,False,False,length_below_openberg_minimum
457,2015-09-14,-66.101,81.6118,ASCAT,0.0,0.0,False,False,False,False,length_below_openberg_minimum
458,2015-09-15,-66.101,81.6118,ASCAT,0.0,0.0,False,False,False,False,length_below_openberg_minimum
459,2015-09-16,-66.101,81.6118,ASCAT,0.0,0.0,False,False,False,False,length_below_openberg_minimum
460,2015-09-17,-66.101,81.6118,ASCAT,0.0,0.0,False,False,False,False,length_below_openberg_minimum
461,2015-09-18,-66.101,81.6118,ASCAT,20372.0,7408.0,False,False,False,False,length_exceeds_openberg_maximum
462,2015-09-19,-66.101,81.6118,ASCAT,0.0,0.0,False,False,False,False,length_below_openberg_minimum
463,2015-09-20,-66.101,81.6118,ASCAT,0.0,0.0,False,False,False,False,length_below_openberg_minimum
464,2015-09-21,-66.101,81.6118,ASCAT,0.0,0.0,False,False,False,False,length_below_openberg_minimum
465,2015-09-22,-66.101,81.6118,ASCAT,0.0,0.0,False,False,False,False,length_below_openberg_minimum
466,2015-09-23,-66.101,81.6118,ASCAT,0.0,0.0,False,False,False,False,length_below_openberg_minimum
467,2015-09-24,-66.101,81.6118,ASCAT,0.0,0.0,False,False,False,False,length_below_openberg_minimum
468,2015-09-25,-66.101,81.6118,ASCAT,20372.0,7408.0,False,False,False,False,length_exceeds_openberg_maximum
469,2015-09-26,-66.101,81.6118,ASCAT,0.0,0.0,False,False,False,False,length_below_openberg_minimum
470,2015-09-27,-66.101,81.6118,ASCAT,0.0,0.0,False,False,False,False,length_below_openberg_minimum
471,2015-09-28,-66.101,81.6118,ASCAT,0.0,0.0,False,False,False,False,length_below_openberg_minimum
472,2015-09-29,-66.101,81.6118,ASCAT,0.0,0.0,False,False,False,False,length_below_openberg_minimum
473,2015-09-30,-66.101,81.6118,ASCAT,0.0,0.0,False,False,False,False,length_below_openberg_minimum
474,2015-10-01,-66.101,81.6118,ASCAT,0.0,0.0,False,False,False,False,length_below_openberg_minimum
475,2015-10-02,-66.101,81.6118,ASCAT,20372.0,7408.0,False,False,False,False,length_exceeds_openberg_maximum
476,2015-10-03,-66.101,81.6118,ASCAT,0.0,0.0,False,False,False,False,length_below_openberg_minimum
477,2015-10-04,-66.101,81.6118,ASCAT,0.0,0.0,False,False,False,False,length_below_openberg_minimum
478,2015-10-05,-66.101,81.6118,ASCAT,0.0,0.0,False,False,False,False,length_below_openberg_minimum
479,2015-10-06,-66.101,81.6118,ASCAT,0.0,0.0,False,False,False,False,length_below_openberg_minimum
480,2015-10-07,-66.101,81.6118,ASCAT,0.0,0.0,False,False,False,False,length_below_openberg_minimum
481,2015-10-08,-66.101,81.6118,ASCAT,0.0,0.0,False,False,False,False,length_below_openberg_minimum
482,2015-10-09,-66.101,81.6118,ASCAT,20372.0,7408.0,False,False,False,False,length_exceeds_openberg_maximum
483,2015-10-10,-66.101,81.6118,ASCAT,0.0,0.0,False,False,False,False,length_below_openberg_minimum
484,2015-10-11,-66.101,81.6118,ASCAT,0.0,0.0,False,False,False,False,length_below_openberg_minimum
485,2015-10-12,-66.101,81.6118,ASCAT,0.0,0.0,False,False,False,False,length_below_openberg_minimum
486,2015-10-13,-66.101,81.6118,ASCAT,0.0,0.0,False,False,False,False,length_below_openberg_minimum
487,2015-10-14,-66.101,81.6118,ASCAT,0.0,0.0,False,False,False,False,length_below_openberg_minimum
488,2015-10-15,-66.101,81.6118,ASCAT,0.0,0.0,False,False,False,False,length_below_openberg_minimum
489,2015-10-16,-66.101,81.6118,ASCAT,20372.0,7408.0,False,False,False,False,length_exceeds_openberg_maximum
490,2015-10-17,-66.101,81.6118,ASCAT,0.0,0.0,False,False,False,False,length_below_openberg_minimum
491,2015-10-18,-66.101,81.6118,ASCAT,0.0,0.0,False,False,False,False,length_below_openberg_minimum
492,2015-10-19,-66.101,81.6118,ASCAT,0.0,0.0,False,False,False,False,length_below_openberg_minimum
493,2015-10-20,-66.101,81.6118,ASCAT,0.0,0.0,False,False,False,False,length_below_openberg_minimum
494,2015-10-21,-66.101,81.6118,ASCAT,0.0,0.0,False,False,False,False,length_below_openberg_minimum
495,2015-10-22,-66.101,81.6118,ASCAT,0.0,0.0,False,False,False,False,length_below_openberg_minimum
496,2015-10-23,-66.101,81.6118,ASCAT,20372.0,7408.0,False,False,False,False,length_exceeds_openberg_maximum
497,2015-10-24,-66.101,81.6118,ASCAT,0.0,0.0,False,False,False,False,length_below_openberg_minimum
498,2015-10-25,-66.101,81.6118,ASCAT,0.0,0.0,False,False,False,False,length_below_openberg_minimum
499,2015-10-26,-66.1051,81.6081,ASCAT,0.0,0.0,False,False,False,False,length_below_openberg_minimum
500,2015-10-27,-66.115,81.599,ASCAT,0.0,0.0,False,False,False,False,length_below_openberg_minimum
501,2015-10-28,-66.1276,81.5876,ASCAT,0.0,0.0,False,False,False,False,length_below_openberg_minimum
502,2015-10-29,-66.1395,81.5767,ASCAT,0.0,0.0,False,False,False,False,length_below_openberg_minimum
503,2015-10-30,-66.1474,81.5695,ASCAT,20372.0,7408.0,False,False,False,False,length_exceeds_openberg_maximum
504,2015-10-31,-66.1511,81.5661,ASCAT,0.0,0.0,False,False,False,False,length_below_openberg_minimum
505,2015-11-01,-66.1264,81.6135,ASCAT,0.0,0.0,False,False,False,False,length_below_openberg_minimum
506,2015-11-02,-66.1016,81.6609,ASCAT,0.0,0.0,False,False,False,False,length_below_openberg_minimum
507,2015-11-03,-66.1016,81.6609,ASCAT,0.0,0.0,False,False,False,False,length_below_openberg_minimum
508,2015-11-04,-66.1016,81.6609,ASCAT,0.0,0.0,False,False,False,False,length_below_openberg_minimum
509,2015-11-05,-66.1016,81.6609,ASCAT,0.0,0.0,False,False,False,False,length_below_openberg_minimum
510,2015-11-06,-66.1016,81.6609,ASCAT,20372.0,7408.0,False,False,False,False,length_exceeds_openberg_maximum
511,2015-11-07,-66.1016,81.6609,ASCAT,0.0,0.0,False,False,False,False,length_below_openberg_minimum
512,2015-11-08,-66.1016,81.6609,ASCAT,0.0,0.0,False,False,False,False,length_below_openberg_minimum
513,2015-11-09,-66.1016,81.6609,ASCAT,0.0,0.0,False,False,False,False,length_below_openberg_minimum
514,2015-11-10,-66.1016,81.6609,ASCAT,0.0,0.0,False,False,False,False,length_below_openberg_minimum
515,2015-11-11,-66.1016,81.6609,ASCAT,0.0,0.0,False,False,False,False,length_below_openberg_minimum
516,2015-11-12,-66.1016,81.6609,ASCAT,0.0,0.0,False,False,False,False,length_below_openberg_minimum
517,2015-11-13,-66.1016,81.6609,ASCAT,20372.0,7408.0,False,False,False,False,length_exceeds_openberg_maximum
518,2015-11-14,-66.1016,81.6609,ASCAT,0.0,0.0,False,False,False,False,length_below_openberg_minimum
519,2015-11-15,-66.1016,81.6609,ASCAT,0.0,0.0,False,False,False,False,length_below_openberg_minimum
520,2015-11-16,-66.1016,81.6609,ASCAT,0.0,0.0,False,False,False,False,length_below_openberg_minimum
521,2015-11-17,-66.1016,81.6609,ASCAT,0.0,0.0,False,False,False,False,length_below_openberg_minimum
522,2015-11-18,-66.1016,81.6609,ASCAT,0.0,0.0,False,False,False,False,length_below_openberg_minimum
523,2015-11-19,-66.1016,81.6609,ASCAT,0.0,0.0,False,False,False,False,length_below_openberg_minimum
524,2015-11-20,-66.1016,81.6609,ASCAT,0.0,0.0,False,False,False,False,length_below_openberg_minimum
525,2015-11-21,-66.1016,81.6609,ASCAT,0.0,0.0,False,False,False,False,length_below_openberg_minimum
526,2015-11-22,-66.1016,81.6609,ASCAT,0.0,0.0,False,False,False,False,length_below_openberg_minimum
527,2015-11-23,-66.1016,81.6609,ASCAT,0.0,0.0,False,False,False,False,length_below_openberg_minimum
528,2015-11-24,-66.1016,81.6609,ASCAT,0.0,0.0,False,False,False,False,length_below_openberg_minimum
529,2015-11-25,-66.1016,81.6609,ASCAT,0.0,0.0,False,False,False,False,length_below_openberg_minimum
530,2015-11-26,-66.1016,81.6609,ASCAT,0.0,0.0,False,False,False,False,length_below_openberg_minimum
531,2015-11-27,-66.1016,81.6609,ASCAT,20372.0,7408.0,False,False,False,False,length_exceeds_openberg_maximum
532,2015-11-28,-66.1016,81.6609,ASCAT,0.0,0.0,False,False,False,False,length_below_openberg_minimum
533,2015-11-29,-66.1016,81.6609,ASCAT,0.0,0.0,False,False,False,False,length_below_openberg_minimum
534,2015-11-30,-66.1016,81.6609,ASCAT,0.0,0.0,False,False,False,False,length_below_openberg_minimum
535,2015-12-01,-66.1016,81.6609,ASCAT,0.0,0.0,False,False,False,False,length_below_openberg_minimum
536,2015-12-02,-66.1016,81.6609,ASCAT,0.0,0.0,False,False,False,False,length_below_openberg_minimum
537,2015-12-03,-66.1016,81.6609,ASCAT,0.0,0.0,False,False,False,False,length_below_openberg_minimum
538,2015-12-04,-66.1016,81.6609,ASCAT,20372.0,7408.0,False,False,False,False,length_exceeds_openberg_maximum
539,2015-12-05,-66.1016,81.6609,ASCAT,0.0,0.0,False,False,False,False,length_below_openberg_minimum
540,2015-12-06,-66.1016,81.6609,ASCAT,0.0,0.0,False,False,False,False,length_below_openberg_minimum
541,2015-12-07,-66.1016,81.6609,ASCAT,0.0,0.0,False,False,False,False,length_below_openberg_minimum
542,2015-12-08,-66.1016,81.6609,ASCAT,0.0,0.0,False,False,False,False,length_below_openberg_minimum
543,2015-12-09,-66.1016,81.6609,ASCAT,0.0,0.0,False,False,False,False,length_below_openberg_minimum
544,2015-12-10,-66.0997,81.6598,ASCAT,0.0,0.0,False,False,False,False,length_below_openberg_minimum
545,2015-12-11,-66.0997,81.6598,ASCAT,20372.0,7408.0,False,False,False,False,length_exceeds_openberg_maximum
546,2015-12-12,-66.0997,81.6598,ASCAT,0.0,0.0,False,False,False,False,length_below_openberg_minimum
547,2015-12-13,-66.0997,81.6598,ASCAT,0.0,0.0,False,False,False,False,length_below_openberg_minimum
548,2015-12-14,-66.0997,81.6598,ASCAT,0.0,0.0,False,False,False,False,length_below_openberg_minimum
549,2015-12-15,-66.0997,81.6598,ASCAT,0.0,0.0,False,False,False,False,length_below_openberg_minimum
550,2015-12-16,-66.0997,81.6598,ASCAT,0.0,0.0,False,False,False,False,length_below_openberg_minimum
551,2015-12-17,-66.0997,81.6598,ASCAT,0.0,0.0,False,False,False,False,length_below_openberg_minimum
552,2015-12-18,-66.0997,81.6598,ASCAT,20372.0,7408.0,False,False,False,False,length_exceeds_openberg_maximum
553,2015-12-19,-66.0997,81.6598,ASCAT,0.0,0.0,False,False,False,False,length_below_openberg_minimum
554,2015-12-20,-66.0997,81.6598,ASCAT,0.0,0.0,False,False,False,False,length_below_openberg_minimum
555,2015-12-21,-66.0997,81.6598,ASCAT,0.0,0.0,False,False,False,False,length_below_openberg_minimum
556,2015-12-22,-66.0997,81.6598,ASCAT,0.0,0.0,False,False,False,False,length_below_openberg_minimum
557,2015-12-23,-66.0997,81.6598,ASCAT,0.0,0.0,False,False,False,False,length_below_openberg_minimum
558,2015-12-24,-66.0997,81.6598,ASCAT,0.0,0.0,False,False,False,False,length_below_openberg_minimum
559,2015-12-25,-66.0997,81.6598,ASCAT,0.0,0.0,False,False,False,False,length_below_openberg_minimum
560,2015-12-26,-66.0997,81.6598,ASCAT,0.0,0.0,False,False,False,False,length_below_openberg_minimum
561,2015-12-27,-66.0997,81.6598,ASCAT,0.0,0.0,False,False,False,False,length_below_openberg_minimum
562,2015-12-28,-66.0997,81.6598,ASCAT,0.0,0.0,False,False,False,False,length_below_openberg_minimum
563,2015-12-29,-66.0997,81.6598,ASCAT,0.0,0.0,False,False,False,False,length_below_openberg_minimum
564,2015-12-30,-66.0997,81.6598,ASCAT,0.0,0.0,False,False,False,False,length_below_openberg_minimum
565,2015-12-31,-66.0997,81.6598,ASCAT,0.0,0.0,False,False,False,False,length_below_openberg_minimum
566,2016-01-01,-66.0995,81.6628,ASCAT,20372.0,7408.0,False,False,False,False,length_exceeds_openberg_maximum
567,2016-01-02,-66.0992,81.6667,ASCAT,0.0,0.0,False,False,False,False,length_below_openberg_minimum
568,2016-01-03,-66.0989,81.6726,ASCAT,0.0,0.0,False,False,False,False,length_below_openberg_minimum
569,2016-01-04,-66.0984,81.6797,ASCAT,0.0,0.0,False,False,False,False,length_below_openberg_minimum
570,2016-01-05,-66.0979,81.6876,ASCAT,0.0,0.0,False,False,False,False,length_below_openberg_minimum
571,2016-01-06,-66.0973,81.696,ASCAT,0.0,0.0,False,False,False,False,length_below_openberg_minimum
572,2016-01-07,-66.0968,81.7045,ASCAT,0.0,0.0,False,False,False,False,length_below_openberg_minimum
573,2016-01-08,-66.0963,81.7131,ASCAT,20372.0,7408.0,False,False,False,False,length_exceeds_openberg_maximum
574,2016-01-09,-66.0958,81.7203,ASCAT,0.0,0.0,False,False,False,False,length_below_openberg_minimum
575,2016-01-10,-66.0954,81.726,ASCAT,0.0,0.0,False,False,False,False,length_below_openberg_minimum
576,2016-01-11,-66.0951,81.7312,ASCAT,0.0,0.0,False,False,False,False,length_below_openberg_minimum
577,2016-01-12,-66.0948,81.735,ASCAT,0.0,0.0,False,False,False,False,length_below_openberg_minimum
578,2016-01-13,-66.0947,81.7365,ASCAT,0.0,0.0,False,False,False,False,length_below_openberg_minimum
579,2016-01-14,-66.1662,81.659,ASCAT,0.0,0.0,False,False,False,False,length_below_openberg_minimum
580,2016-01-15,-66.1662,81.659,ASCAT,20372.0,7408.0,False,False,False,False,length_exceeds_openberg_maximum
581,2016-01-16,-66.1662,81.659,ASCAT,0.0,0.0,False,False,False,False,length_below_openberg_minimum
582,2016-01-17,-66.1662,81.659,ASCAT,0.0,0.0,False,False,False,False,length_below_openberg_minimum
583,2016-01-18,-66.1662,81.659,ASCAT,0.0,0.0,False,False,False,False,length_below_openberg_minimum
584,2016-01-19,-66.1662,81.659,ASCAT,0.0,0.0,False,False,False,False,length_below_openberg_minimum
585,2016-01-20,-66.1662,81.659,ASCAT,0.0,0.0,False,False,False,False,length_below_openberg_minimum
586,2016-01-21,-66.1662,81.659,ASCAT,0.0,0.0,False,False,False,False,length_below_openberg_minimum
587,2016-01-22,-66.1662,81.659,ASCAT,0.0,0.0,False,False,False,False,length_below_openberg_minimum
588,2016-01-23,-66.1662,81.659,ASCAT,0.0,0.0,False,False,False,False,length_below_openberg_minimum
589,2016-01-24,-66.1662,81.659,ASCAT,0.0,0.0,False,False,False,False,length_below_openberg_minimum
590,2016-01-25,-66.1662,81.659,ASCAT,0.0,0.0,False,False,False,False,length_below_openberg_minimum
591,2016-01-26,-66.1662,81.659,ASCAT,0.0,0.0,False,False,False,False,length_below_openberg_minimum
592,2016-01-27,-66.1662,81.659,ASCAT,0.0,0.0,False,False,False,False,length_below_openberg_minimum
593,2016-01-28,-66.1662,81.659,ASCAT,0.0,0.0,False,False,False,False,length_below_openberg_minimum
594,2016-01-29,-66.1662,81.659,ASCAT,20372.0,7408.0,False,False,False,False,length_exceeds_openberg_maximum
595,2016-01-30,-66.1662,81.659,ASCAT,0.0,0.0,False,False,False,False,length_below_openberg_minimum
596,2016-01-31,-66.1662,81.659,ASCAT,0.0,0.0,False,False,False,False,length_below_openberg_minimum
597,2016-02-01,-66.1662,81.659,ASCAT,0.0,0.0,False,False,False,False,length_below_openberg_minimum
598,2016-02-02,-66.1662,81.659,ASCAT,0.0,0.0,False,False,False,False,length_below_openberg_minimum
599,2016-02-03,-66.1662,81.659,ASCAT,0.0,0.0,False,False,False,False,length_below_openberg_minimum
600,2016-02-04,-66.1662,81.659,ASCAT,0.0,0.0,False,False,False,False,length_below_openberg_minimum
601,2016-02-05,-66.1662,81.659,ASCAT,0.0,0.0,False,False,False,False,length_below_openberg_minimum
602,2016-02-06,-66.1662,81.659,ASCAT,0.0,0.0,False,False,False,False,length_below_openberg_minimum
603,2016-02-07,-66.1662,81.659,ASCAT,0.0,0.0,False,False,False,False,length_below_openberg_minimum
604,2016-02-08,-66.1662,81.659,ASCAT,0.0,0.0,False,False,False,False,length_below_openberg_minimum
605,2016-02-09,-66.1662,81.659,ASCAT,0.0,0.0,False,False,False,False,length_below_openberg_minimum
606,2016-02-10,-66.1662,81.659,ASCAT,0.0,0.0,False,False,False,False,length_below_openberg_minimum
607,2016-02-11,-66.6323,81.4374,ASCAT,0.0,0.0,False,False,False,False,length_below_openberg_minimum
608,2016-02-12,-66.6323,81.4374,ASCAT,0.0,0.0,False,False,False,False,length_below_openberg_minimum
609,2016-02-13,-66.6323,81.4374,ASCAT,0.0,0.0,False,False,False,False,length_below_openberg_minimum
610,2016-02-14,-66.6323,81.4374,ASCAT,0.0,0.0,False,False,False,False,length_below_openberg_minimum
611,2016-02-15,-66.6323,81.4374,ASCAT,0.0,0.0,False,False,False,False,length_below_openberg_minimum
612,2016-02-16,-66.5366,81.4081,ASCAT,0.0,0.0,False,False,False,False,length_below_openberg_minimum
613,2016-02-17,-66.3838,81.3788,ASCAT,0.0,0.0,False,False,False,False,length_below_openberg_minimum
614,2016-02-18,-66.2768,81.5485,ASCAT,0.0,0.0,False,False,False,False,length_below_openberg_minimum
615,2016-02-19,-66.0916,81.5629,ASCAT,0.0,0.0,False,False,False,False,length_below_openberg_minimum
616,2016-02-20,-66.0916,81.5629,ASCAT,0.0,0.0,False,False,False,False,length_below_openberg_minimum
617,2016-02-21,-66.0698,81.797,ASCAT,0.0,0.0,False,False,False,False,length_below_openberg_minimum
618,2016-02-22,-66.0698,81.797,ASCAT,0.0,0.0,False,False,False,False,length_below_openberg_minimum
619,2016-02-23,-66.0698,81.797,ASCAT,0.0,0.0,False,False,False,False,length_below_openberg_minimum
620,2016-02-24,-66.071,81.7432,ASCAT,0.0,0.0,False,False,False,False,length_below_openberg_minimum
621,2016-02-25,-66.0721,81.8675,ASCAT,0.0,0.0,False,False,False,False,length_below_openberg_minimum
622,2016-02-26,-66.0705,81.7469,ASCAT,0.0,0.0,False,False,False,False,length_below_openberg_minimum
623,2016-02-27,-66.0705,81.7469,ASCAT,0.0,0.0,False,False,False,False,length_below_openberg_minimum
624,2016-02-28,-66.0705,81.7469,ASCAT,0.0,0.0,False,False,False,False,length_below_openberg_minimum
625,2016-02-29,-66.0705,81.7469,ASCAT,0.0,0.0,False,False,False,False,length_below_openberg_minimum
626,2016-03-01,-66.0705,81.7469,ASCAT,0.0,0.0,False,False,False,False,length_below_openberg_minimum
627,2016-03-02,-66.0778,81.641,ASCAT,0.0,0.0,False,False,False,False,length_below_openberg_minimum
628,2016-03-03,-66.0778,81.641,ASCAT,0.0,0.0,False,False,False,False,length_below_openberg_minimum
629,2016-03-04,-66.0778,81.641,ASCAT,20372.0,7408.0,False,False,False,False,length_exceeds_openberg_maximum
630,2016-03-05,-66.0778,81.641,ASCAT,0.0,0.0,False,False,False,False,length_below_openberg_minimum
631,2016-03-06,-66.0778,81.641,ASCAT,0.0,0.0,False,False,False,False,length_below_openberg_minimum
632,2016-03-07,-66.0778,81.641,ASCAT,0.0,0.0,False,False,False,False,length_below_openberg_minimum
633,2016-03-08,-66.0778,81.641,ASCAT,0.0,0.0,False,False,False,False,length_below_openberg_minimum
634,2016-03-09,-66.0778,81.641,ASCAT,0.0,0.0,False,False,False,False,length_below_openberg_minimum
635,2016-03-10,-66.0778,81.641,ASCAT,0.0,0.0,False,False,False,False,length_below_openberg_minimum
636,2016-03-11,-66.0778,81.641,ASCAT,20372.0,7408.0,False,False,False,False,length_exceeds_openberg_maximum
637,2016-03-12,-66.0778,81.641,ASCAT,0.0,0.0,False,False,False,False,length_below_openberg_minimum
638,2016-03-13,-66.0778,81.641,ASCAT,0.0,0.0,False,False,False,False,length_below_openberg_minimum
639,2016-03-14,-66.0778,81.641,ASCAT,0.0,0.0,False,False,False,False,length_below_openberg_minimum
640,2016-03-15,-66.0778,81.641,ASCAT,0.0,0.0,False,False,False,False,length_below_openberg_minimum
641,2016-03-16,-66.0778,81.641,ASCAT,0.0,0.0,False,False,False,False,length_below_openberg_minimum
642,2016-03-17,-66.0778,81.641,ASCAT,0.0,0.0,False,False,False,False,length_below_openberg_minimum
643,2016-03-18,-66.0778,81.641,ASCAT,20372.0,7408.0,False,False,False,False,length_exceeds_openberg_maximum
644,2016-03-19,-66.0778,81.641,ASCAT,0.0,0.0,False,False,False,False,length_below_openberg_minimum
645,2016-03-20,-66.0778,81.641,ASCAT,0.0,0.0,False,False,False,False,length_below_openberg_minimum
646,2016-03-21,-66.0778,81.641,ASCAT,0.0,0.0,False,False,False,False,length_below_openberg_minimum
647,2016-03-22,-66.0778,81.641,ASCAT,0.0,0.0,False,False,False,False,length_below_openberg_minimum
648,2016-03-23,-66.0778,81.641,ASCAT,0.0,0.0,False,False,False,False,length_below_openberg_minimum
649,2016-03-24,-66.0778,81.641,ASCAT,0.0,0.0,False,False,False,False,length_below_openberg_minimum
650,2016-03-25,-66.0778,81.641,ASCAT,20372.0,7408.0,False,False,False,False,length_exceeds_openberg_maximum
651,2016-03-26,-66.0514,81.6772,ASCAT,0.0,0.0,False,False,False,False,length_below_openberg_minimum
652,2016-03-27,-66.0514,81.6772,ASCAT,0.0,0.0,False,False,False,False,length_below_openberg_minimum
653,2016-03-28,-66.0439,81.603,NIC,0.0,0.0,False,False,False,False,length_below_openberg_minimum
654,2016-03-29,-66.0227,81.6136,NIC,0.0,0.0,False,False,False,False,length_below_openberg_minimum
655,2016-03-30,-66.0031,81.6234,NIC,0.0,0.0,False,False,False,False,length_below_openberg_minimum
656,2016-03-31,-65.9888,81.6305,NIC,0.0,0.0,False,False,False,False,length_below_openberg_minimum
657,2016-04-01,-65.9833,81.6333,NIC,20372.0,7408.0,False,False,False,False,length_exceeds_openberg_maximum
658,2016-04-02,-65.9833,81.6333,NIC,0.0,0.0,False,False,False,False,length_below_openberg_minimum
659,2016-04-03,-65.9833,81.6333,NIC,0.0,0.0,False,False,False,False,length_below_openberg_minimum
660,2016-04-04,-65.9833,81.6333,NIC,0.0,0.0,False,False,False,False,length_below_openberg_minimum
661,2016-04-05,-65.9833,81.6333,NIC,0.0,0.0,False,False,False,False,length_below_openberg_minimum
662,2016-04-06,-65.9833,81.6333,NIC,0.0,0.0,False,False,False,False,length_below_openberg_minimum
663,2016-04-07,-65.9833,81.6333,NIC,0.0,0.0,False,False,False,False,length_below_openberg_minimum
664,2016-04-08,-65.9833,81.6333,NIC,20372.0,7408.0,False,False,False,False,length_exceeds_openberg_maximum
665,2016-04-09,-65.9827,81.637,NIC,0.0,0.0,False,False,False,False,length_below_openberg_minimum
666,2016-04-10,-66.0033,81.6963,ASCAT,0.0,0.0,False,False,False,False,length_below_openberg_minimum
667,2016-04-11,-66.0033,81.6963,ASCAT,0.0,0.0,False,False,False,False,length_below_openberg_minimum
668,2016-04-12,-65.9799,81.7162,ASCAT,0.0,0.0,False,False,False,False,length_below_openberg_minimum
669,2016-04-13,-65.9564,81.7361,ASCAT,0.0,0.0,False,False,False,False,length_below_openberg_minimum
670,2016-04-14,-65.9564,81.7361,ASCAT,0.0,0.0,False,False,False,False,length_below_openberg_minimum
671,2016-04-15,-65.9564,81.7361,ASCAT,20372.0,7408.0,False,False,False,False,length_exceeds_openberg_maximum
672,2016-04-16,-65.9564,81.7361,ASCAT,0.0,0.0,False,False,False,False,length_below_openberg_minimum
673,2016-04-17,-65.9564,81.7361,ASCAT,0.0,0.0,False,False,False,False,length_below_openberg_minimum
674,2016-04-18,-65.9564,81.7361,ASCAT,0.0,0.0,False,False,False,False,length_below_openberg_minimum
675,2016-04-19,-65.9564,81.7361,ASCAT,0.0,0.0,False,False,False,False,length_below_openberg_minimum
676,2016-04-20,-65.9564,81.7361,ASCAT,0.0,0.0,False,False,False,False,length_below_openberg_minimum
677,2016-04-21,-65.9564,81.7361,ASCAT,0.0,0.0,False,False,False,False,length_below_openberg_minimum
678,2016-04-22,-65.9564,81.7361,ASCAT,20372.0,7408.0,False,False,False,False,length_exceeds_openberg_maximum
679,2016-04-23,-65.9564,81.7361,ASCAT,0.0,0.0,False,False,False,False,length_below_openberg_minimum
680,2016-04-24,-65.9564,81.7361,ASCAT,0.0,0.0,False,False,False,False,length_below_openberg_minimum
681,2016-04-25,-65.9564,81.7361,ASCAT,0.0,0.0,False,False,False,False,length_below_openberg_minimum
682,2016-04-26,-65.9564,81.7361,ASCAT,0.0,0.0,False,False,False,False,length_below_openberg_minimum
683,2016-04-27,-65.9564,81.7361,ASCAT,0.0,0.0,False,False,False,False,length_below_openberg_minimum
684,2016-04-28,-65.9558,81.7367,ASCAT,0.0,0.0,False,False,False,False,length_below_openberg_minimum
685,2016-04-29,-65.9539,81.7384,ASCAT,20372.0,7408.0,False,False,False,False,length_exceeds_openberg_maximum
686,2016-04-30,-65.9512,81.7411,ASCAT,0.0,0.0,False,False,False,False,length_below_openberg_minimum
687,2016-05-01,-65.9477,81.7444,ASCAT,0.0,0.0,False,False,False,False,length_below_openberg_minimum
688,2016-05-02,-65.9437,81.7482,ASCAT,0.0,0.0,False,False,False,False,length_below_openberg_minimum
689,2016-05-03,-65.9394,81.7523,ASCAT,0.0,0.0,False,False,False,False,length_below_openberg_minimum
690,2016-05-04,-65.9349,81.7566,ASCAT,0.0,0.0,False,False,False,False,length_below_openberg_minimum
691,2016-05-05,-65.9306,81.7607,ASCAT,0.0,0.0,False,False,False,False,length_below_openberg_minimum
692,2016-05-06,-65.9266,81.7645,ASCAT,20372.0,7408.0,False,False,False,False,length_exceeds_openberg_maximum
693,2016-05-07,-65.9231,81.7678,ASCAT,0.0,0.0,False,False,False,False,length_below_openberg_minimum
694,2016-05-08,-65.9204,81.7705,ASCAT,0.0,0.0,False,False,False,False,length_below_openberg_minimum
695,2016-05-09,-65.9185,81.7722,ASCAT,0.0,0.0,False,False,False,False,length_below_openberg_minimum
696,2016-05-10,-65.9179,81.7728,ASCAT,0.0,0.0,False,False,False,False,length_below_openberg_minimum
697,2016-05-11,-65.9179,81.7728,ASCAT,0.0,0.0,False,False,False,False,length_below_openberg_minimum
698,2016-05-12,-65.9179,81.7728,ASCAT,0.0,0.0,False,False,False,False,length_below_openberg_minimum
699,2016-05-13,-65.9179,81.7728,ASCAT,20372.0,7408.0,False,False,False,False,length_exceeds_openberg_maximum
700,2016-05-14,-65.9179,81.7728,ASCAT,0.0,0.0,False,False,False,False,length_below_openberg_minimum
701,2016-05-15,-65.9179,81.7728,ASCAT,0.0,0.0,False,False,False,False,length_below_openberg_minimum
702,2016-05-16,-65.9179,81.7728,ASCAT,0.0,0.0,False,False,False,False,length_below_openberg_minimum
703,2016-05-17,-65.9179,81.7728,ASCAT,0.0,0.0,False,False,False,False,length_below_openberg_minimum
704,2016-05-18,-65.9179,81.7728,ASCAT,0.0,0.0,False,False,False,False,length_below_openberg_minimum
705,2016-05-19,-65.9179,81.7728,ASCAT,0.0,0.0,False,False,False,False,length_below_openberg_minimum
706,2016-05-20,-65.9179,81.7728,ASCAT,20372.0,7408.0,False,False,False,False,length_exceeds_openberg_maximum
707,2016-05-21,-65.9179,81.7728,ASCAT,0.0,0.0,False,False,False,False,length_below_openberg_minimum
708,2016-05-22,-65.9179,81.7728,ASCAT,0.0,0.0,False,False,False,False,length_below_openberg_minimum
709,2016-05-23,-65.9179,81.7728,ASCAT,0.0,0.0,False,False,False,False,length_below_openberg_minimum
710,2016-05-24,-65.9179,81.7728,ASCAT,0.0,0.0,False,False,False,False,length_below_openberg_minimum
711,2016-05-25,-65.9179,81.7728,ASCAT,0.0,0.0,False,False,False,False,length_below_openberg_minimum
712,2016-05-26,-65.9179,81.7728,ASCAT,0.0,0.0,False,False,False,False,length_below_openberg_minimum
713,2016-05-27,-65.9165,81.7486,ASCAT,20372.0,7408.0,False,False,False,False,length_exceeds_openberg_maximum
714,2016-05-28,-65.9165,81.7486,ASCAT,0.0,0.0,False,False,False,False,length_below_openberg_minimum
715,2016-05-29,-65.9165,81.7486,ASCAT,0.0,0.0,False,False,False,False,length_below_openberg_minimum
716,2016-05-30,-65.9165,81.7486,ASCAT,0.0,0.0,False,False,False,False,length_below_openberg_minimum
717,2016-05-31,-65.9165,81.7486,ASCAT,0.0,0.0,False,False,False,False,length_below_openberg_minimum
718,2016-06-01,-65.9215,81.7432,ASCAT,0.0,0.0,False,False,False,False,length_below_openberg_minimum
719,2016-06-02,-65.9325,81.7314,ASCAT,0.0,0.0,False,False,False,False,length_below_openberg_minimum
720,2016-06-03,-65.9436,81.7195,ASCAT,20372.0,7408.0,False,False,False,False,length_exceeds_openberg_maximum
721,2016-06-04,-65.9486,81.7141,ASCAT,0.0,0.0,False,False,False,False,length_below_openberg_minimum
722,2016-06-05,-65.9486,81.7141,ASCAT,0.0,0.0,False,False,False,False,length_below_openberg_minimum
723,2016-06-06,-65.9486,81.7141,ASCAT,0.0,0.0,False,False,False,False,length_below_openberg_minimum
724,2016-06-07,-65.9486,81.7141,ASCAT,0.0,0.0,False,False,False,False,length_below_openberg_minimum
725,2016-06-08,-65.9486,81.7141,ASCAT,0.0,0.0,False,False,False,False,length_below_openberg_minimum
726,2016-06-09,-65.9,81.75,NIC,0.0,0.0,False,False,False,False,length_below_openberg_minimum
727,2016-06-10,-65.9,81.75,NIC,20372.0,7408.0,False,False,False,False,length_exceeds_openberg_maximum
728,2016-06-11,-65.9018,81.7454,NIC,0.0,0.0,False,False,False,False,length_below_openberg_minimum
729,2016-06-12,-65.9066,81.7335,NIC,0.0,0.0,False,False,False,False,length_below_openberg_minimum
730,2016-06-13,-65.9131,81.7172,NIC,0.0,0.0,False,False,False,False,length_below_openberg_minimum
731,2016-06-14,-65.9202,81.6995,NIC,0.0,0.0,False,False,False,False,length_below_openberg_minimum
732,2016-06-15,-65.9267,81.6832,NIC,0.0,0.0,False,False,False,False,length_below_openberg_minimum
733,2016-06-16,-65.9315,81.6713,NIC,0.0,0.0,False,False,False,False,length_below_openberg_minimum
734,2016-06-17,-65.9333,81.6667,NIC,20372.0,7408.0,False,False,False,False,length_exceeds_openberg_maximum
735,2016-06-18,-65.9333,81.6667,NIC,0.0,0.0,False,False,False,False,length_below_openberg_minimum
736,2016-06-19,-65.9333,81.6667,NIC,0.0,0.0,False,False,False,False,length_below_openberg_minimum
737,2016-06-20,-65.9333,81.6667,NIC,0.0,0.0,False,False,False,False,length_below_openberg_minimum
738,2016-06-21,-65.9333,81.6667,NIC,0.0,0.0,False,False,False,False,length_below_openberg_minimum
739,2016-06-22,-65.9333,81.6667,NIC,0.0,0.0,False,False,False,False,length_below_openberg_minimum
740,2016-06-23,-65.9333,81.6667,NIC,0.0,0.0,False,False,False,False,length_below_openberg_minimum
741,2016-06-24,-65.9333,81.6667,NIC,20372.0,7408.0,False,False,False,False,length_exceeds_openberg_maximum
742,2016-06-25,-65.9333,81.6667,NIC,0.0,0.0,False,False,False,False,length_below_openberg_minimum
743,2016-06-26,-65.9333,81.6667,NIC,0.0,0.0,False,False,False,False,length_below_openberg_minimum
744,2016-06-27,-65.9333,81.6667,NIC,0.0,0.0,False,False,False,False,length_below_openberg_minimum
745,2016-06-28,-65.9333,81.6667,NIC,0.0,0.0,False,False,False,False,length_below_openberg_minimum
746,2016-06-29,-65.9333,81.6667,NIC,0.0,0.0,False,False,False,False,length_below_openberg_minimum
747,2016-06-30,-65.9333,81.6667,NIC,0.0,0.0,False,False,False,False,length_below_openberg_minimum
748,2016-07-01,-65.9526,81.6878,ASCAT,20372.0,7408.0,False,False,False,False,length_exceeds_openberg_maximum
749,2016-07-02,-65.9526,81.6878,ASCAT,0.0,0.0,False,False,False,False,length_below_openberg_minimum
750,2016-07-03,-65.9526,81.6878,ASCAT,0.0,0.0,False,False,False,False,length_below_openberg_minimum
751,2016-07-04,-65.9526,81.6878,ASCAT,0.0,0.0,False,False,False,False,length_below_openberg_minimum
752,2016-07-05,-65.9526,81.6878,ASCAT,0.0,0.0,False,False,False,False,length_below_openberg_minimum
753,2016-07-06,-65.9526,81.6878,ASCAT,0.0,0.0,False,False,False,False,length_below_openberg_minimum
754,2016-07-07,-65.9526,81.6878,ASCAT,0.0,0.0,False,False,False,False,length_below_openberg_minimum
755,2016-07-08,-65.9526,81.6878,ASCAT,20372.0,7408.0,False,False,False,False,length_exceeds_openberg_maximum
756,2016-07-09,-65.9526,81.6878,ASCAT,0.0,0.0,False,False,False,False,length_below_openberg_minimum
757,2016-07-10,-65.9526,81.6878,ASCAT,0.0,0.0,False,False,False,False,length_below_openberg_minimum
758,2016-07-11,-65.9526,81.6878,ASCAT,0.0,0.0,False,False,False,False,length_below_openberg_minimum
759,2016-07-12,-65.9554,81.662,ASCAT,0.0,0.0,False,False,False,False,length_below_openberg_minimum
760,2016-07-13,-65.9581,81.6362,ASCAT,0.0,0.0,False,False,False,False,length_below_openberg_minimum
761,2016-07-14,-65.9518,81.6899,ASCAT,0.0,0.0,False,False,False,False,length_below_openberg_minimum
762,2016-07-15,-65.9517,81.6882,ASCAT,20372.0,7408.0,False,False,False,False,length_exceeds_openberg_maximum
763,2016-07-16,-65.9796,81.6782,ASCAT,0.0,0.0,False,False,False,False,length_below_openberg_minimum
764,2016-07-17,-65.9799,81.6532,ASCAT,0.0,0.0,False,False,False,False,length_below_openberg_minimum
765,2016-07-18,-65.9684,81.6681,ASCAT,0.0,0.0,False,False,False,False,length_below_openberg_minimum
766,2016-07-19,-65.9442,81.6909,ASCAT,0.0,0.0,False,False,False,False,length_below_openberg_minimum
767,2016-07-20,-65.9052,81.7048,ASCAT,0.0,0.0,False,False,False,False,length_below_openberg_minimum
768,2016-07-21,-65.8663,81.7186,ASCAT,0.0,0.0,False,False,False,False,length_below_openberg_minimum
769,2016-07-22,-65.8552,81.7226,ASCAT,0.0,0.0,False,False,False,False,length_below_openberg_minimum
770,2016-07-23,-65.8552,81.7226,ASCAT,0.0,0.0,False,False,False,False,length_below_openberg_minimum
771,2016-07-24,-65.8953,81.7578,ASCAT,0.0,0.0,False,False,False,False,length_below_openberg_minimum
772,2016-07-25,-65.8892,81.7847,ASCAT,0.0,0.0,False,False,False,False,length_below_openberg_minimum
773,2016-07-26,-65.9326,81.7312,ASCAT,0.0,0.0,False,False,False,False,length_below_openberg_minimum
774,2016-07-27,-65.976,81.6777,ASCAT,0.0,0.0,False,False,False,False,length_below_openberg_minimum
775,2016-07-28,-65.9471,81.7394,ASCAT,0.0,0.0,False,False,False,False,length_below_openberg_minimum
776,2016-07-29,-65.9775,81.629,ASCAT,20372.0,7408.0,False,False,False,False,length_exceeds_openberg_maximum
777,2016-07-30,-66.008,81.5187,ASCAT,0.0,0.0,False,False,False,False,length_below_openberg_minimum
778,2016-07-31,-65.9853,81.5553,ASCAT,0.0,0.0,False,False,False,False,length_below_openberg_minimum
779,2016-08-01,-65.9636,81.5811,ASCAT,0.0,0.0,False,False,False,False,length_below_openberg_minimum
780,2016-08-02,-65.9492,81.6164,ASCAT,0.0,0.0,False,False,False,False,length_below_openberg_minimum
781,2016-08-03,-65.9454,81.7417,ASCAT,0.0,0.0,False,False,False,False,length_below_openberg_minimum
782,2016-08-04,-65.9439,81.7158,ASCAT,0.0,0.0,False,False,False,False,length_below_openberg_minimum
783,2016-08-05,-65.9703,81.6815,ASCAT,20372.0,7408.0,False,False,False,False,length_exceeds_openberg_maximum
784,2016-08-06,-65.9721,81.6809,ASCAT,0.0,0.0,False,False,False,False,length_below_openberg_minimum
785,2016-08-07,-65.9406,81.7913,ASCAT,0.0,0.0,False,False,False,False,length_below_openberg_minimum
786,2016-08-08,-65.9847,81.7557,ASCAT,0.0,0.0,False,False,False,False,length_below_openberg_minimum
787,2016-08-09,-66.0289,81.7085,ASCAT,0.0,0.0,False,False,False,False,length_below_openberg_minimum
788,2016-08-10,-66.0125,81.6912,ASCAT,0.0,0.0,False,False,False,False,length_below_openberg_minimum
789,2016-08-11,-66.0125,81.6912,ASCAT,0.0,0.0,False,False,False,False,length_below_openberg_minimum
790,2016-08-12,-66.0125,81.6912,ASCAT,20372.0,7408.0,False,False,False,False,length_exceeds_openberg_maximum
791,2016-08-13,-66.0125,81.6912,ASCAT,0.0,0.0,False,False,False,False,length_below_openberg_minimum
792,2016-08-14,-66.0125,81.6912,ASCAT,0.0,0.0,False,False,False,False,length_below_openberg_minimum
793,2016-08-15,-66.0211,81.6757,ASCAT,0.0,0.0,False,False,False,False,length_below_openberg_minimum
794,2016-08-16,-66.0296,81.6602,ASCAT,0.0,0.0,False,False,False,False,length_below_openberg_minimum
795,2016-08-17,-65.9782,81.7532,ASCAT,0.0,0.0,False,False,False,False,length_below_openberg_minimum
796,2016-08-18,-65.9912,81.7228,ASCAT,0.0,0.0,False,False,False,False,length_below_openberg_minimum
797,2016-08-19,-66.0152,81.6662,ASCAT,20372.0,7408.0,False,False,False,False,length_exceeds_openberg_maximum
798,2016-08-20,-66.0282,81.6358,ASCAT,0.0,0.0,False,False,False,False,length_below_openberg_minimum
799,2016-08-21,-66.0003,81.6459,ASCAT,0.0,0.0,False,False,False,False,length_below_openberg_minimum
800,2016-08-22,-66.001,81.608,ASCAT,0.0,0.0,False,False,False,False,length_below_openberg_minimum
801,2016-08-23,-66.0034,81.5701,ASCAT,0.0,0.0,False,False,False,False,length_below_openberg_minimum
802,2016-08-24,-66.0283,81.6375,ASCAT,0.0,0.0,False,False,False,False,length_below_openberg_minimum
803,2016-08-25,-66.0114,81.593,ASCAT,0.0,0.0,False,False,False,False,length_below_openberg_minimum
804,2016-08-26,-65.9944,81.5485,ASCAT,20372.0,7408.0,False,False,False,False,length_exceeds_openberg_maximum
805,2016-08-27,-66.0065,81.6205,ASCAT,0.0,0.0,False,False,False,False,length_below_openberg_minimum
806,2016-08-28,-65.9882,81.6023,ASCAT,0.0,0.0,False,False,False,False,length_below_openberg_minimum
807,2016-08-29,-66.0236,81.5894,ASCAT,0.0,0.0,False,False,False,False,length_below_openberg_minimum
808,2016-08-30,-66.0238,81.5737,ASCAT,0.0,0.0,False,False,False,False,length_below_openberg_minimum
809,2016-08-31,-66.0239,81.5644,ASCAT,0.0,0.0,False,False,False,False,length_below_openberg_minimum
810,2016-09-01,-65.9896,81.6266,ASCAT,0.0,0.0,False,False,False,False,length_below_openberg_minimum
811,2016-09-02,-66.0034,81.6373,ASCAT,20372.0,7408.0,False,False,False,False,length_exceeds_openberg_maximum
812,2016-09-03,-66.0172,81.6415,ASCAT,0.0,0.0,False,False,False,False,length_below_openberg_minimum
813,2016-09-04,-66.0096,81.6425,ASCAT,0.0,0.0,False,False,False,False,length_below_openberg_minimum
814,2016-09-05,-66.0096,81.6425,ASCAT,0.0,0.0,False,False,False,False,length_below_openberg_minimum
815,2016-09-06,-65.9957,81.6451,ASCAT,0.0,0.0,False,False,False,False,length_below_openberg_minimum
816,2016-09-07,-65.9817,81.6526,ASCAT,0.0,0.0,False,False,False,False,length_below_openberg_minimum
817,2016-09-08,-66.0014,81.6952,ASCAT,0.0,0.0,False,False,False,False,length_below_openberg_minimum
818,2016-09-09,-65.9964,81.7715,ASCAT,20372.0,7408.0,False,False,False,False,length_exceeds_openberg_maximum
819,2016-09-10,-66.002,81.8672,ASCAT,0.0,0.0,False,False,False,False,length_below_openberg_minimum
820,2016-09-11,-65.9835,81.8381,ASCAT,0.0,0.0,False,False,False,False,length_below_openberg_minimum
821,2016-09-12,-65.9512,81.8089,ASCAT,0.0,0.0,False,False,False,False,length_below_openberg_minimum
822,2016-09-13,-65.9216,81.8211,ASCAT,0.0,0.0,False,False,False,False,length_below_openberg_minimum
823,2016-09-14,-65.9525,81.8145,ASCAT,0.0,0.0,False,False,False,False,length_below_openberg_minimum
824,2016-09-15,-65.9942,81.7954,ASCAT,0.0,0.0,False,False,False,False,length_below_openberg_minimum
825,2016-09-16,-66.0106,81.6901,ASCAT,20372.0,7408.0,False,False,False,False,length_exceeds_openberg_maximum
826,2016-09-17,-66.0438,81.5803,ASCAT,0.0,0.0,False,False,False,False,length_below_openberg_minimum
827,2016-09-18,-66.0594,81.6512,ASCAT,0.0,0.0,False,False,False,False,length_below_openberg_minimum
828,2016-09-19,-66.0684,81.649,ASCAT,0.0,0.0,False,False,False,False,length_below_openberg_minimum
829,2016-09-20,-66.0752,81.6449,ASCAT,0.0,0.0,False,False,False,False,length_below_openberg_minimum
830,2016-09-21,-66.0779,81.6427,ASCAT,0.0,0.0,False,False,False,False,length_below_openberg_minimum
831,2016-09-22,-66.0779,81.6427,ASCAT,0.0,0.0,False,False,False,False,length_below_openberg_minimum
832,2016-09-23,-66.0779,81.6427,ASCAT,20372.0,7408.0,False,False,False,False,length_exceeds_openberg_maximum
833,2016-09-24,-66.0779,81.6427,ASCAT,0.0,0.0,False,False,False,False,length_below_openberg_minimum
834,2016-09-25,-66.0779,81.6427,ASCAT,0.0,0.0,False,False,False,False,length_below_openberg_minimum
835,2016-09-26,-66.0779,81.6427,ASCAT,0.0,0.0,False,False,False,False,length_below_openberg_minimum
836,2016-09-27,-66.0771,81.643,ASCAT,0.0,0.0,False,False,False,False,length_below_openberg_minimum
837,2016-09-28,-66.0753,81.6437,ASCAT,0.0,0.0,False,False,False,False,length_below_openberg_minimum
838,2016-09-29,-66.0725,81.6447,ASCAT,0.0,0.0,False,False,False,False,length_below_openberg_minimum
839,2016-09-30,-66.069,81.646,ASCAT,20372.0,7408.0,False,False,False,False,length_exceeds_openberg_maximum
840,2016-10-01,-66.0655,81.6472,ASCAT,0.0,0.0,False,False,False,False,length_below_openberg_minimum
841,2016-10-02,-66.0624,81.6484,ASCAT,0.0,0.0,False,False,False,False,length_below_openberg_minimum
842,2016-10-03,-66.0602,81.6492,ASCAT,0.0,0.0,False,False,False,False,length_below_openberg_minimum
843,2016-10-04,-66.0593,81.6495,ASCAT,0.0,0.0,False,False,False,False,length_below_openberg_minimum
844,2016-10-05,-66.0612,81.6473,ASCAT,0.0,0.0,False,False,False,False,length_below_openberg_minimum
845,2016-10-06,-66.0649,81.6431,ASCAT,0.0,0.0,False,False,False,False,length_below_openberg_minimum
846,2016-10-07,-66.0697,81.6376,ASCAT,20372.0,7408.0,False,False,False,False,length_exceeds_openberg_maximum
847,2016-10-08,-66.0766,81.6297,ASCAT,0.0,0.0,False,False,False,False,length_below_openberg_minimum
848,2016-10-09,-66.0848,81.6203,ASCAT,0.0,0.0,False,False,False,False,length_below_openberg_minimum
849,2016-10-10,-66.0937,81.6102,ASCAT,0.0,0.0,False,False,False,False,length_below_openberg_minimum
850,2016-10-11,-66.1025,81.6001,ASCAT,0.0,0.0,False,False,False,False,length_below_openberg_minimum
851,2016-10-12,-66.1105,81.5909,ASCAT,0.0,0.0,False,False,False,False,length_below_openberg_minimum
852,2016-10-13,-66.1171,81.5833,ASCAT,0.0,0.0,False,False,False,False,length_below_openberg_minimum
853,2016-10-14,-66.1216,81.5782,ASCAT,20372.0,7408.0,False,False,False,False,length_exceeds_openberg_maximum
854,2016-10-15,-66.1232,81.5763,ASCAT,0.0,0.0,False,False,False,False,length_below_openberg_minimum
855,2016-10-16,-66.1074,81.5855,ASCAT,0.0,0.0,False,False,False,False,length_below_openberg_minimum
856,2016-10-17,-66.0727,81.608,ASCAT,0.0,0.0,False,False,False,False,length_below_openberg_minimum
857,2016-10-18,-66.0379,81.6363,ASCAT,0.0,0.0,False,False,False,False,length_below_openberg_minimum
858,2016-10-19,-66.0221,81.6629,ASCAT,0.0,0.0,False,False,False,False,length_below_openberg_minimum
859,2016-10-20,-66.0227,81.688,ASCAT,0.0,0.0,False,False,False,False,length_below_openberg_minimum
860,2016-10-21,-66.0232,81.7122,ASCAT,20372.0,7408.0,False,False,False,False,length_exceeds_openberg_maximum
861,2016-10-22,-66.0191,81.7338,ASCAT,0.0,0.0,False,False,False,False,length_below_openberg_minimum
862,2016-10-23,-66.0116,81.7535,ASCAT,0.0,0.0,False,False,False,False,length_below_openberg_minimum
863,2016-10-24,-66.0075,81.7676,ASCAT,0.0,0.0,False,False,False,False,length_below_openberg_minimum
864,2016-10-25,-66.0198,81.7753,ASCAT,0.0,0.0,False,False,False,False,length_below_openberg_minimum
865,2016-10-26,-66.0438,81.781,ASCAT,0.0,0.0,False,False,False,False,length_below_openberg_minimum
866,2016-10-27,-66.0725,81.7857,ASCAT,0.0,0.0,False,False,False,False,length_below_openberg_minimum
867,2016-10-28,-66.0864,81.7876,ASCAT,20372.0,7408.0,False,False,False,False,length_exceeds_openberg_maximum
868,2016-10-29,-66.078,81.7815,ASCAT,0.0,0.0,False,False,False,False,length_below_openberg_minimum
869,2016-10-30,-66.0587,81.7674,ASCAT,0.0,0.0,False,False,False,False,length_below_openberg_minimum
870,2016-10-31,-66.03,81.7464,ASCAT,0.0,0.0,False,False,False,False,length_below_openberg_minimum
871,2016-11-01,-66.0012,81.7254,ASCAT,0.0,0.0,False,False,False,False,length_below_openberg_minimum
872,2016-11-02,-65.9819,81.7113,ASCAT,0.0,0.0,False,False,False,False,length_below_openberg_minimum
873,2016-11-03,-65.9735,81.7052,ASCAT,0.0,0.0,False,False,False,False,length_below_openberg_minimum
874,2016-11-04,-65.9735,81.7052,ASCAT,20372.0,7408.0,False,False,False,False,length_exceeds_openberg_maximum
875,2016-11-05,-65.9735,81.7052,ASCAT,0.0,0.0,False,False,False,False,length_below_openberg_minimum
876,2016-11-06,-65.9735,81.7052,ASCAT,0.0,0.0,False,False,False,False,length_below_openberg_minimum
877,2016-11-07,-65.9732,81.7055,ASCAT,0.0,0.0,False,False,False,False,length_below_openberg_minimum
878,2016-11-08,-65.972,81.7061,ASCAT,0.0,0.0,False,False,False,False,length_below_openberg_minimum
879,2016-11-09,-65.97,81.7064,ASCAT,0.0,0.0,False,False,False,False,length_below_openberg_minimum
880,2016-11-10,-65.952,81.6632,ASCAT,0.0,0.0,False,False,False,False,length_below_openberg_minimum
881,2016-11-11,-65.9619,81.6845,ASCAT,20372.0,7408.0,False,False,False,False,length_exceeds_openberg_maximum
882,2016-11-12,-65.9718,81.7058,ASCAT,0.0,0.0,False,False,False,False,length_below_openberg_minimum
883,2016-11-13,-65.9613,81.6599,ASCAT,0.0,0.0,False,False,False,False,length_below_openberg_minimum
884,2016-11-14,-65.9819,81.7022,ASCAT,0.0,0.0,False,False,False,False,length_below_openberg_minimum
885,2016-11-15,-66.0025,81.7445,ASCAT,0.0,0.0,False,False,False,False,length_below_openberg_minimum
886,2016-11-16,-65.9627,81.6825,ASCAT,0.0,0.0,False,False,False,False,length_below_openberg_minimum
887,2016-11-17,-65.9658,81.6642,ASCAT,0.0,0.0,False,False,False,False,length_below_openberg_minimum
888,2016-11-18,-65.9689,81.6572,ASCAT,20372.0,7408.0,False,False,False,False,length_exceeds_openberg_maximum
889,2016-11-19,-65.9642,81.7085,ASCAT,0.0,0.0,False,False,False,False,length_below_openberg_minimum
890,2016-11-20,-65.9718,81.7058,ASCAT,0.0,0.0,False,False,False,False,length_below_openberg_minimum
891,2016-11-21,-65.9565,81.6804,ASCAT,0.0,0.0,False,False,False,False,length_below_openberg_minimum
892,2016-11-22,-65.9413,81.6423,ASCAT,0.0,0.0,False,False,False,False,length_below_openberg_minimum
893,2016-11-23,-65.9568,81.6136,ASCAT,0.0,0.0,False,False,False,False,length_below_openberg_minimum
894,2016-11-24,-65.9568,81.6136,ASCAT,0.0,0.0,False,False,False,False,length_below_openberg_minimum
895,2016-11-25,-65.9568,81.6136,ASCAT,20372.0,7408.0,False,False,False,False,length_exceeds_openberg_maximum
896,2016-11-26,-65.9568,81.6136,ASCAT,0.0,0.0,False,False,False,False,length_below_openberg_minimum
897,2016-11-27,-65.9568,81.6136,ASCAT,0.0,0.0,False,False,False,False,length_below_openberg_minimum
898,2016-11-28,-65.9568,81.6136,ASCAT,0.0,0.0,False,False,False,False,length_below_openberg_minimum
899,2016-11-29,-65.9568,81.6136,ASCAT,0.0,0.0,False,False,False,False,length_below_openberg_minimum
900,2016-11-30,-65.9496,81.6387,ASCAT,0.0,0.0,False,False,False,False,length_below_openberg_minimum
901,2016-12-01,-65.9425,81.6932,ASCAT,0.0,0.0,False,False,False,False,length_below_openberg_minimum
902,2016-12-02,-65.9482,81.7886,ASCAT,20372.0,7408.0,False,False,False,False,length_exceeds_openberg_maximum
903,2016-12-03,-65.9686,81.6828,ASCAT,0.0,0.0,False,False,False,False,length_below_openberg_minimum
904,2016-12-04,-65.9848,81.5769,ASCAT,0.0,0.0,False,False,False,False,length_below_openberg_minimum
905,2016-12-05,-65.9825,81.5971,ASCAT,0.0,0.0,False,False,False,False,length_below_openberg_minimum
906,2016-12-06,-65.9786,81.6306,ASCAT,0.0,0.0,False,False,False,False,length_below_openberg_minimum
907,2016-12-07,-65.9746,81.6632,ASCAT,0.0,0.0,False,False,False,False,length_below_openberg_minimum
908,2016-12-08,-65.9722,81.6826,ASCAT,0.0,0.0,False,False,False,False,length_below_openberg_minimum
909,2016-12-09,-65.9722,81.6826,ASCAT,20372.0,7408.0,False,False,False,False,length_exceeds_openberg_maximum
910,2016-12-10,-65.9722,81.6826,ASCAT,0.0,0.0,False,False,False,False,length_below_openberg_minimum
911,2016-12-11,-65.9722,81.6826,ASCAT,0.0,0.0,False,False,False,False,length_below_openberg_minimum
912,2016-12-12,-65.9722,81.6826,ASCAT,0.0,0.0,False,False,False,False,length_below_openberg_minimum
913,2016-12-13,-65.9722,81.6826,ASCAT,0.0,0.0,False,False,False,False,length_below_openberg_minimum
914,2016-12-14,-65.9722,81.6826,ASCAT,0.0,0.0,False,False,False,False,length_below_openberg_minimum
915,2016-12-15,-65.9722,81.6826,ASCAT,0.0,0.0,False,False,False,False,length_below_openberg_minimum
916,2016-12-16,-65.9722,81.6826,ASCAT,20372.0,7408.0,False,False,False,False,length_exceeds_openberg_maximum
917,2016-12-17,-65.968,81.6248,ASCAT,0.0,0.0,False,False,False,False,length_below_openberg_minimum
918,2016-12-18,-65.968,81.6248,ASCAT,0.0,0.0,False,False,False,False,length_below_openberg_minimum
919,2016-12-19,-65.968,81.6248,ASCAT,0.0,0.0,False,False,False,False,length_below_openberg_minimum
920,2016-12-20,-65.968,81.6248,ASCAT,0.0,0.0,False,False,False,False,length_below_openberg_minimum
921,2016-12-21,-65.968,81.6248,ASCAT,0.0,0.0,False,False,False,False,length_below_openberg_minimum
922,2016-12-22,-65.968,81.6248,ASCAT,0.0,0.0,False,False,False,False,length_below_openberg_minimum
923,2016-12-23,-65.968,81.6248,ASCAT,20372.0,7408.0,False,False,False,False,length_exceeds_openberg_maximum
924,2016-12-24,-65.968,81.6248,ASCAT,0.0,0.0,False,False,False,False,length_below_openberg_minimum
925,2016-12-25,-65.968,81.6248,ASCAT,0.0,0.0,False,False,False,False,length_below_openberg_minimum
926,2016-12-26,-65.968,81.6248,ASCAT,0.0,0.0,False,False,False,False,length_below_openberg_minimum
927,2016-12-27,-65.9865,81.6019,ASCAT,0.0,0.0,False,False,False,False,length_below_openberg_minimum
928,2016-12-28,-66.0051,81.579,ASCAT,0.0,0.0,False,False,False,False,length_below_openberg_minimum
929,2016-12-29,-66.0051,81.579,ASCAT,0.0,0.0,False,False,False,False,length_below_openberg_minimum
930,2016-12-30,-66.0051,81.579,ASCAT,20372.0,7408.0,False,False,False,False,length_exceeds_openberg_maximum
931,2016-12-31,-66.0051,81.579,ASCAT,0.0,0.0,False,False,False,False,length_below_openberg_minimum
932,2017-01-01,-66.0051,81.579,ASCAT,0.0,0.0,False,False,False,False,length_below_openberg_minimum
933,2017-01-02,-66.0066,81.6042,ASCAT,0.0,0.0,False,False,False,False,length_below_openberg_minimum
934,2017-01-03,-66.0089,81.6422,ASCAT,0.0,0.0,False,False,False,False,length_below_openberg_minimum
935,2017-01-04,-66.0102,81.6643,ASCAT,0.0,0.0,False,False,False,False,length_below_openberg_minimum
936,2017-01-05,-66.0102,81.6643,ASCAT,0.0,0.0,False,False,False,False,length_below_openberg_minimum
937,2017-01-06,-65.9833,81.5833,NIC,20372.0,7408.0,False,False,False,False,length_exceeds_openberg_maximum
938,2017-01-07,-65.981,81.5907,NIC,0.0,0.0,False,False,False,False,length_below_openberg_minimum
939,2017-01-08,-65.9748,81.6097,NIC,0.0,0.0,False,False,False,False,length_below_openberg_minimum
940,2017-01-09,-65.9662,81.6358,NIC,0.0,0.0,False,False,False,False,length_below_openberg_minimum
941,2017-01-10,-65.9565,81.6642,NIC,0.0,0.0,False,False,False,False,length_below_openberg_minimum
942,2017-01-11,-65.9468,81.6903,NIC,0.0,0.0,False,False,False,False,length_below_openberg_minimum
943,2017-01-12,-65.9387,81.7093,NIC,0.0,0.0,False,False,False,False,length_below_openberg_minimum
944,2017-01-13,-65.9333,81.7167,NIC,20372.0,7408.0,False,False,False,False,length_exceeds_openberg_maximum
945,2017-01-14,-65.9303,81.7167,NIC,0.0,0.0,False,False,False,False,length_below_openberg_minimum
946,2017-01-15,-65.9281,81.7167,NIC,0.0,0.0,False,False,False,False,length_below_openberg_minimum
947,2017-01-16,-65.9263,81.7167,NIC,0.0,0.0,False,False,False,False,length_below_openberg_minimum
948,2017-01-17,-65.9247,81.7167,NIC,0.0,0.0,False,False,False,False,length_below_openberg_minimum
949,2017-01-18,-65.9228,81.7167,NIC,0.0,0.0,False,False,False,False,length_below_openberg_minimum
950,2017-01-19,-65.9202,81.7167,NIC,0.0,0.0,False,False,False,False,length_below_openberg_minimum
951,2017-01-20,-65.9167,81.7167,NIC,20372.0,7408.0,False,False,False,False,length_exceeds_openberg_maximum
952,2017-01-21,-65.9072,81.7185,NIC,0.0,0.0,False,False,False,False,length_below_openberg_minimum
953,2017-01-22,-65.8893,81.7233,NIC,0.0,0.0,False,False,False,False,length_below_openberg_minimum
954,2017-01-23,-65.8667,81.7304,NIC,0.0,0.0,False,False,False,False,length_below_openberg_minimum
955,2017-01-24,-65.8429,81.739,NIC,0.0,0.0,False,False,False,False,length_below_openberg_minimum
956,2017-01-25,-65.8214,81.7485,NIC,0.0,0.0,False,False,False,False,length_below_openberg_minimum
957,2017-01-26,-65.806,81.7579,NIC,0.0,0.0,False,False,False,False,length_below_openberg_minimum
958,2017-01-27,-65.8,81.7667,NIC,20372.0,7408.0,False,False,False,False,length_exceeds_openberg_maximum
959,2017-01-28,-65.8,81.7764,NIC,0.0,0.0,False,False,False,False,length_below_openberg_minimum
960,2017-01-29,-65.8,81.7882,NIC,0.0,0.0,False,False,False,False,length_below_openberg_minimum
961,2017-01-30,-65.8,81.8009,NIC,0.0,0.0,False,False,False,False,length_below_openberg_minimum
962,2017-01-31,-65.8,81.8131,NIC,0.0,0.0,False,False,False,False,length_below_openberg_minimum
963,2017-02-01,-65.8,81.8234,NIC,0.0,0.0,False,False,False,False,length_below_openberg_minimum
964,2017-02-02,-65.8,81.8306,NIC,0.0,0.0,False,False,False,False,length_below_openberg_minimum
965,2017-02-03,-65.8,81.8333,NIC,20372.0,7408.0,False,False,False,False,length_exceeds_openberg_maximum
966,2017-02-04,-65.8,81.8109,NIC,0.0,0.0,False,False,False,False,length_below_openberg_minimum
967,2017-02-05,-65.8,81.7513,NIC,0.0,0.0,False,False,False,False,length_below_openberg_minimum
968,2017-02-06,-65.8,81.6654,NIC,0.0,0.0,False,False,False,False,length_below_openberg_minimum
969,2017-02-07,-65.8,81.5646,NIC,0.0,0.0,False,False,False,False,length_below_openberg_minimum
970,2017-02-08,-65.8,81.4599,NIC,0.0,0.0,False,False,False,False,length_below_openberg_minimum
971,2017-02-09,-65.8,81.3624,NIC,0.0,0.0,False,False,False,False,length_below_openberg_minimum
972,2017-02-10,-65.8,81.2833,NIC,20372.0,7408.0,False,False,False,False,length_exceeds_openberg_maximum
973,2017-02-11,-65.805,81.2213,NIC,0.0,0.0,False,False,False,False,length_below_openberg_minimum
974,2017-02-12,-65.8183,81.1656,NIC,0.0,0.0,False,False,False,False,length_below_openberg_minimum
975,2017-02-13,-65.8373,81.1135,NIC,0.0,0.0,False,False,False,False,length_below_openberg_minimum
976,2017-02-14,-65.8592,81.062,NIC,0.0,0.0,False,False,False,False,length_below_openberg_minimum
977,2017-02-15,-65.8815,81.0084,NIC,0.0,0.0,False,False,False,False,length_below_openberg_minimum
978,2017-02-16,-65.9016,80.9498,NIC,0.0,0.0,False,False,False,False,length_below_openberg_minimum
979,2017-02-17,-65.9167,80.8833,NIC,20372.0,7408.0,False,False,False,False,length_exceeds_openberg_maximum
980,2017-02-18,-66.1582,80.9969,ASCAT,0.0,0.0,False,False,False,False,length_below_openberg_minimum
981,2017-02-19,-66.1582,80.9969,ASCAT,0.0,0.0,False,False,False,False,length_below_openberg_minimum
982,2017-02-20,-66.1582,80.9969,ASCAT,0.0,0.0,False,False,False,False,length_below_openberg_minimum
983,2017-02-21,-66.2313,81.046,ASCAT,0.0,0.0,False,False,False,False,length_below_openberg_minimum
984,2017-02-22,-66.2313,81.046,ASCAT,0.0,0.0,False,False,False,False,length_below_openberg_minimum
985,2017-02-23,-66.2313,81.046,ASCAT,0.0,0.0,False,False,False,False,length_below_openberg_minimum
986,2017-02-24,-66.4637,80.6204,ASCAT,0.0,0.0,False,False,False,False,length_below_openberg_minimum
987,2017-02-25,-66.6057,80.5061,ASCAT,0.0,0.0,False,False,False,False,length_below_openberg_minimum
988,2017-02-26,-66.7407,80.28,ASCAT,0.0,0.0,False,False,False,False,length_below_openberg_minimum
989,2017-02-27,-66.7407,80.28,ASCAT,0.0,0.0,False,False,False,False,length_below_openberg_minimum
990,2017-02-28,-66.7407,80.28,ASCAT,0.0,0.0,False,False,False,False,length_below_openberg_minimum
991,2017-03-01,-66.6234,80.1848,ASCAT,0.0,0.0,False,False,False,False,length_below_openberg_minimum
992,2017-03-02,-66.6865,79.9325,ASCAT,0.0,0.0,False,False,False,False,length_below_openberg_minimum
993,2017-03-03,-66.6865,79.9325,ASCAT,0.0,0.0,False,False,False,False,length_below_openberg_minimum
994,2017-03-04,-66.6865,79.9325,ASCAT,0.0,0.0,False,False,False,False,length_below_openberg_minimum
995,2017-03-05,-66.6212,80.0071,ASCAT,0.0,0.0,False,False,False,False,length_below_openberg_minimum
996,2017-03-06,-66.5465,80.2302,ASCAT,0.0,0.0,False,False,False,False,length_below_openberg_minimum
997,2017-03-07,-66.07,80.05,ASCAT,0.0,0.0,False,False,False,False,length_below_openberg_minimum
998,2017-03-08,-66.2845,79.4614,ASCAT,0.0,0.0,False,False,False,False,length_below_openberg_minimum
999,2017-03-09,-66.3749,79.27,ASCAT,0.0,0.0,False,False,False,False,length_below_openberg_minimum
1000,2017-03-10,-66.3265,79.3649,ASCAT,0.0,0.0,False,False,False,False,length_below_openberg_minimum
1001,2017-03-11,-66.2453,79.1329,ASCAT,0.0,0.0,False,False,False,False,length_below_openberg_minimum
1002,2017-03-12,-66.2453,79.1329,ASCAT,0.0,0.0,False,False,False,False,length_below_openberg_minimum
1003,2017-03-13,-66.2453,79.1329,ASCAT,0.0,0.0,False,False,False,False,length_below_openberg_minimum
1004,2017-03-14,-66.3245,78.9438,ASCAT,0.0,0.0,False,False,False,False,length_below_openberg_minimum
1005,2017-03-15,-66.3962,78.8334,ASCAT,0.0,0.0,False,False,False,False,length_below_openberg_minimum
1006,2017-03-16,-66.4729,78.8941,ASCAT,0.0,0.0,False,False,False,False,length_below_openberg_minimum
1007,2017-03-17,-66.5,78.67,ASCAT,0.0,0.0,False,False,False,False,length_below_openberg_minimum
1008,2017-03-18,-66.5,78.67,ASCAT,0.0,0.0,False,False,False,False,length_below_openberg_minimum
1009,2017-03-19,-66.5381,78.4112,ASCAT,0.0,0.0,False,False,False,False,length_below_openberg_minimum
1010,2017-03-20,-66.5409,78.1816,ASCAT,0.0,0.0,False,False,False,False,length_below_openberg_minimum
1011,2017-03-21,-66.6395,78.0522,ASCAT,0.0,0.0,False,False,False,False,length_below_openberg_minimum
1012,2017-03-22,-66.6721,77.7061,ASCAT,0.0,0.0,False,False,False,False,length_below_openberg_minimum
1013,2017-03-23,-66.7457,77.6029,ASCAT,0.0,0.0,False,False,False,False,length_below_openberg_minimum
1014,2017-03-24,-66.7457,77.6029,ASCAT,0.0,0.0,False,False,False,False,length_below_openberg_minimum
1015,2017-03-25,-66.7457,77.6029,ASCAT,0.0,0.0,False,False,False,False,length_below_openberg_minimum
1016,2017-03-26,-66.7909,77.3215,ASCAT,0.0,0.0,False,False,False,False,length_below_openberg_minimum
1017,2017-03-27,-66.7909,77.3215,ASCAT,0.0,0.0,False,False,False,False,length_below_openberg_minimum
1018,2017-03-28,-66.7909,77.3215,ASCAT,0.0,0.0,False,False,False,False,length_below_openberg_minimum
1019,2017-03-29,-66.7909,77.3215,ASCAT,0.0,0.0,False,False,False,False,length_below_openberg_minimum
1020,2017-03-30,-66.7909,77.3215,ASCAT,0.0,0.0,False,False,False,False,length_below_openberg_minimum
1021,2017-03-31,-66.7562,76.8282,ASCAT,0.0,0.0,False,False,False,False,length_below_openberg_minimum
1022,2017-04-01,-66.7562,76.8282,ASCAT,0.0,0.0,False,False,False,False,length_below_openberg_minimum
1023,2017-04-02,-66.7562,76.8282,ASCAT,0.0,0.0,False,False,False,False,length_below_openberg_minimum
1024,2017-04-03,-66.7562,76.8282,ASCAT,0.0,0.0,False,False,False,False,length_below_openberg_minimum
1025,2017-04-04,-66.6477,76.973,ASCAT,0.0,0.0,False,False,False,False,length_below_openberg_minimum
1026,2017-04-05,-66.6477,76.973,ASCAT,0.0,0.0,False,False,False,False,length_below_openberg_minimum
1027,2017-04-06,-66.6477,76.973,ASCAT,0.0,0.0,False,False,False,False,length_below_openberg_minimum
1028,2017-04-07,-66.6477,76.973,ASCAT,0.0,0.0,False,False,False,False,length_below_openberg_minimum
1029,2017-04-08,-66.6477,76.973,ASCAT,0.0,0.0,False,False,False,False,length_below_openberg_minimum
1030,2017-04-09,-66.6477,76.973,ASCAT,0.0,0.0,False,False,False,False,length_below_openberg_minimum
1031,2017-04-10,-66.6477,76.973,ASCAT,0.0,0.0,False,False,False,False,length_below_openberg_minimum
1032,2017-04-11,-66.6477,76.973,ASCAT,0.0,0.0,False,False,False,False,length_below_openberg_minimum
1033,2017-04-12,-66.541,77.0234,ASCAT,0.0,0.0,False,False,False,False,length_below_openberg_minimum
1034,2017-04-13,-66.541,77.0234,ASCAT,0.0,0.0,False,False,False,False,length_below_openberg_minimum
1035,2017-04-14,-66.4238,77.1808,ASCAT,0.0,0.0,False,False,False,False,length_below_openberg_minimum
1036,2017-04-15,-66.4238,77.1808,ASCAT,0.0,0.0,False,False,False,False,length_below_openberg_minimum
1037,2017-04-16,-66.3978,77.0042,ASCAT,0.0,0.0,False,False,False,False,length_below_openberg_minimum
1038,2017-04-17,-66.3562,77.0199,ASCAT,0.0,0.0,False,False,False,False,length_below_openberg_minimum
1039,2017-04-18,-66.2805,77.1875,ASCAT,0.0,0.0,False,False,False,False,length_below_openberg_minimum
1040,2017-04-19,-66.2805,77.1875,ASCAT,0.0,0.0,False,False,False,False,length_below_openberg_minimum
1041,2017-04-20,-66.2805,77.1875,ASCAT,0.0,0.0,False,False,False,False,length_below_openberg_minimum
1042,2017-04-21,-66.2854,77.0878,ASCAT,0.0,0.0,False,False,False,False,length_below_openberg_minimum
1043,2017-04-22,-66.2903,76.981,ASCAT,0.0,0.0,False,False,False,False,length_below_openberg_minimum
1044,2017-04-23,-66.2202,76.9726,ASCAT,0.0,0.0,False,False,False,False,length_below_openberg_minimum
1045,2017-04-24,-66.1295,77.0481,ASCAT,0.0,0.0,False,False,False,False,length_below_openberg_minimum
1046,2017-04-25,-66.1295,77.0481,ASCAT,0.0,0.0,False,False,False,False,length_below_openberg_minimum
1047,2017-04-26,-66.0644,76.9374,ASCAT,0.0,0.0,False,False,False,False,length_below_openberg_minimum
1048,2017-04-27,-65.9994,76.8268,ASCAT,0.0,0.0,False,False,False,False,length_below_openberg_minimum
1049,2017-04-28,-65.9994,76.8268,ASCAT,0.0,0.0,False,False,False,False,length_below_openberg_minimum
1050,2017-04-29,-65.9848,76.5875,ASCAT,0.0,0.0,False,False,False,False,length_below_openberg_minimum
1051,2017-04-30,-66.0063,76.375,ASCAT,0.0,0.0,False,False,False,False,length_below_openberg_minimum
1052,2017-05-01,-65.954,76.2074,ASCAT,0.0,0.0,False,False,False,False,length_below_openberg_minimum
1053,2017-05-02,-65.9412,76.0397,ASCAT,0.0,0.0,False,False,False,False,length_below_openberg_minimum
1054,2017-05-03,-65.9305,75.8744,ASCAT,0.0,0.0,False,False,False,False,length_below_openberg_minimum
1055,2017-05-04,-65.9056,75.7156,ASCAT,0.0,0.0,False,False,False,False,length_below_openberg_minimum
1056,2017-05-05,-65.8313,75.7353,ASCAT,0.0,0.0,False,False,False,False,length_below_openberg_minimum
1057,2017-05-06,-65.8202,75.5951,ASCAT,0.0,0.0,False,False,False,False,length_below_openberg_minimum
1058,2017-05-07,-65.6806,75.5582,ASCAT,0.0,0.0,False,False,False,False,length_below_openberg_minimum
1059,2017-05-08,-65.5436,75.5184,ASCAT,0.0,0.0,False,False,False,False,length_below_openberg_minimum
1060,2017-05-09,-65.4678,75.4957,ASCAT,0.0,0.0,False,False,False,False,length_below_openberg_minimum
1061,2017-05-10,-65.4678,75.4957,ASCAT,0.0,0.0,False,False,False,False,length_below_openberg_minimum
1062,2017-05-11,-65.39,75.3252,ASCAT,0.0,0.0,False,False,False,False,length_below_openberg_minimum
1063,2017-05-12,-65.316,75.3116,ASCAT,0.0,0.0,False,False,False,False,length_below_openberg_minimum
1064,2017-05-13,-65.2755,75.2979,ASCAT,0.0,0.0,False,False,False,False,length_below_openberg_minimum
1065,2017-05-14,-65.324,75.1231,ASCAT,0.0,0.0,False,False,False,False,length_below_openberg_minimum
1066,2017-05-15,-65.3071,74.9876,ASCAT,0.0,0.0,False,False,False,False,length_below_openberg_minimum
1067,2017-05-16,-65.453,74.6987,ASCAT,0.0,0.0,False,False,False,False,length_below_openberg_minimum
1068,2017-05-17,-65.4605,74.5462,ASCAT,0.0,0.0,False,False,False,False,length_below_openberg_minimum
1069,2017-05-18,-65.4368,74.1961,ASCAT,0.0,0.0,False,False,False,False,length_below_openberg_minimum
1070,2017-05-19,-65.4368,74.1961,ASCAT,0.0,0.0,False,False,False,False,length_below_openberg_minimum
1071,2017-05-20,-65.4634,74.0038,ASCAT,0.0,0.0,False,False,False,False,length_below_openberg_minimum
1072,2017-05-21,-65.5352,73.9044,ASCAT,0.0,0.0,False,False,False,False,length_below_openberg_minimum
1073,2017-05-22,-65.6187,73.9186,ASCAT,0.0,0.0,False,False,False,False,length_below_openberg_minimum
1074,2017-05-23,-65.6893,73.9685,ASCAT,0.0,0.0,False,False,False,False,length_below_openberg_minimum
1075,2017-05-24,-65.6893,73.9685,ASCAT,0.0,0.0,False,False,False,False,length_below_openberg_minimum
1076,2017-05-25,-65.8146,73.758,ASCAT,0.0,0.0,False,False,False,False,length_below_openberg_minimum
1077,2017-05-26,-65.8636,73.4989,ASCAT,0.0,0.0,False,False,False,False,length_below_openberg_minimum
1078,2017-05-27,-65.8737,73.1905,ASCAT,0.0,0.0,False,False,False,False,length_below_openberg_minimum
1079,2017-05-28,-65.9249,72.986,ASCAT,0.0,0.0,False,False,False,False,length_below_openberg_minimum
1080,2017-05-29,-66.004,72.8198,ASCAT,0.0,0.0,False,False,False,False,length_below_openberg_minimum
1081,2017-05-30,-66.045,72.6452,ASCAT,0.0,0.0,False,False,False,False,length_below_openberg_minimum
1082,2017-05-31,-65.987,72.4411,ASCAT,0.0,0.0,False,False,False,False,length_below_openberg_minimum
1083,2017-06-01,-65.9463,72.2186,ASCAT,0.0,0.0,False,False,False,False,length_below_openberg_minimum
1084,2017-06-02,-65.8036,72.2586,ASCAT,0.0,0.0,False,False,False,False,length_below_openberg_minimum
1085,2017-06-03,-65.798,72.1092,ASCAT,0.0,0.0,False,False,False,False,length_below_openberg_minimum
1086,2017-06-04,-65.8071,72.0287,ASCAT,0.0,0.0,False,False,False,False,length_below_openberg_minimum
1087,2017-06-05,-65.8071,72.0287,ASCAT,0.0,0.0,False,False,False,False,length_below_openberg_minimum
1088,2017-06-06,-65.7683,71.5226,ASCAT,0.0,0.0,False,False,False,False,length_below_openberg_minimum
1089,2017-06-07,-65.799,71.3008,ASCAT,0.0,0.0,False,False,False,False,length_below_openberg_minimum
1090,2017-06-08,-65.8093,71.0638,ASCAT,0.0,0.0,False,False,False,False,length_below_openberg_minimum
1091,2017-06-09,-65.7367,70.8191,ASCAT,0.0,0.0,False,False,False,False,length_below_openberg_minimum
1092,2017-06-10,-65.7434,69.9924,ASCAT,0.0,0.0,False,False,False,False,length_below_openberg_minimum
1093,2017-06-11,-65.7161,69.6426,ASCAT,0.0,0.0,False,False,False,False,length_below_openberg_minimum
1094,2017-06-12,-65.6628,69.4908,ASCAT,0.0,0.0,False,False,False,False,length_below_openberg_minimum
1095,2017-06-13,-65.67,69.1507,ASCAT,0.0,0.0,False,False,False,False,length_below_openberg_minimum
1096,2017-06-14,-65.7185,68.7467,ASCAT,0.0,0.0,False,False,False,False,length_below_openberg_minimum
1097,2017-06-15,-65.6975,68.6434,ASCAT,0.0,0.0,False,False,False,False,length_below_openberg_minimum
1098,2017-06-16,-65.6679,68.6472,ASCAT,0.0,0.0,False,False,False,False,length_below_openberg_minimum
1099,2017-06-17,-65.6679,68.6472,ASCAT,0.0,0.0,False,False,False,False,length_below_openberg_minimum
1100,2017-06-18,-65.6723,68.2519,ASCAT,0.0,0.0,False,False,False,False,length_below_openberg_minimum
1101,2017-06-19,-65.6864,67.8267,ASCAT,0.0,0.0,False,False,False,False,length_below_openberg_minimum
1102,2017-06-20,-65.611,67.7777,ASCAT,0.0,0.0,False,False,False,False,length_below_openberg_minimum
1103,2017-06-21,-65.6053,67.7067,ASCAT,0.0,0.0,False,False,False,False,length_below_openberg_minimum
1104,2017-06-22,-65.6021,67.4501,ASCAT,0.0,0.0,False,False,False,False,length_below_openberg_minimum
1105,2017-06-23,-65.6531,67.087,ASCAT,0.0,0.0,False,False,False,False,length_below_openberg_minimum
1106,2017-06-24,-65.6934,66.4168,ASCAT,0.0,0.0,False,False,False,False,length_below_openberg_minimum
1107,2017-06-25,-65.5819,66.3344,ASCAT,0.0,0.0,False,False,False,False,length_below_openberg_minimum
1108,2017-06-26,-65.5819,66.3344,ASCAT,0.0,0.0,False,False,False,False,length_below_openberg_minimum
1109,2017-06-27,-65.604,65.9717,ASCAT,0.0,0.0,False,False,False,False,length_below_openberg_minimum
1110,2017-06-28,-65.6023,65.7581,ASCAT,0.0,0.0,False,False,False,False,length_below_openberg_minimum
1111,2017-06-29,-65.5983,65.6039,ASCAT,0.0,0.0,False,False,False,False,length_below_openberg_minimum
1112,2017-06-30,-65.5934,65.4685,ASCAT,0.0,0.0,False,False,False,False,length_below_openberg_minimum
1113,2017-07-01,-65.5894,65.3114,ASCAT,0.0,0.0,False,False,False,False,length_below_openberg_minimum
1114,2017-07-02,-65.5877,65.092,ASCAT,0.0,0.0,False,False,False,False,length_below_openberg_minimum
1115,2017-07-03,-65.591,64.7046,ASCAT,0.0,0.0,False,False,False,False,length_below_openberg_minimum
1116,2017-07-04,-65.4763,64.6818,ASCAT,0.0,0.0,False,False,False,False,length_below_openberg_minimum
1117,2017-07-05,-65.5441,64.3665,ASCAT,0.0,0.0,False,False,False,False,length_below_openberg_minimum
1118,2017-07-06,-65.6283,63.9764,ASCAT,0.0,0.0,False,False,False,False,length_below_openberg_minimum
1119,2017-07-07,-65.612,63.7588,ASCAT,0.0,0.0,False,False,False,False,length_below_openberg_minimum
1120,2017-07-08,-65.5424,63.8183,ASCAT,0.0,0.0,False,False,False,False,length_below_openberg_minimum
1121,2017-07-09,-65.5981,63.2937,ASCAT,0.0,0.0,False,False,False,False,length_below_openberg_minimum
1122,2017-07-10,-65.5591,63.024,ASCAT,0.0,0.0,False,False,False,False,length_below_openberg_minimum
1123,2017-07-11,-65.5591,63.024,ASCAT,0.0,0.0,False,False,False,False,length_below_openberg_minimum
1124,2017-07-12,-65.6062,62.5909,ASCAT,0.0,0.0,False,False,False,False,length_below_openberg_minimum
1125,2017-07-13,-65.5967,61.7903,ASCAT,0.0,0.0,False,False,False,False,length_below_openberg_minimum
1126,2017-07-14,-65.6121,61.2607,ASCAT,0.0,0.0,False,False,False,False,length_below_openberg_minimum
1127,2017-07-15,-65.6605,60.3724,ASCAT,0.0,0.0,False,False,False,False,length_below_openberg_minimum
1128,2017-07-16,-65.6067,59.8204,ASCAT,0.0,0.0,False,False,False,False,length_below_openberg_minimum
1129,2017-07-17,-65.6001,58.7988,ASCAT,0.0,0.0,False,False,False,False,length_below_openberg_minimum
1130,2017-07-18,-65.5458,58.6722,ASCAT,0.0,0.0,False,False,False,False,length_below_openberg_minimum
1131,2017-07-19,-65.5458,58.6722,ASCAT,0.0,0.0,False,False,False,False,length_below_openberg_minimum
1132,2017-07-20,-65.4895,58.841,ASCAT,0.0,0.0,False,False,False,False,length_below_openberg_minimum
1133,2017-07-21,-65.4895,58.841,ASCAT,0.0,0.0,False,False,False,False,length_below_openberg_minimum
1134,2017-07-22,-65.474,58.328,ASCAT,0.0,0.0,False,False,False,False,length_below_openberg_minimum
1135,2017-07-23,-65.4618,58.1278,ASCAT,0.0,0.0,False,False,False,False,length_below_openberg_minimum
1136,2017-07-24,-65.3661,57.9639,ASCAT,0.0,0.0,False,False,False,False,length_below_openberg_minimum
1137,2017-07-25,-65.3124,57.6833,ASCAT,0.0,0.0,False,False,False,False,length_below_openberg_minimum
1138,2017-07-26,-65.4398,56.9524,ASCAT,0.0,0.0,False,False,False,False,length_below_openberg_minimum
1139,2017-07-27,-65.4216,56.5028,ASCAT,0.0,0.0,False,False,False,False,length_below_openberg_minimum
1140,2017-07-28,-65.3883,55.8426,ASCAT,0.0,0.0,False,False,False,False,length_below_openberg_minimum
1141,2017-07-29,-65.3383,55.4456,ASCAT,0.0,0.0,False,False,False,False,length_below_openberg_minimum
1142,2017-07-30,-65.3631,55.0045,ASCAT,0.0,0.0,False,False,False,False,length_below_openberg_minimum
1143,2017-07-31,-65.3631,55.0045,ASCAT,0.0,0.0,False,False,False,False,length_below_openberg_minimum
1144,2017-08-01,-65.3764,54.8712,ASCAT,0.0,0.0,False,False,False,False,length_below_openberg_minimum
1145,2017-08-02,-65.3859,54.8572,ASCAT,0.0,0.0,False,False,False,False,length_below_openberg_minimum
1146,2017-08-03,-65.3859,54.8572,ASCAT,0.0,0.0,False,False,False,False,length_below_openberg_minimum
1147,2017-08-04,-65.4056,54.531,ASCAT,0.0,0.0,False,False,False,False,length_below_openberg_minimum
1148,2017-08-05,-65.4056,54.531,ASCAT,0.0,0.0,False,False,False,False,length_below_openberg_minimum
1149,2017-08-06,-65.4762,54.2077,ASCAT,0.0,0.0,False,False,False,False,length_below_openberg_minimum
1150,2017-08-07,-65.4762,54.2077,ASCAT,0.0,0.0,False,False,False,False,length_below_openberg_minimum
1151,2017-08-08,-65.4762,54.2077,ASCAT,0.0,0.0,False,False,False,False,length_below_openberg_minimum
1152,2017-08-09,-65.4762,54.2077,ASCAT,0.0,0.0,False,False,False,False,length_below_openberg_minimum
1153,2017-08-10,-65.4351,54.1645,ASCAT,0.0,0.0,False,False,False,False,length_below_openberg_minimum
1154,2017-08-11,-65.5004,54.1123,ASCAT,0.0,0.0,False,False,False,False,length_below_openberg_minimum
1155,2017-08-12,-65.5378,53.3866,ASCAT,0.0,0.0,False,False,False,False,length_below_openberg_minimum
1156,2017-08-13,-65.4875,53.219,ASCAT,0.0,0.0,False,False,False,False,length_below_openberg_minimum
1157,2017-08-14,-65.4875,53.219,ASCAT,0.0,0.0,False,False,False,False,length_below_openberg_minimum
1158,2017-08-15,-65.5124,52.9976,ASCAT,0.0,0.0,False,False,False,False,length_below_openberg_minimum
1159,2017-08-16,-65.6274,52.6373,ASCAT,0.0,0.0,False,False,False,False,length_below_openberg_minimum
1160,2017-08-17,-65.6274,52.6373,ASCAT,0.0,0.0,False,False,False,False,length_below_openberg_minimum
1161,2017-08-18,-65.5866,52.4429,ASCAT,0.0,0.0,False,False,False,False,length_below_openberg_minimum
1162,2017-08-19,-65.5866,52.4429,ASCAT,0.0,0.0,False,False,False,False,length_below_openberg_minimum
1163,2017-08-20,-65.6802,52.395,ASCAT,0.0,0.0,False,False,False,False,length_below_openberg_minimum
1164,2017-08-21,-65.7053,52.1617,ASCAT,0.0,0.0,False,False,False,False,length_below_openberg_minimum
1165,2017-08-22,-65.6456,52.184,ASCAT,0.0,0.0,False,False,False,False,length_below_openberg_minimum
1166,2017-08-23,-65.5223,52.2946,ASCAT,0.0,0.0,False,False,False,False,length_below_openberg_minimum
1167,2017-08-24,-65.5223,52.2946,ASCAT,0.0,0.0,False,False,False,False,length_below_openberg_minimum
1168,2017-08-25,-65.5223,52.2946,ASCAT,0.0,0.0,False,False,False,False,length_below_openberg_minimum
1169,2017-08-26,-65.5223,52.2946,ASCAT,0.0,0.0,False,False,False,False,length_below_openberg_minimum
1170,2017-08-27,-65.5223,52.2946,ASCAT,0.0,0.0,False,False,False,False,length_below_openberg_minimum
1171,2017-08-28,-65.5223,52.2946,ASCAT,0.0,0.0,False,False,False,False,length_below_openberg_minimum
1172,2017-08-29,-65.3982,52.912,ASCAT,0.0,0.0,False,False,False,False,length_below_openberg_minimum
1173,2017-08-30,-65.3982,52.912,ASCAT,0.0,0.0,False,False,False,False,length_below_openberg_minimum
1174,2017-08-31,-65.3011,52.9977,ASCAT,0.0,0.0,False,False,False,False,length_below_openberg_minimum
1175,2017-09-01,-65.2673,53.0605,ASCAT,0.0,0.0,False,False,False,False,length_below_openberg_minimum
1176,2017-09-02,-65.429,52.798,ASCAT,0.0,0.0,False,False,False,False,length_below_openberg_minimum
1177,2017-09-03,-65.429,52.798,ASCAT,0.0,0.0,False,False,False,False,length_below_openberg_minimum
1178,2017-09-04,-65.429,52.798,ASCAT,0.0,0.0,False,False,False,False,length_below_openberg_minimum
1179,2017-09-05,-65.4398,52.6855,ASCAT,0.0,0.0,False,False,False,False,length_below_openberg_minimum
1180,2017-09-06,-65.5885,52.6263,ASCAT,0.0,0.0,False,False,False,False,length_below_openberg_minimum
1181,2017-09-07,-65.5052,52.7148,ASCAT,0.0,0.0,False,False,False,False,length_below_openberg_minimum
1182,2017-09-08,-65.5052,52.7148,ASCAT,0.0,0.0,False,False,False,False,length_below_openberg_minimum
1183,2017-09-09,-65.6245,52.7709,ASCAT,0.0,0.0,False,False,False,False,length_below_openberg_minimum
1184,2017-09-10,-65.6119,52.4549,ASCAT,0.0,0.0,False,False,False,False,length_below_openberg_minimum
1185,2017-09-11,-65.6119,52.4549,ASCAT,0.0,0.0,False,False,False,False,length_below_openberg_minimum
1186,2017-09-12,-65.57,52.7191,ASCAT,0.0,0.0,False,False,False,False,length_below_openberg_minimum
1187,2017-09-13,-65.57,52.7191,ASCAT,0.0,0.0,False,False,False,False,length_below_openberg_minimum
1188,2017-09-14,-65.57,52.7191,ASCAT,0.0,0.0,False,False,False,False,length_below_openberg_minimum
1189,2017-09-15,-65.7165,52.5682,ASCAT,0.0,0.0,False,False,False,False,length_below_openberg_minimum
1190,2017-09-16,-65.725,52.3048,ASCAT,0.0,0.0,False,False,False,False,length_below_openberg_minimum
1191,2017-09-17,-65.725,52.3048,ASCAT,0.0,0.0,False,False,False,False,length_below_openberg_minimum
1192,2017-09-18,-65.725,52.3048,ASCAT,0.0,0.0,False,False,False,False,length_below_openberg_minimum
1193,2017-09-19,-65.725,52.3048,ASCAT,0.0,0.0,False,False,False,False,length_below_openberg_minimum
1194,2017-09-20,-65.725,52.3048,ASCAT,0.0,0.0,False,False,False,False,length_below_openberg_minimum
1195,2017-09-21,-65.725,52.3048,ASCAT,0.0,0.0,False,False,False,False,length_below_openberg_minimum
1196,2017-09-22,-65.725,52.3048,ASCAT,0.0,0.0,False,False,False,False,length_below_openberg_minimum
1197,2017-09-23,-65.725,52.3048,ASCAT,0.0,0.0,False,False,False,False,length_below_openberg_minimum
1198,2017-09-24,-65.725,52.3048,ASCAT,0.0,0.0,False,False,False,False,length_below_openberg_minimum
1199,2017-09-25,-65.725,52.3048,ASCAT,0.0,0.0,False,False,False,False,length_below_openberg_minimum
1200,2017-09-26,-65.7618,52.3321,ASCAT,0.0,0.0,False,False,False,False,length_below_openberg_minimum
1201,2017-09-27,-65.7545,52.1899,ASCAT,0.0,0.0,False,False,False,False,length_below_openberg_minimum
1202,2017-09-28,-65.7799,51.9277,ASCAT,0.0,0.0,False,False,False,False,length_below_openberg_minimum
1203,2017-09-29,-65.7305,52.0567,ASCAT,0.0,0.0,False,False,False,False,length_below_openberg_minimum
1204,2017-09-30,-65.661,52.1879,ASCAT,0.0,0.0,False,False,False,False,length_below_openberg_minimum
1205,2017-10-01,-65.752,52.0777,ASCAT,0.0,0.0,False,False,False,False,length_below_openberg_minimum
1206,2017-10-02,-65.7424,51.9966,ASCAT,0.0,0.0,False,False,False,False,length_below_openberg_minimum
1207,2017-10-03,-65.7174,51.956,ASCAT,0.0,0.0,False,False,False,False,length_below_openberg_minimum
1208,2017-10-04,-65.6369,52.1127,ASCAT,0.0,0.0,False,False,False,False,length_below_openberg_minimum
1209,2017-10-05,-65.9213,51.3804,ASCAT,0.0,0.0,False,False,False,False,length_below_openberg_minimum
1210,2017-10-06,-65.9607,50.9901,ASCAT,0.0,0.0,False,False,False,False,length_below_openberg_minimum
1211,2017-10-07,-66.0112,50.6102,ASCAT,0.0,0.0,False,False,False,False,length_below_openberg_minimum
1212,2017-10-08,-66.0075,50.4627,ASCAT,0.0,0.0,False,False,False,False,length_below_openberg_minimum
1213,2017-10-09,-66.0075,50.4627,ASCAT,0.0,0.0,False,False,False,False,length_below_openberg_minimum
1214,2017-10-10,-65.9671,50.2278,ASCAT,0.0,0.0,False,False,False,False,length_below_openberg_minimum
1215,2017-10-11,-65.8752,50.1666,ASCAT,0.0,0.0,False,False,False,False,length_below_openberg_minimum
1216,2017-10-12,-65.8752,50.1666,ASCAT,0.0,0.0,False,False,False,False,length_below_openberg_minimum
1217,2017-10-13,-66.0305,50.2053,ASCAT,0.0,0.0,False,False,False,False,length_below_openberg_minimum
1218,2017-10-14,-66.0305,50.2053,ASCAT,0.0,0.0,False,False,False,False,length_below_openberg_minimum
1219,2017-10-15,-66.0305,50.2053,ASCAT,0.0,0.0,False,False,False,False,length_below_openberg_minimum
1220,2017-10-16,-66.0305,50.2053,ASCAT,0.0,0.0,False,False,False,False,length_below_openberg_minimum
1221,2017-10-17,-66.0305,50.2053,ASCAT,0.0,0.0,False,False,False,False,length_below_openberg_minimum
1222,2017-10-18,-65.9048,50.3907,ASCAT,0.0,0.0,False,False,False,False,length_below_openberg_minimum
1223,2017-10-19,-65.7965,50.674,ASCAT,0.0,0.0,False,False,False,False,length_below_openberg_minimum
1224,2017-10-20,-65.7649,50.8604,ASCAT,0.0,0.0,False,False,False,False,length_below_openberg_minimum
1225,2017-10-21,-65.7649,50.8604,ASCAT,0.0,0.0,False,False,False,False,length_below_openberg_minimum
1226,2017-10-22,-65.7649,50.8604,ASCAT,0.0,0.0,False,False,False,False,length_below_openberg_minimum
1227,2017-10-23,-65.7649,50.8604,ASCAT,0.0,0.0,False,False,False,False,length_below_openberg_minimum
1228,2017-10-24,-66.0391,51.0079,ASCAT,0.0,0.0,False,False,False,False,length_below_openberg_minimum
1229,2017-10-25,-66.0391,51.0079,ASCAT,0.0,0.0,False,False,False,False,length_below_openberg_minimum
1230,2017-10-26,-66.048,50.5974,ASCAT,0.0,0.0,False,False,False,False,length_below_openberg_minimum
1231,2017-10-27,-66.048,50.5974,ASCAT,0.0,0.0,False,False,False,False,length_below_openberg_minimum
1232,2017-10-28,-66.057,50.4581,ASCAT,0.0,0.0,False,False,False,False,length_below_openberg_minimum
1233,2017-10-29,-66.0541,50.3701,ASCAT,0.0,0.0,False,False,False,False,length_below_openberg_minimum
1234,2017-10-30,-66.0727,50.1717,ASCAT,0.0,0.0,False,False,False,False,length_below_openberg_minimum
1235,2017-10-31,-66.0727,50.1717,ASCAT,0.0,0.0,False,False,False,False,length_below_openberg_minimum
1236,2017-11-01,-66.0727,50.1717,ASCAT,0.0,0.0,False,False,False,False,length_below_openberg_minimum
1237,2017-11-02,-66.0727,50.1717,ASCAT,0.0,0.0,False,False,False,False,length_below_openberg_minimum
1238,2017-11-03,-66.0727,50.1717,ASCAT,0.0,0.0,False,False,False,False,length_below_openberg_minimum
1239,2017-11-04,-65.9453,50.4678,ASCAT,0.0,0.0,False,False,False,False,length_below_openberg_minimum
1240,2017-11-05,-65.9756,50.4042,ASCAT,0.0,0.0,False,False,False,False,length_below_openberg_minimum
1241,2017-11-06,-65.9756,50.4042,ASCAT,0.0,0.0,False,False,False,False,length_below_openberg_minimum
1242,2017-11-07,-65.9756,50.4042,ASCAT,0.0,0.0,False,False,False,False,length_below_openberg_minimum
1243,2017-11-08,-65.8982,50.529,ASCAT,0.0,0.0,False,False,False,False,length_below_openberg_minimum
1244,2017-11-09,-65.8982,50.529,ASCAT,0.0,0.0,False,False,False,False,length_below_openberg_minimum
1245,2017-11-10,-65.8982,50.529,ASCAT,0.0,0.0,False,False,False,False,length_below_openberg_minimum
1246,2017-11-11,-65.8982,50.529,ASCAT,0.0,0.0,False,False,False,False,length_below_openberg_minimum
1247,2017-11-12,-65.8092,50.6465,ASCAT,0.0,0.0,False,False,False,False,length_below_openberg_minimum
1248,2017-11-13,-65.8092,50.6465,ASCAT,0.0,0.0,False,False,False,False,length_below_openberg_minimum
1249,2017-11-14,-65.7631,50.7069,ASCAT,0.0,0.0,False,False,False,False,length_below_openberg_minimum
1250,2017-11-15,-65.7631,50.7069,ASCAT,0.0,0.0,False,False,False,False,length_below_openberg_minimum
1251,2017-11-16,-65.7631,50.7069,ASCAT,0.0,0.0,False,False,False,False,length_below_openberg_minimum
1252,2017-11-17,-65.7163,50.3278,ASCAT,0.0,0.0,False,False,False,False,length_below_openberg_minimum
1253,2017-11-18,-65.7163,50.3278,ASCAT,0.0,0.0,False,False,False,False,length_below_openberg_minimum
1254,2017-11-19,-65.8635,50.1015,ASCAT,0.0,0.0,False,False,False,False,length_below_openberg_minimum
1255,2017-11-20,-65.8635,50.1015,ASCAT,0.0,0.0,False,False,False,False,length_below_openberg_minimum
1256,2017-11-21,-65.9147,50.1884,ASCAT,0.0,0.0,False,False,False,False,length_below_openberg_minimum
1257,2017-11-22,-65.9147,50.1884,ASCAT,0.0,0.0,False,False,False,False,length_below_openberg_minimum
1258,2017-11-23,-65.9293,50.4409,ASCAT,0.0,0.0,False,False,False,False,length_below_openberg_minimum
1259,2017-11-24,-65.9293,50.4409,ASCAT,0.0,0.0,False,False,False,False,length_below_openberg_minimum
1260,2017-11-25,-65.9219,50.3243,ASCAT,0.0,0.0,False,False,False,False,length_below_openberg_minimum
1261,2017-11-26,-65.9219,50.3243,ASCAT,0.0,0.0,False,False,False,False,length_below_openberg_minimum
1262,2017-11-27,-65.9219,50.3243,ASCAT,0.0,0.0,False,False,False,False,length_below_openberg_minimum
1263,2017-11-28,-66.0191,50.0637,ASCAT,0.0,0.0,False,False,False,False,length_below_openberg_minimum
1264,2017-11-29,-66.0191,50.0637,ASCAT,0.0,0.0,False,False,False,False,length_below_openberg_minimum
1265,2017-11-30,-65.9773,50.0215,ASCAT,0.0,0.0,False,False,False,False,length_below_openberg_minimum
1266,2017-12-01,-65.9773,50.0215,ASCAT,0.0,0.0,False,False,False,False,length_below_openberg_minimum
1267,2017-12-02,-65.9773,50.0215,ASCAT,0.0,0.0,False,False,False,False,length_below_openberg_minimum
1268,2017-12-03,-66.0447,49.7232,ASCAT,0.0,0.0,False,False,False,False,length_below_openberg_minimum
1269,2017-12-04,-66.0447,49.7232,ASCAT,0.0,0.0,False,False,False,False,length_below_openberg_minimum
1270,2017-12-05,-66.0447,49.7232,ASCAT,0.0,0.0,False,False,False,False,length_below_openberg_minimum
1271,2017-12-06,-65.8788,49.6863,ASCAT,0.0,0.0,False,False,False,False,length_below_openberg_minimum
1272,2017-12-07,-65.8788,49.6863,ASCAT,0.0,0.0,False,False,False,False,length_below_openberg_minimum
1273,2017-12-08,-65.8788,49.6863,ASCAT,0.0,0.0,False,False,False,False,length_below_openberg_minimum
1274,2017-12-09,-65.7993,49.7612,ASCAT,0.0,0.0,False,False,False,False,length_below_openberg_minimum
1275,2017-12-10,-65.7993,49.7612,ASCAT,0.0,0.0,False,False,False,False,length_below_openberg_minimum
1276,2017-12-11,-65.7993,49.7612,ASCAT,0.0,0.0,False,False,False,False,length_below_openberg_minimum
1277,2017-12-12,-65.7765,49.7444,ASCAT,0.0,0.0,False,False,False,False,length_below_openberg_minimum
1278,2017-12-13,-65.7765,49.7444,ASCAT,0.0,0.0,False,False,False,False,length_below_openberg_minimum
1279,2017-12-14,-65.7765,49.7444,ASCAT,0.0,0.0,False,False,False,False,length_below_openberg_minimum
1280,2017-12-15,-65.6822,49.6858,ASCAT,0.0,0.0,False,False,False,False,length_below_openberg_minimum
1281,2017-12-16,-65.6822,49.6858,ASCAT,0.0,0.0,False,False,False,False,length_below_openberg_minimum
1282,2017-12-17,-65.6822,49.6858,ASCAT,0.0,0.0,False,False,False,False,length_below_openberg_minimum
1283,2017-12-18,-65.5499,49.7711,ASCAT,0.0,0.0,False,False,False,False,length_below_openberg_minimum
1284,2017-12-19,-65.5499,49.7711,ASCAT,0.0,0.0,False,False,False,False,length_below_openberg_minimum
1285,2017-12-20,-65.5499,49.7711,ASCAT,0.0,0.0,False,False,False,False,length_below_openberg_minimum
1286,2017-12-21,-65.597,49.6451,ASCAT,0.0,0.0,False,False,False,False,length_below_openberg_minimum
1287,2017-12-22,-65.597,49.6451,ASCAT,0.0,0.0,False,False,False,False,length_below_openberg_minimum
1288,2017-12-23,-65.597,49.6451,ASCAT,0.0,0.0,False,False,False,False,length_below_openberg_minimum
1289,2017-12-24,-65.6585,49.393,ASCAT,0.0,0.0,False,False,False,False,length_below_openberg_minimum
1290,2017-12-25,-65.7277,49.2189,ASCAT,0.0,0.0,False,False,False,False,length_below_openberg_minimum
1291,2017-12-26,-65.7277,49.2189,ASCAT,0.0,0.0,False,False,False,False,length_below_openberg_minimum
1292,2017-12-27,-65.7277,49.2189,ASCAT,0.0,0.0,False,False,False,False,length_below_openberg_minimum
1293,2017-12-28,-65.8177,49.3838,ASCAT,0.0,0.0,False,False,False,False,length_below_openberg_minimum
1294,2017-12-29,-65.8619,49.5098,ASCAT,0.0,0.0,False,False,False,False,length_below_openberg_minimum
1295,2017-12-30,-65.9631,49.5519,ASCAT,0.0,0.0,False,False,False,False,length_below_openberg_minimum
1296,2017-12-31,-65.9631,49.5519,ASCAT,0.0,0.0,False,False,False,False,length_below_openberg_minimum
1297,2018-01-01,-66.0398,49.1911,ASCAT,0.0,0.0,False,False,False,False,length_below_openberg_minimum
1298,2018-01-02,-66.0398,49.1911,ASCAT,0.0,0.0,False,False,False,False,length_below_openberg_minimum
1299,2018-01-03,-66.107,48.7902,ASCAT,0.0,0.0,False,False,False,False,length_below_openberg_minimum
1300,2018-01-04,-66.107,48.7902,ASCAT,0.0,0.0,False,False,False,False,length_below_openberg_minimum
1301,2018-01-05,-66.107,48.7902,ASCAT,0.0,0.0,False,False,False,False,length_below_openberg_minimum
1302,2018-01-06,-66.107,48.7902,ASCAT,0.0,0.0,False,False,False,False,length_below_openberg_minimum
1303,2018-01-07,-66.107,48.7902,ASCAT,0.0,0.0,False,False,False,False,length_below_openberg_minimum
1304,2018-01-08,-66.1367,48.5658,ASCAT,0.0,0.0,False,False,False,False,length_below_openberg_minimum
1305,2018-01-09,-66.1367,48.5658,ASCAT,0.0,0.0,False,False,False,False,length_below_openberg_minimum
1306,2018-01-10,-66.1618,48.612,ASCAT,0.0,0.0,False,False,False,False,length_below_openberg_minimum
1307,2018-01-11,-66.1406,48.6272,ASCAT,0.0,0.0,False,False,False,False,length_below_openberg_minimum
1308,2018-01-12,-65.9121,48.419,ASCAT,0.0,0.0,False,False,False,False,length_below_openberg_minimum
1309,2018-01-13,-65.9104,48.6074,ASCAT,0.0,0.0,False,False,False,False,length_below_openberg_minimum
1310,2018-01-14,-65.8648,48.8332,ASCAT,0.0,0.0,False,False,False,False,length_below_openberg_minimum
1311,2018-01-15,-65.8648,48.8332,ASCAT,0.0,0.0,False,False,False,False,length_below_openberg_minimum
1312,2018-01-16,-65.8598,48.6236,ASCAT,0.0,0.0,False,False,False,False,length_below_openberg_minimum
1313,2018-01-17,-65.8224,48.8606,ASCAT,0.0,0.0,False,False,False,False,length_below_openberg_minimum
1314,2018-01-18,-65.9042,48.5278,ASCAT,0.0,0.0,False,False,False,False,length_below_openberg_minimum
1315,2018-01-19,-65.83,48.91,ASCAT,0.0,0.0,False,False,False,False,length_below_openberg_minimum
1316,2018-01-20,-65.83,48.91,ASCAT,0.0,0.0,False,False,False,False,length_below_openberg_minimum
1317,2018-01-21,-65.8642,49.0566,ASCAT,0.0,0.0,False,False,False,False,length_below_openberg_minimum
1318,2018-01-22,-65.8642,49.0566,ASCAT,0.0,0.0,False,False,False,False,length_below_openberg_minimum
1319,2018-01-23,-65.9435,49.6152,ASCAT,0.0,0.0,False,False,False,False,length_below_openberg_minimum
1320,2018-01-24,-66.029,49.4438,ASCAT,0.0,0.0,False,False,False,False,length_below_openberg_minimum
1321,2018-01-25,-66.0694,49.6426,ASCAT,0.0,0.0,False,False,False,False,length_below_openberg_minimum
1322,2018-01-26,-65.99,49.83,ASCAT,0.0,0.0,False,False,False,False,length_below_openberg_minimum
1323,2018-01-27,-66.0445,49.7882,ASCAT,0.0,0.0,False,False,False,False,length_below_openberg_minimum
1324,2018-01-28,-66.1591,49.7131,ASCAT,0.0,0.0,False,False,False,False,length_below_openberg_minimum
1325,2018-01-29,-66.3443,49.5487,ASCAT,0.0,0.0,False,False,False,False,length_below_openberg_minimum
1326,2018-01-30,-66.3859,49.3899,ASCAT,0.0,0.0,False,False,False,False,length_below_openberg_minimum
1327,2018-01-31,-66.3859,49.3899,ASCAT,0.0,0.0,False,False,False,False,length_below_openberg_minimum
1328,2018-02-01,-66.3859,49.3899,ASCAT,0.0,0.0,False,False,False,False,length_below_openberg_minimum
1329,2018-02-02,-66.4729,49.3046,ASCAT,0.0,0.0,False,False,False,False,length_below_openberg_minimum
1330,2018-02-03,-66.4729,49.3046,ASCAT,0.0,0.0,False,False,False,False,length_below_openberg_minimum
1331,2018-02-04,-66.4778,49.2882,ASCAT,0.0,0.0,False,False,False,False,length_below_openberg_minimum
1332,2018-02-05,-66.4911,49.2434,ASCAT,0.0,0.0,False,False,False,False,length_below_openberg_minimum
1333,2018-02-06,-66.5108,49.177,ASCAT,0.0,0.0,False,False,False,False,length_below_openberg_minimum
1334,2018-02-07,-66.5346,49.0954,ASCAT,0.0,0.0,False,False,False,False,length_below_openberg_minimum
1335,2018-02-08,-66.5606,49.0054,ASCAT,0.0,0.0,False,False,False,False,length_below_openberg_minimum
1336,2018-02-09,-66.5865,48.9137,ASCAT,0.0,0.0,False,False,False,False,length_below_openberg_minimum
1337,2018-02-10,-66.6103,48.8267,ASCAT,0.0,0.0,False,False,False,False,length_below_openberg_minimum
1338,2018-02-11,-66.63,48.7513,ASCAT,0.0,0.0,False,False,False,False,length_below_openberg_minimum
1339,2018-02-12,-66.6433,48.694,ASCAT,0.0,0.0,False,False,False,False,length_below_openberg_minimum
1340,2018-02-13,-66.6482,48.6615,ASCAT,0.0,0.0,False,False,False,False,length_below_openberg_minimum
1341,2018-02-14,-66.6465,48.6451,ASCAT,0.0,0.0,False,False,False,False,length_below_openberg_minimum
1342,2018-02-15,-66.6418,48.6314,ASCAT,0.0,0.0,False,False,False,False,length_below_openberg_minimum
1343,2018-02-16,-66.6349,48.6198,ASCAT,0.0,0.0,False,False,False,False,length_below_openberg_minimum
1344,2018-02-17,-66.6266,48.6099,ASCAT,0.0,0.0,False,False,False,False,length_below_openberg_minimum
1345,2018-02-18,-66.6174,48.6011,ASCAT,0.0,0.0,False,False,False,False,length_below_openberg_minimum
1346,2018-02-19,-66.6083,48.5931,ASCAT,0.0,0.0,False,False,False,False,length_below_openberg_minimum
1347,2018-02-20,-66.6,48.5852,ASCAT,0.0,0.0,False,False,False,False,length_below_openberg_minimum
1348,2018-02-21,-66.5931,48.5769,ASCAT,0.0,0.0,False,False,False,False,length_below_openberg_minimum
1349,2018-02-22,-66.5884,48.5679,ASCAT,0.0,0.0,False,False,False,False,length_below_openberg_minimum
1350,2018-02-23,-66.5867,48.5575,ASCAT,0.0,0.0,False,False,False,False,length_below_openberg_minimum
1351,2018-02-24,-66.6051,48.5429,ASCAT,0.0,0.0,False,False,False,False,length_below_openberg_minimum
1352,2018-02-25,-66.6286,48.5339,ASCAT,0.0,0.0,False,False,False,False,length_below_openberg_minimum
1353,2018-02-26,-66.6358,48.6192,ASCAT,0.0,0.0,False,False,False,False,length_below_openberg_minimum
1354,2018-02-27,-66.6172,48.5303,ASCAT,0.0,0.0,False,False,False,False,length_below_openberg_minimum
1355,2018-02-28,-66.592,48.399,ASCAT,0.0,0.0,False,False,False,False,length_below_openberg_minimum
1356,2018-03-01,-66.592,48.399,ASCAT,0.0,0.0,True,False,False,False,length_below_openberg_minimum
1357,2018-03-02,-66.592,48.399,ASCAT,0.0,0.0,True,False,False,False,length_below_openberg_minimum
1358,2018-03-03,-66.592,48.399,ASCAT,0.0,0.0,True,False,False,False,length_below_openberg_minimum
1359,2018-03-04,-66.592,48.399,ASCAT,0.0,0.0,True,False,False,False,length_below_openberg_minimum
1360,2018-03-05,-66.5848,48.3681,ASCAT,0.0,0.0,True,False,False,False,length_below_openberg_minimum
1361,2018-03-06,-66.5652,48.3042,ASCAT,0.0,0.0,True,True,True,False,length_below_openberg_minimum
1362,2018-03-07,-66.4906,48.2083,ASCAT,0.0,0.0,True,True,True,False,length_below_openberg_minimum
1363,2018-03-08,-66.4509,47.9985,ASCAT,0.0,0.0,True,True,True,False,length_below_openberg_minimum
1364,2018-03-09,-66.5324,47.3757,ASCAT,0.0,0.0,True,True,True,False,length_below_openberg_minimum
1365,2018-03-10,-66.5836,47.1268,ASCAT,0.0,0.0,True,True,True,False,length_below_openberg_minimum
1366,2018-03-11,-66.744,47.3761,ASCAT,0.0,0.0,True,True,True,False,length_below_openberg_minimum
1367,2018-03-12,-66.785,47.5818,ASCAT,0.0,0.0,True,True,True,False,length_below_openberg_minimum
1368,2018-03-13,-66.7198,47.7616,ASCAT,0.0,0.0,True,True,True,False,length_below_openberg_minimum
1369,2018-03-14,-66.6824,47.5366,ASCAT,0.0,0.0,True,True,True,False,length_below_openberg_minimum
1370,2018-03-15,-66.6793,47.2756,ASCAT,0.0,0.0,True,True,True,False,length_below_openberg_minimum
1371,2018-03-16,-66.7041,46.9106,ASCAT,0.0,0.0,True,True,True,False,length_below_openberg_minimum
1372,2018-03-17,-66.7704,46.4782,ASCAT,0.0,0.0,True,True,True,False,length_below_openberg_minimum
1373,2018-03-18,-66.8794,46.3607,ASCAT,0.0,0.0,True,True,True,False,length_below_openberg_minimum
1374,2018-03-19,-66.9915,46.0486,ASCAT,0.0,0.0,True,True,True,False,length_below_openberg_minimum
1375,2018-03-20,-66.9915,46.0486,ASCAT,0.0,0.0,True,True,True,False,length_below_openberg_minimum
1376,2018-03-21,-67.0649,45.9388,ASCAT,0.0,0.0,True,True,True,False,length_below_openberg_minimum
1377,2018-03-22,-67.1008,45.7774,ASCAT,0.0,0.0,True,True,True,False,length_below_openberg_minimum
1378,2018-03-23,-67.0946,45.5402,ASCAT,0.0,0.0,True,True,True,False,length_below_openberg_minimum
1379,2018-03-24,-67.2143,44.8381,ASCAT,0.0,0.0,True,True,True,False,length_below_openberg_minimum
1380,2018-03-25,-67.2143,44.8381,ASCAT,0.0,0.0,True,True,True,False,length_below_openberg_minimum
1381,2018-03-26,-67.2866,44.3604,ASCAT,0.0,0.0,True,True,True,False,length_below_openberg_minimum
1382,2018-03-27,-67.2839,43.5478,ASCAT,0.0,0.0,True,True,True,False,length_below_openberg_minimum
1383,2018-03-28,-67.3782,43.3028,ASCAT,0.0,0.0,True,True,True,False,length_below_openberg_minimum
1384,2018-03-29,-67.4631,42.952,ASCAT,0.0,0.0,True,True,True,False,length_below_openberg_minimum
1385,2018-03-30,-67.4631,42.952,ASCAT,0.0,0.0,True,True,True,False,length_below_openberg_minimum
1386,2018-03-31,-67.5489,42.5962,ASCAT,0.0,0.0,True,True,True,False,length_below_openberg_minimum
1387,2018-04-01,-67.5489,42.5962,ASCAT,0.0,0.0,True,True,True,False,length_below_openberg_minimum
1388,2018-04-02,-67.5883,42.5647,ASCAT,0.0,0.0,True,True,True,False,length_below_openberg_minimum
1389,2018-04-03,-67.5883,42.5647,ASCAT,0.0,0.0,True,True,True,False,length_below_openberg_minimum
1390,2018-04-04,-67.5883,42.5647,ASCAT,0.0,0.0,True,True,True,False,length_below_openberg_minimum
1391,2018-04-05,-67.5883,42.5647,ASCAT,0.0,0.0,True,True,True,False,length_below_openberg_minimum
1392,2018-04-06,-67.5487,42.3629,ASCAT,0.0,0.0,True,True,True,False,length_below_openberg_minimum
1393,2018-04-07,-67.5973,42.0711,ASCAT,0.0,0.0,True,True,True,False,length_below_openberg_minimum
1394,2018-04-08,-67.7552,41.69,ASCAT,0.0,0.0,True,True,True,False,length_below_openberg_minimum
1395,2018-04-09,-67.8975,40.8565,ASCAT,0.0,0.0,True,True,True,False,length_below_openberg_minimum
1396,2018-04-10,-68.0602,40.3147,ASCAT,0.0,0.0,True,True,True,False,length_below_openberg_minimum
1397,2018-04-11,-68.1627,39.9049,ASCAT,0.0,0.0,True,True,True,False,length_below_openberg_minimum
1398,2018-04-12,-68.275,39.3296,ASCAT,0.0,0.0,True,True,True,False,length_below_openberg_minimum
1399,2018-04-13,-68.3626,38.5615,ASCAT,0.0,0.0,True,True,True,False,length_below_openberg_minimum
1400,2018-04-14,-68.495,37.9819,ASCAT,0.0,0.0,True,True,True,False,length_below_openberg_minimum
1401,2018-04-15,-68.495,37.9819,ASCAT,0.0,0.0,True,True,True,False,length_below_openberg_minimum
1402,2018-04-16,-68.4369,37.9196,ASCAT,0.0,0.0,True,True,True,False,length_below_openberg_minimum
1403,2018-04-17,-68.4015,37.6884,ASCAT,0.0,0.0,True,True,True,False,length_below_openberg_minimum
1404,2018-04-18,-68.3788,37.0491,ASCAT,0.0,0.0,True,True,True,False,length_below_openberg_minimum
1405,2018-04-19,-68.3499,36.3802,ASCAT,0.0,0.0,True,True,True,False,length_below_openberg_minimum
1406,2018-04-20,-68.2607,36.0919,ASCAT,0.0,0.0,True,True,True,False,length_below_openberg_minimum
1407,2018-04-21,-68.2383,35.8824,ASCAT,0.0,0.0,True,True,True,False,length_below_openberg_minimum
1408,2018-04-22,-68.2281,35.7092,ASCAT,0.0,0.0,True,True,True,False,length_below_openberg_minimum
1409,2018-04-23,-68.2175,35.5363,ASCAT,0.0,0.0,True,True,True,False,length_below_openberg_minimum
1410,2018-04-24,-68.1937,35.328,ASCAT,0.0,0.0,True,True,True,False,length_below_openberg_minimum
1411,2018-04-25,-68.0752,35.0435,ASCAT,0.0,0.0,True,True,True,False,length_below_openberg_minimum
1412,2018-04-26,-68.1476,34.493,ASCAT,0.0,0.0,True,True,True,False,length_below_openberg_minimum
1413,2018-04-27,-68.1925,34.5157,ASCAT,0.0,0.0,True,True,True,False,length_below_openberg_minimum
1414,2018-04-28,-68.1146,34.4339,ASCAT,0.0,0.0,True,True,True,False,length_below_openberg_minimum
1415,2018-04-29,-68.0492,34.314,ASCAT,0.0,0.0,True,True,True,False,length_below_openberg_minimum
1416,2018-04-30,-67.9865,33.8957,ASCAT,0.0,0.0,True,True,True,False,length_below_openberg_minimum
1417,2018-05-01,-68.0072,33.6783,ASCAT,0.0,0.0,True,True,True,False,length_below_openberg_minimum
1418,2018-05-02,-68.0391,33.6021,ASCAT,0.0,0.0,True,True,True,False,length_below_openberg_minimum
1419,2018-05-03,-68.0359,33.7122,ASCAT,0.0,0.0,True,True,True,False,length_below_openberg_minimum
1420,2018-05-04,-68.0359,33.7122,ASCAT,0.0,0.0,True,True,True,False,length_below_openberg_minimum
1421,2018-05-05,-67.9881,33.5118,ASCAT,0.0,0.0,True,True,True,False,length_below_openberg_minimum
1422,2018-05-06,-68.0596,33.572,ASCAT,0.0,0.0,True,True,True,False,length_below_openberg_minimum
1423,2018-05-07,-68.2232,33.2472,ASCAT,0.0,0.0,True,True,True,False,length_below_openberg_minimum
1424,2018-05-08,-68.2565,33.0028,ASCAT,0.0,0.0,True,True,True,False,length_below_openberg_minimum
1425,2018-05-09,-68.2634,32.7526,ASCAT,0.0,0.0,True,True,True,False,length_below_openberg_minimum
1426,2018-05-10,-68.2658,32.6123,ASCAT,0.0,0.0,True,True,True,False,length_below_openberg_minimum
1427,2018-05-11,-68.2658,32.6123,ASCAT,0.0,0.0,True,True,True,False,length_below_openberg_minimum
1428,2018-05-12,-68.2867,32.3279,ASCAT,0.0,0.0,True,True,True,False,length_below_openberg_minimum
1429,2018-05-13,-68.3778,32.042,ASCAT,0.0,0.0,True,True,True,False,length_below_openberg_minimum
1430,2018-05-14,-68.4651,31.8693,ASCAT,0.0,0.0,True,True,True,False,length_below_openberg_minimum
1431,2018-05-15,-68.4651,31.8693,ASCAT,0.0,0.0,True,True,True,False,length_below_openberg_minimum
1432,2018-05-16,-68.5222,31.6142,ASCAT,0.0,0.0,True,True,True,False,length_below_openberg_minimum
1433,2018-05-17,-68.5868,31.4318,ASCAT,0.0,0.0,True,True,True,False,length_below_openberg_minimum
1434,2018-05-18,-68.7638,30.8923,ASCAT,0.0,0.0,True,True,True,False,length_below_openberg_minimum
1435,2018-05-19,-68.8124,30.6632,ASCAT,0.0,0.0,True,True,True,False,length_below_openberg_minimum
1436,2018-05-20,-68.9113,30.197,ASCAT,0.0,0.0,True,True,True,False,length_below_openberg_minimum
1437,2018-05-21,-69.0616,29.5241,ASCAT,0.0,0.0,True,True,True,False,length_below_openberg_minimum
1438,2018-05-22,-69.2197,28.8463,ASCAT,0.0,0.0,True,True,True,False,length_below_openberg_minimum
1439,2018-05-23,-69.5352,27.8489,ASCAT,0.0,0.0,True,True,True,False,length_below_openberg_minimum
1440,2018-05-24,-69.588,27.7356,ASCAT,0.0,0.0,True,True,True,False,length_below_openberg_minimum
1441,2018-05-25,-69.7187,26.8164,ASCAT,0.0,0.0,True,True,True,False,length_below_openberg_minimum
1442,2018-05-26,-69.8093,26.5571,ASCAT,0.0,0.0,True,True,True,False,length_below_openberg_minimum
1443,2018-05-27,-69.8712,25.5831,ASCAT,0.0,0.0,True,True,True,False,length_below_openberg_minimum
1444,2018-05-28,-69.8256,24.5609,ASCAT,0.0,0.0,True,True,True,False,length_below_openberg_minimum
1445,2018-05-29,-69.8914,23.723,ASCAT,0.0,0.0,True,True,True,False,length_below_openberg_minimum
1446,2018-05-30,-69.9418,23.0221,ASCAT,0.0,0.0,True,True,True,False,length_below_openberg_minimum
1447,2018-05-31,-69.9359,22.3796,ASCAT,0.0,0.0,True,True,True,False,length_below_openberg_minimum
1448,2018-06-01,-69.8426,21.8828,ASCAT,0.0,0.0,True,True,True,False,length_below_openberg_minimum
1449,2018-06-02,-69.7961,21.3678,ASCAT,0.0,0.0,True,True,True,False,length_below_openberg_minimum
1450,2018-06-03,-69.7563,20.437,ASCAT,0.0,0.0,True,True,True,False,length_below_openberg_minimum
1451,2018-06-04,-69.7177,19.2879,ASCAT,0.0,0.0,True,True,True,False,length_below_openberg_minimum
1452,2018-06-05,-69.6666,18.4667,ASCAT,0.0,0.0,True,True,True,False,length_below_openberg_minimum
1453,2018-06-06,-69.5769,18.1181,ASCAT,0.0,0.0,True,True,True,False,length_below_openberg_minimum
1454,2018-06-07,-69.5665,17.6632,ASCAT,0.0,0.0,True,True,True,False,length_below_openberg_minimum
1455,2018-06-08,-69.5665,17.6632,ASCAT,0.0,0.0,True,True,True,False,length_below_openberg_minimum
1456,2018-06-09,-69.5036,17.277,ASCAT,0.0,0.0,True,True,True,False,length_below_openberg_minimum
1457,2018-06-10,-69.4548,16.765,ASCAT,0.0,0.0,True,True,True,False,length_below_openberg_minimum
1458,2018-06-11,-69.4093,16.5075,ASCAT,0.0,0.0,True,True,True,False,length_below_openberg_minimum
1459,2018-06-12,-69.2518,16.0026,ASCAT,0.0,0.0,True,True,True,False,length_below_openberg_minimum
1460,2018-06-13,-69.2344,15.5833,ASCAT,0.0,0.0,True,True,True,False,length_below_openberg_minimum
1461,2018-06-14,-69.2304,14.7602,ASCAT,0.0,0.0,True,True,True,False,length_below_openberg_minimum
1462,2018-06-15,-69.2123,14.2906,ASCAT,0.0,0.0,True,True,True,False,length_below_openberg_minimum
1463,2018-06-16,-69.3109,13.9026,ASCAT,0.0,0.0,True,True,True,False,length_below_openberg_minimum
1464,2018-06-17,-69.3437,13.6275,ASCAT,0.0,0.0,True,True,True,False,length_below_openberg_minimum
1465,2018-06-18,-69.4064,13.1276,ASCAT,0.0,0.0,True,True,True,False,length_below_openberg_minimum
1466,2018-06-19,-69.4064,13.1276,ASCAT,0.0,0.0,True,True,True,False,length_below_openberg_minimum
1467,2018-06-20,-69.4064,13.1276,ASCAT,0.0,0.0,True,True,True,False,length_below_openberg_minimum
1468,2018-06-21,-69.4064,13.1276,ASCAT,0.0,0.0,True,True,True,False,length_below_openberg_minimum
1469,2018-06-22,-69.4064,13.1276,ASCAT,0.0,0.0,True,True,True,False,length_below_openberg_minimum
1470,2018-06-23,-69.4064,13.1276,ASCAT,0.0,0.0,True,True,True,False,length_below_openberg_minimum
1471,2018-06-24,-69.4064,13.1276,ASCAT,0.0,0.0,True,True,True,False,length_below_openberg_minimum
1472,2018-06-25,-69.4544,12.6612,ASCAT,0.0,0.0,True,True,True,False,length_below_openberg_minimum
1473,2018-06-26,-69.4544,12.6612,ASCAT,0.0,0.0,True,True,True,False,length_below_openberg_minimum
1474,2018-06-27,-69.4936,12.4153,ASCAT,0.0,0.0,True,True,True,False,length_below_openberg_minimum
1475,2018-06-28,-69.4936,12.4153,ASCAT,0.0,0.0,True,True,True,False,length_below_openberg_minimum
1476,2018-06-29,-69.6017,11.8037,ASCAT,0.0,0.0,True,True,True,False,length_below_openberg_minimum
1477,2018-06-30,-69.6017,11.8037,ASCAT,0.0,0.0,True,True,True,False,length_below_openberg_minimum
1478,2018-07-01,-69.5093,11.7725,ASCAT,0.0,0.0,True,True,True,False,length_below_openberg_minimum
1479,2018-07-02,-69.5665,11.5843,ASCAT,0.0,0.0,True,True,True,False,length_below_openberg_minimum
1480,2018-07-03,-69.641,11.3946,ASCAT,0.0,0.0,True,True,True,False,length_below_openberg_minimum
1481,2018-07-04,-69.6628,11.0621,ASCAT,0.0,0.0,True,True,True,False,length_below_openberg_minimum
1482,2018-07-05,-69.6823,10.614,ASCAT,0.0,0.0,True,True,True,False,length_below_openberg_minimum
1483,2018-07-06,-69.69,10.68,NIC,20372.0,7408.0,True,True,True,False,length_exceeds_openberg_maximum
1484,2018-07-07,-69.6968,10.3563,NIC,0.0,0.0,True,True,True,False,length_below_openberg_minimum
1485,2018-07-08,-69.7031,9.936,NIC,0.0,0.0,True,True,True,False,length_below_openberg_minimum
1486,2018-07-09,-69.7092,9.4396,NIC,0.0,0.0,True,True,True,False,length_below_openberg_minimum
1487,2018-07-10,-69.7156,8.8873,NIC,0.0,0.0,True,True,True,False,length_below_openberg_minimum
1488,2018-07-11,-69.7226,8.2997,NIC,0.0,0.0,True,True,True,False,length_below_openberg_minimum
1489,2018-07-12,-69.7306,7.6972,NIC,0.0,0.0,True,True,True,False,length_below_openberg_minimum
1490,2018-07-13,-69.74,7.1,NIC,20372.0,7408.0,True,True,True,False,length_exceeds_openberg_maximum
1492,2018-07-20,-69.8267,1.3939,ASCAT,0.0,0.0,True,True,True,False,length_below_openberg_minimum
1493,2018-07-21,-69.6391,0.837,ASCAT,0.0,0.0,True,True,True,False,length_below_openberg_minimum
1494,2018-07-22,-69.665,0.1832,ASCAT,0.0,0.0,True,True,True,False,length_below_openberg_minimum
1495,2018-07-23,-69.4512,-0.4693,ASCAT,0.0,0.0,True,True,True,False,length_below_openberg_minimum
1496,2018-07-24,-69.6093,-1.3771,ASCAT,0.0,0.0,True,True,True,False,length_below_openberg_minimum
1497,2018-07-25,-69.9031,-2.3333,ASCAT,0.0,0.0,True,True,True,False,length_below_openberg_minimum
1498,2018-07-26,-70.0612,-2.7768,ASCAT,0.0,0.0,True,True,True,False,length_below_openberg_minimum
1499,2018-07-27,-70.06,-3.01,NIC,20372.0,7408.0,True,True,True,False,length_exceeds_openberg_maximum
1500,2018-07-28,-70.0718,-3.4641,NIC,0.0,0.0,True,True,True,False,length_below_openberg_minimum
1501,2018-07-29,-70.0811,-3.8823,NIC,0.0,0.0,True,True,True,False,length_below_openberg_minimum
1502,2018-07-30,-70.0891,-4.2697,NIC,0.0,0.0,True,True,True,False,length_below_openberg_minimum
1503,2018-07-31,-70.0969,-4.6312,NIC,0.0,0.0,True,True,True,False,length_below_openberg_minimum
1504,2018-08-01,-70.1056,-4.9718,NIC,0.0,0.0,True,True,True,False,length_below_openberg_minimum
1505,2018-08-02,-70.1163,-5.2964,NIC,0.0,0.0,True,True,True,False,length_below_openberg_minimum
1506,2018-08-03,-70.13,-5.61,NIC,20372.0,7408.0,True,True,True,False,length_exceeds_openberg_maximum
1507,2018-08-04,-70.1553,-5.9238,NIC,0.0,0.0,True,True,True,False,length_below_openberg_minimum
1508,2018-08-05,-70.1955,-6.2387,NIC,0.0,0.0,True,True,True,False,length_below_openberg_minimum
1509,2018-08-06,-70.2437,-6.5444,NIC,0.0,0.0,True,True,True,False,length_below_openberg_minimum
1510,2018-08-07,-70.2931,-6.8307,NIC,0.0,0.0,True,True,True,False,length_below_openberg_minimum
1511,2018-08-08,-70.3368,-7.0873,NIC,0.0,0.0,True,True,True,False,length_below_openberg_minimum
1512,2018-08-09,-70.3681,-7.3038,NIC,0.0,0.0,True,True,True,False,length_below_openberg_minimum
1513,2018-08-10,-70.38,-7.47,NIC,20372.0,7408.0,True,True,True,False,length_exceeds_openberg_maximum
1514,2018-08-11,-70.3761,-7.5893,NIC,0.0,0.0,True,True,True,False,length_below_openberg_minimum
1515,2018-08-12,-70.3661,-7.6799,NIC,0.0,0.0,True,True,True,False,length_below_openberg_minimum
1516,2018-08-13,-70.3524,-7.7537,NIC,0.0,0.0,True,True,True,False,length_below_openberg_minimum
1517,2018-08-14,-70.3376,-7.8226,NIC,0.0,0.0,True,True,True,False,length_below_openberg_minimum
1518,2018-08-15,-70.3239,-7.8987,NIC,0.0,0.0,True,True,True,False,length_below_openberg_minimum
1519,2018-08-16,-70.3139,-7.9939,NIC,0.0,0.0,True,True,True,False,length_below_openberg_minimum
1520,2018-08-17,-70.31,-8.12,NIC,20372.0,7408.0,True,True,True,False,length_exceeds_openberg_maximum
1521,2018-08-18,-70.3226,-8.3285,NIC,0.0,0.0,True,True,True,False,length_below_openberg_minimum
1522,2018-08-19,-70.3567,-8.6392,NIC,0.0,0.0,True,True,True,False,length_below_openberg_minimum
1523,2018-08-20,-70.4066,-9.0164,NIC,0.0,0.0,True,True,True,False,length_below_openberg_minimum
1524,2018-08-21,-70.4666,-9.4247,NIC,0.0,0.0,True,True,True,False,length_below_openberg_minimum
1525,2018-08-22,-70.5309,-9.8284,NIC,0.0,0.0,True,True,True,False,length_below_openberg_minimum
1526,2018-08-23,-70.594,-10.192,NIC,0.0,0.0,True,True,True,False,length_below_openberg_minimum
1527,2018-08-24,-70.65,-10.48,NIC,20372.0,7408.0,True,True,True,False,length_exceeds_openberg_maximum
1528,2018-08-25,-70.704,-10.7027,NIC,0.0,0.0,True,True,True,False,length_below_openberg_minimum
1529,2018-08-26,-70.7626,-10.8996,NIC,0.0,0.0,True,True,True,False,length_below_openberg_minimum
1530,2018-08-27,-70.8228,-11.0783,NIC,0.0,0.0,True,True,True,False,length_below_openberg_minimum
1531,2018-08-28,-70.8817,-11.2469,NIC,0.0,0.0,True,True,True,False,length_below_openberg_minimum
1532,2018-08-29,-70.9362,-11.4131,NIC,0.0,0.0,True,True,True,False,length_below_openberg_minimum
1533,2018-08-30,-70.9833,-11.5849,NIC,0.0,0.0,True,True,True,False,length_below_openberg_minimum
1534,2018-08-31,-71.02,-11.77,NIC,20372.0,7408.0,True,True,True,False,length_exceeds_openberg_maximum
1535,2018-09-01,-71.0487,-11.9727,NIC,0.0,0.0,True,True,True,False,length_below_openberg_minimum
1536,2018-09-02,-71.0743,-12.1875,NIC,0.0,0.0,True,False,False,False,length_below_openberg_minimum
1537,2018-09-03,-71.0971,-12.4078,NIC,0.0,0.0,True,False,False,False,length_below_openberg_minimum
1538,2018-09-04,-71.1176,-12.6269,NIC,0.0,0.0,True,False,False,False,length_below_openberg_minimum
1539,2018-09-05,-71.1363,-12.8381,NIC,0.0,0.0,True,False,False,False,length_below_openberg_minimum
1540,2018-09-06,-71.1536,-13.0347,NIC,0.0,0.0,True,False,False,False,length_below_openberg_minimum
1541,2018-09-07,-71.17,-13.21,NIC,20372.0,7408.0,True,False,False,False,length_exceeds_openberg_maximum
1542,2018-09-08,-71.1841,-13.361,NIC,0.0,0.0,True,False,False,False,length_below_openberg_minimum
1543,2018-09-09,-71.1952,-13.4941,NIC,0.0,0.0,True,False,False,False,length_below_openberg_minimum
1544,2018-09-10,-71.2049,-13.6166,NIC,0.0,0.0,True,False,False,False,length_below_openberg_minimum
1545,2018-09-11,-71.2147,-13.736,NIC,0.0,0.0,True,False,False,False,length_below_openberg_minimum
1546,2018-09-12,-71.2262,-13.8598,NIC,0.0,0.0,True,False,False,False,length_below_openberg_minimum
1547,2018-09-13,-71.2407,-13.9953,NIC,0.0,0.0,True,False,False,False,length_below_openberg_minimum
1548,2018-09-14,-71.26,-14.15,NIC,20372.0,7408.0,False,False,False,False,length_exceeds_openberg_maximum
1549,2018-09-15,-71.3035,-14.3382,NIC,0.0,0.0,False,False,False,False,length_below_openberg_minimum
1550,2018-09-16,-71.3809,-14.5602,NIC,0.0,0.0,False,False,False,False,length_below_openberg_minimum
1551,2018-09-17,-71.4789,-14.8019,NIC,0.0,0.0,False,False,False,False,length_below_openberg_minimum
1552,2018-09-18,-71.5841,-15.0497,NIC,0.0,0.0,False,False,False,False,length_below_openberg_minimum
1553,2018-09-19,-71.6833,-15.2895,NIC,0.0,0.0,False,False,False,False,length_below_openberg_minimum
1554,2018-09-20,-71.763,-15.5076,NIC,0.0,0.0,False,False,False,False,length_below_openberg_minimum
1555,2018-09-21,-71.81,-15.69,NIC,20372.0,7408.0,False,False,False,False,length_exceeds_openberg_maximum
1556,2018-09-22,-71.8324,-15.8462,NIC,0.0,0.0,False,False,False,False,length_below_openberg_minimum
1557,2018-09-23,-71.8489,-15.994,NIC,0.0,0.0,False,False,False,False,length_below_openberg_minimum
1558,2018-09-24,-71.8616,-16.1325,NIC,0.0,0.0,False,False,False,False,length_below_openberg_minimum
1559,2018-09-25,-71.8729,-16.2603,NIC,0.0,0.0,False,False,False,False,length_below_openberg_minimum
1560,2018-09-26,-71.8848,-16.3766,NIC,0.0,0.0,False,False,False,False,length_below_openberg_minimum
1561,2018-09-27,-71.8998,-16.4802,NIC,0.0,0.0,False,False,False,False,length_below_openberg_minimum
1562,2018-09-28,-71.92,-16.57,NIC,20372.0,7408.0,False,False,False,False,length_exceeds_openberg_maximum
1563,2018-09-29,-71.9515,-16.644,NIC,0.0,0.0,False,False,False,False,length_below_openberg_minimum
1564,2018-09-30,-71.9958,-16.7046,NIC,0.0,0.0,False,False,False,False,length_below_openberg_minimum
1565,2018-10-01,-72.0484,-16.7573,NIC,0.0,0.0,False,False,False,False,length_below_openberg_minimum
1566,2018-10-02,-72.1046,-16.8076,NIC,0.0,0.0,False,False,False,False,length_below_openberg_minimum
1567,2018-10-03,-72.16,-16.8612,NIC,0.0,0.0,False,False,False,False,length_below_openberg_minimum
1568,2018-10-04,-72.21,-16.9235,NIC,0.0,0.0,False,False,False,False,length_below_openberg_minimum
1569,2018-10-05,-72.25,-17.0,NIC,20372.0,7408.0,False,False,False,False,length_exceeds_openberg_maximum
1570,2018-10-07,-72.2712,-17.3722,ASCAT,0.0,0.0,False,False,False,False,length_below_openberg_minimum
1571,2018-10-08,-72.3162,-17.5818,ASCAT,0.0,0.0,False,False,False,False,length_below_openberg_minimum
1572,2018-10-09,-72.397,-18.0514,ASCAT,0.0,0.0,False,False,False,False,length_below_openberg_minimum
1573,2018-10-10,-72.397,-18.0514,ASCAT,0.0,0.0,False,False,False,False,length_below_openberg_minimum
1574,2018-10-11,-72.4863,-18.5361,ASCAT,0.0,0.0,False,False,False,False,length_below_openberg_minimum
1575,2018-10-12,-72.4863,-18.5361,ASCAT,0.0,0.0,False,False,False,False,length_below_openberg_minimum
1576,2018-10-13,-72.5743,-19.0225,ASCAT,0.0,0.0,False,False,False,False,length_below_openberg_minimum
1577,2018-10-14,-72.5743,-19.0225,ASCAT,0.0,0.0,False,False,False,False,length_below_openberg_minimum
1578,2018-10-15,-72.6317,-19.9907,ASCAT,0.0,0.0,False,False,False,False,length_below_openberg_minimum
1579,2018-10-16,-72.6317,-19.9907,ASCAT,0.0,0.0,False,False,False,False,length_below_openberg_minimum
1580,2018-10-17,-72.4907,-20.164,ASCAT,0.0,0.0,False,False,False,False,length_below_openberg_minimum
1581,2018-10-18,-72.4392,-20.053,ASCAT,0.0,0.0,False,False,False,False,length_below_openberg_minimum
1582,2018-10-19,-72.3506,-20.2764,ASCAT,0.0,0.0,False,False,False,False,length_below_openberg_minimum
1583,2018-10-20,-72.3506,-20.2764,ASCAT,0.0,0.0,False,False,False,False,length_below_openberg_minimum
1584,2018-10-21,-72.6414,-20.3135,ASCAT,0.0,0.0,False,False,False,False,length_below_openberg_minimum
1585,2018-10-22,-72.6767,-20.5439,ASCAT,0.0,0.0,False,False,False,False,length_below_openberg_minimum
1586,2018-10-23,-72.7494,-20.8563,ASCAT,0.0,0.0,False,False,False,False,length_below_openberg_minimum
1587,2018-10-24,-72.7494,-20.8563,ASCAT,0.0,0.0,False,False,False,False,length_below_openberg_minimum
1588,2018-10-25,-72.7234,-21.0715,ASCAT,0.0,0.0,False,False,False,False,length_below_openberg_minimum
1589,2018-10-26,-72.7299,-21.2339,ASCAT,20372.0,7408.0,False,False,False,False,length_exceeds_openberg_maximum
1590,2018-10-27,-72.7484,-21.3781,ASCAT,0.0,0.0,False,False,False,False,length_below_openberg_minimum
1591,2018-10-28,-72.7773,-21.4974,ASCAT,0.0,0.0,False,False,False,False,length_below_openberg_minimum
1592,2018-10-29,-72.8149,-21.5853,ASCAT,0.0,0.0,False,False,False,False,length_below_openberg_minimum
1593,2018-10-30,-72.9053,-21.6391,ASCAT,0.0,0.0,False,False,False,False,length_below_openberg_minimum
1594,2018-10-31,-72.9702,-21.641,ASCAT,0.0,0.0,False,False,False,False,length_below_openberg_minimum
1595,2018-11-01,-73.0913,-21.713,ASCAT,0.0,0.0,False,False,False,False,length_below_openberg_minimum
1596,2018-11-02,-73.1464,-22.1701,ASCAT,20372.0,7408.0,False,False,False,False,length_exceeds_openberg_maximum
1597,2018-11-03,-73.1396,-22.2345,ASCAT,0.0,0.0,False,False,False,False,length_below_openberg_minimum
1598,2018-11-04,-73.0989,-22.3957,ASCAT,0.0,0.0,False,False,False,False,length_below_openberg_minimum
1599,2018-11-05,-73.007,-22.5327,ASCAT,0.0,0.0,False,False,False,False,length_below_openberg_minimum
1600,2018-11-06,-73.0159,-22.6023,ASCAT,0.0,0.0,False,False,False,False,length_below_openberg_minimum
1601,2018-11-07,-73.0404,-22.6435,ASCAT,0.0,0.0,False,False,False,False,length_below_openberg_minimum
1602,2018-11-08,-73.0774,-22.6801,ASCAT,0.0,0.0,False,False,False,False,length_below_openberg_minimum
1603,2018-11-09,-73.1238,-22.7357,ASCAT,20372.0,7408.0,False,False,False,False,length_exceeds_openberg_maximum
1604,2018-11-10,-73.1764,-22.8341,ASCAT,0.0,0.0,False,False,False,False,length_below_openberg_minimum
1605,2018-11-11,-73.2659,-23.2757,ASCAT,0.0,0.0,False,False,False,False,length_below_openberg_minimum
1606,2018-11-12,-73.2659,-23.2757,ASCAT,0.0,0.0,False,False,False,False,length_below_openberg_minimum
1607,2018-11-13,-73.4599,-23.5829,ASCAT,0.0,0.0,False,False,False,False,length_below_openberg_minimum
1608,2018-11-14,-73.4272,-23.542,ASCAT,0.0,0.0,False,False,False,False,length_below_openberg_minimum
1609,2018-11-15,-73.4838,-23.6219,ASCAT,0.0,0.0,False,False,False,False,length_below_openberg_minimum
1610,2018-11-16,-73.45,-23.56,ASCAT,0.0,0.0,False,False,False,False,length_below_openberg_minimum
1611,2018-11-17,-73.5459,-23.9125,ASCAT,0.0,0.0,False,False,False,False,length_below_openberg_minimum
1612,2018-11-18,-73.6216,-24.1879,ASCAT,0.0,0.0,False,False,False,False,length_below_openberg_minimum
1613,2018-11-19,-73.7242,-24.5102,ASCAT,0.0,0.0,False,False,False,False,length_below_openberg_minimum
1614,2018-11-20,-73.7242,-24.5102,ASCAT,0.0,0.0,False,False,False,False,length_below_openberg_minimum
1615,2018-11-21,-73.7412,-24.7292,ASCAT,0.0,0.0,False,False,False,False,length_below_openberg_minimum
1616,2018-11-22,-73.7991,-25.5506,ASCAT,0.0,0.0,False,False,False,False,length_below_openberg_minimum
1617,2018-11-23,-73.9332,-26.0507,ASCAT,20372.0,7408.0,False,False,False,False,length_exceeds_openberg_maximum
1618,2018-11-24,-74.0504,-26.3473,ASCAT,0.0,0.0,False,False,False,False,length_below_openberg_minimum
1619,2018-11-25,-74.0504,-26.3473,ASCAT,0.0,0.0,False,False,False,False,length_below_openberg_minimum
1620,2018-11-26,-74.1659,-26.2471,ASCAT,0.0,0.0,False,False,False,False,length_below_openberg_minimum
1621,2018-11-27,-74.1659,-26.2471,ASCAT,0.0,0.0,False,False,False,False,length_below_openberg_minimum
1622,2018-11-28,-74.2522,-26.1073,ASCAT,0.0,0.0,False,False,False,False,length_below_openberg_minimum
1623,2018-11-29,-74.2522,-26.1073,ASCAT,0.0,0.0,False,False,False,False,length_below_openberg_minimum
1624,2018-11-30,-74.3787,-26.2477,ASCAT,20372.0,7408.0,False,False,False,False,length_exceeds_openberg_maximum
1625,2018-12-01,-74.4212,-26.3606,ASCAT,0.0,0.0,False,False,False,False,length_below_openberg_minimum
1626,2018-12-02,-74.5663,-26.2775,ASCAT,0.0,0.0,False,False,False,False,length_below_openberg_minimum
1627,2018-12-03,-74.6104,-25.9499,ASCAT,0.0,0.0,False,False,False,False,length_below_openberg_minimum
1628,2018-12-04,-74.6874,-26.2137,ASCAT,0.0,0.0,False,False,False,False,length_below_openberg_minimum
1629,2018-12-05,-74.6874,-26.2137,ASCAT,0.0,0.0,False,False,False,False,length_below_openberg_minimum
1630,2018-12-06,-74.7173,-26.1625,ASCAT,0.0,0.0,False,False,False,False,length_below_openberg_minimum
1631,2018-12-07,-74.7173,-26.1625,ASCAT,0.0,0.0,False,False,False,False,length_below_openberg_minimum
1632,2018-12-08,-74.7173,-26.1625,ASCAT,0.0,0.0,False,False,False,False,length_below_openberg_minimum
1633,2018-12-09,-74.7086,-26.1464,ASCAT,0.0,0.0,False,False,False,False,length_below_openberg_minimum
1634,2018-12-10,-74.6795,-26.199,ASCAT,0.0,0.0,False,False,False,False,length_below_openberg_minimum
1635,2018-12-11,-74.6568,-26.3698,ASCAT,0.0,0.0,False,False,False,False,length_below_openberg_minimum
1636,2018-12-12,-74.6513,-26.6648,ASCAT,0.0,0.0,False,False,False,False,length_below_openberg_minimum
1637,2018-12-13,-74.6513,-26.6648,ASCAT,0.0,0.0,False,False,False,False,length_below_openberg_minimum
1638,2018-12-14,-74.6741,-26.6649,ASCAT,20372.0,7408.0,False,False,False,False,length_exceeds_openberg_maximum
1639,2018-12-15,-74.6346,-26.6256,ASCAT,0.0,0.0,False,False,False,False,length_below_openberg_minimum
1640,2018-12-16,-74.6346,-26.6256,ASCAT,0.0,0.0,False,False,False,False,length_below_openberg_minimum
1641,2018-12-17,-74.6346,-26.6256,ASCAT,0.0,0.0,False,False,False,False,length_below_openberg_minimum
1642,2018-12-18,-74.6346,-26.6256,ASCAT,0.0,0.0,False,False,False,False,length_below_openberg_minimum
1643,2018-12-19,-74.7783,-26.9723,ASCAT,0.0,0.0,False,False,False,False,length_below_openberg_minimum
1644,2018-12-20,-74.8522,-27.1084,ASCAT,0.0,0.0,False,False,False,False,length_below_openberg_minimum
1645,2018-12-21,-74.8522,-27.1084,ASCAT,20372.0,7408.0,False,False,False,False,length_exceeds_openberg_maximum
1646,2018-12-22,-74.8522,-27.1084,ASCAT,0.0,0.0,False,False,False,False,length_below_openberg_minimum
1647,2018-12-23,-74.8896,-27.2548,ASCAT,0.0,0.0,False,False,False,False,length_below_openberg_minimum
1648,2018-12-24,-74.8896,-27.2548,ASCAT,0.0,0.0,False,False,False,False,length_below_openberg_minimum
1649,2018-12-25,-74.8896,-27.2548,ASCAT,0.0,0.0,False,False,False,False,length_below_openberg_minimum
1650,2018-12-26,-74.8811,-27.2379,ASCAT,0.0,0.0,False,False,False,False,length_below_openberg_minimum
1651,2018-12-27,-74.8811,-27.2379,ASCAT,0.0,0.0,False,False,False,False,length_below_openberg_minimum
1652,2018-12-28,-74.8811,-27.2379,ASCAT,20372.0,7408.0,False,False,False,False,length_exceeds_openberg_maximum
1653,2018-12-29,-74.8811,-27.2379,ASCAT,0.0,0.0,False,False,False,False,length_below_openberg_minimum
1654,2018-12-30,-74.8811,-27.2379,ASCAT,0.0,0.0,False,False,False,False,length_below_openberg_minimum
1655,2018-12-31,-74.8811,-27.2379,ASCAT,0.0,0.0,False,False,False,False,length_below_openberg_minimum
1656,2019-01-01,-74.8811,-27.2379,ASCAT,0.0,0.0,False,False,False,False,length_below_openberg_minimum
1657,2019-01-02,-74.8811,-27.2379,ASCAT,0.0,0.0,False,False,False,False,length_below_openberg_minimum
1658,2019-01-03,-74.8451,-27.4212,ASCAT,0.0,0.0,False,False,False,False,length_below_openberg_minimum
1659,2019-01-04,-74.8451,-27.4212,ASCAT,20372.0,7408.0,False,False,False,False,length_exceeds_openberg_maximum
1660,2019-01-05,-74.8486,-27.5581,ASCAT,0.0,0.0,False,False,False,False,length_below_openberg_minimum
1661,2019-01-06,-74.8486,-27.5581,ASCAT,0.0,0.0,False,False,False,False,length_below_openberg_minimum
1662,2019-01-07,-74.8844,-27.6297,ASCAT,0.0,0.0,False,False,False,False,length_below_openberg_minimum
1663,2019-01-08,-74.923,-27.5977,ASCAT,0.0,0.0,False,False,False,False,length_below_openberg_minimum
1664,2019-01-09,-74.923,-27.5977,ASCAT,0.0,0.0,False,False,False,False,length_below_openberg_minimum
1665,2019-01-10,-74.9212,-27.4479,ASCAT,0.0,0.0,False,False,False,False,length_below_openberg_minimum
1666,2019-01-11,-74.9212,-27.4479,ASCAT,20372.0,7408.0,False,False,False,False,length_exceeds_openberg_maximum
1667,2019-01-12,-74.9212,-27.4479,ASCAT,0.0,0.0,False,False,False,False,length_below_openberg_minimum
1668,2019-01-13,-74.9212,-27.4479,ASCAT,0.0,0.0,False,False,False,False,length_below_openberg_minimum
1669,2019-01-14,-74.8807,-27.4113,ASCAT,0.0,0.0,False,False,False,False,length_below_openberg_minimum
1670,2019-01-15,-74.8807,-27.4113,ASCAT,0.0,0.0,False,False,False,False,length_below_openberg_minimum
1671,2019-01-16,-74.8807,-27.4113,ASCAT,0.0,0.0,False,False,False,False,length_below_openberg_minimum
1672,2019-01-17,-74.9022,-27.7466,ASCAT,0.0,0.0,False,False,False,False,length_below_openberg_minimum
1673,2019-01-18,-74.9022,-27.7466,ASCAT,20372.0,7408.0,False,False,False,False,length_exceeds_openberg_maximum
1674,2019-01-19,-74.9508,-27.6458,ASCAT,0.0,0.0,False,False,False,False,length_below_openberg_minimum
1675,2019-01-20,-74.9508,-27.6458,ASCAT,0.0,0.0,False,False,False,False,length_below_openberg_minimum
1676,2019-01-21,-75.008,-27.8064,ASCAT,0.0,0.0,False,False,False,False,length_below_openberg_minimum
1677,2019-01-22,-75.008,-27.8064,ASCAT,0.0,0.0,False,False,False,False,length_below_openberg_minimum
1678,2019-01-23,-75.008,-27.8064,ASCAT,0.0,0.0,False,False,False,False,length_below_openberg_minimum
1679,2019-01-24,-74.9776,-27.9523,ASCAT,0.0,0.0,False,False,False,False,length_below_openberg_minimum
1680,2019-01-25,-74.9776,-27.9523,ASCAT,20372.0,7408.0,False,False,False,False,length_exceeds_openberg_maximum
1681,2019-01-26,-74.9776,-27.9523,ASCAT,0.0,0.0,False,False,False,False,length_below_openberg_minimum
1682,2019-01-27,-74.9776,-27.9523,ASCAT,0.0,0.0,False,False,False,False,length_below_openberg_minimum
1683,2019-01-28,-74.9776,-27.9523,ASCAT,0.0,0.0,False,False,False,False,length_below_openberg_minimum
1684,2019-01-29,-74.9776,-27.9523,ASCAT,0.0,0.0,False,False,False,False,length_below_openberg_minimum
1685,2019-01-30,-74.8854,-28.1913,ASCAT,0.0,0.0,False,False,False,False,length_below_openberg_minimum
1686,2019-01-31,-74.8854,-28.1913,ASCAT,0.0,0.0,False,False,False,False,length_below_openberg_minimum
1687,2019-02-01,-74.8854,-28.1913,ASCAT,20372.0,7408.0,False,False,False,False,length_exceeds_openberg_maximum
1688,2019-02-02,-74.9424,-27.8702,ASCAT,0.0,0.0,False,False,False,False,length_below_openberg_minimum
1689,2019-02-03,-74.9424,-27.8702,ASCAT,0.0,0.0,False,False,False,False,length_below_openberg_minimum
1690,2019-02-04,-74.9424,-27.8702,ASCAT,0.0,0.0,False,False,False,False,length_below_openberg_minimum
1691,2019-02-05,-74.9424,-27.8702,ASCAT,0.0,0.0,False,False,False,False,length_below_openberg_minimum
1692,2019-02-06,-74.9445,-27.8597,ASCAT,0.0,0.0,False,False,False,False,length_below_openberg_minimum
1693,2019-02-07,-74.9499,-27.8325,ASCAT,0.0,0.0,False,False,False,False,length_below_openberg_minimum
1694,2019-02-08,-74.9572,-27.7953,ASCAT,20372.0,7408.0,False,False,False,False,length_exceeds_openberg_maximum
1695,2019-02-09,-74.9652,-27.7549,ASCAT,0.0,0.0,False,False,False,False,length_below_openberg_minimum
1696,2019-02-10,-74.9725,-27.7177,ASCAT,0.0,0.0,False,False,False,False,length_below_openberg_minimum
1697,2019-02-11,-74.9779,-27.6905,ASCAT,0.0,0.0,False,False,False,False,length_below_openberg_minimum
1698,2019-02-12,-74.98,-27.68,ASCAT,0.0,0.0,False,False,False,False,length_below_openberg_minimum
1699,2019-02-13,-74.98,-27.68,ASCAT,0.0,0.0,False,False,False,False,length_below_openberg_minimum
1700,2019-02-14,-74.98,-27.68,ASCAT,0.0,0.0,False,False,False,False,length_below_openberg_minimum
1701,2019-02-15,-74.9874,-27.6718,ASCAT,20372.0,7408.0,False,False,False,False,length_exceeds_openberg_maximum
1702,2019-02-16,-75.0072,-27.6499,ASCAT,0.0,0.0,False,False,False,False,length_below_openberg_minimum
1703,2019-02-17,-75.0358,-27.6181,ASCAT,0.0,0.0,False,False,False,False,length_below_openberg_minimum
1704,2019-02-18,-75.0698,-27.5804,ASCAT,0.0,0.0,False,False,False,False,length_below_openberg_minimum
1705,2019-02-19,-75.1056,-27.5408,ASCAT,0.0,0.0,False,False,False,False,length_below_openberg_minimum
1706,2019-02-20,-75.1396,-27.5031,ASCAT,0.0,0.0,False,False,False,False,length_below_openberg_minimum
1707,2019-02-21,-75.1682,-27.4713,ASCAT,0.0,0.0,False,False,False,False,length_below_openberg_minimum
1708,2019-02-22,-75.188,-27.4494,ASCAT,20372.0,7408.0,False,False,False,False,length_exceeds_openberg_maximum
1709,2019-02-23,-75.1954,-27.4412,ASCAT,0.0,0.0,False,False,False,False,length_below_openberg_minimum
1710,2019-02-24,-75.1954,-27.4412,ASCAT,0.0,0.0,False,False,False,False,length_below_openberg_minimum
1711,2019-02-25,-75.1861,-27.4224,ASCAT,0.0,0.0,False,False,False,False,length_below_openberg_minimum
1712,2019-02-26,-75.2511,-27.4427,ASCAT,0.0,0.0,False,False,False,False,length_below_openberg_minimum
1713,2019-02-27,-75.2865,-27.5339,ASCAT,0.0,0.0,False,False,False,False,length_below_openberg_minimum
1714,2019-02-28,-75.3359,-27.4986,ASCAT,0.0,0.0,False,False,False,False,length_below_openberg_minimum
1715,2019-03-01,-75.3359,-27.4986,ASCAT,20372.0,7408.0,False,False,False,False,length_exceeds_openberg_maximum
1716,2019-03-02,-75.4045,-27.5888,ASCAT,0.0,0.0,False,False,False,False,length_below_openberg_minimum
1717,2019-03-03,-75.4045,-27.5888,ASCAT,0.0,0.0,False,False,False,False,length_below_openberg_minimum
1718,2019-03-04,-75.4045,-27.5888,ASCAT,0.0,0.0,False,False,False,False,length_below_openberg_minimum
1719,2019-03-05,-75.4899,-27.8977,ASCAT,0.0,0.0,False,False,False,False,length_below_openberg_minimum
1720,2019-03-06,-75.4899,-27.8977,ASCAT,0.0,0.0,False,False,False,False,length_below_openberg_minimum
1721,2019-03-07,-75.6053,-27.9759,ASCAT,0.0,0.0,False,False,False,False,length_below_openberg_minimum
1722,2019-03-08,-75.7629,-27.6414,ASCAT,20372.0,7408.0,False,False,False,False,length_exceeds_openberg_maximum
1723,2019-03-09,-75.8743,-27.7573,ASCAT,0.0,0.0,False,False,False,False,length_below_openberg_minimum
1724,2019-03-10,-75.9358,-27.6211,ASCAT,0.0,0.0,False,False,False,False,length_below_openberg_minimum
1725,2019-03-11,-75.7992,-28.0237,NIC,0.0,0.0,False,False,False,False,length_below_openberg_minimum
1726,2019-03-12,-75.8733,-28.0096,NIC,0.0,0.0,False,False,False,False,length_below_openberg_minimum
1727,2019-03-13,-75.9423,-27.9965,NIC,0.0,0.0,False,False,False,False,length_below_openberg_minimum
1728,2019-03-14,-76.0025,-27.987,NIC,0.0,0.0,False,False,False,False,length_below_openberg_minimum
1729,2019-03-15,-76.05,-27.9833,NIC,20372.0,7408.0,False,False,False,False,length_exceeds_openberg_maximum
1730,2019-03-16,-76.0879,-28.0001,NIC,0.0,0.0,False,False,False,False,length_below_openberg_minimum
1731,2019-03-17,-76.1219,-28.0465,NIC,0.0,0.0,False,False,False,False,length_below_openberg_minimum
1732,2019-03-18,-76.1524,-28.116,NIC,0.0,0.0,False,False,False,False,length_below_openberg_minimum
1733,2019-03-19,-76.18,-28.2024,NIC,0.0,0.0,False,False,False,False,length_below_openberg_minimum
1734,2019-03-20,-76.2052,-28.2994,NIC,0.0,0.0,False,False,False,False,length_below_openberg_minimum
1735,2019-03-21,-76.2283,-28.4007,NIC,0.0,0.0,False,False,False,False,length_below_openberg_minimum
1736,2019-03-22,-76.25,-28.5,NIC,20372.0,7408.0,False,False,False,False,length_exceeds_openberg_maximum
1737,2019-03-23,-76.2719,-28.6143,NIC,0.0,0.0,False,False,False,False,length_below_openberg_minimum
1738,2019-03-24,-76.2946,-28.7568,NIC,0.0,0.0,False,False,False,False,length_below_openberg_minimum
1739,2019-03-25,-76.3166,-28.9153,NIC,0.0,0.0,False,False,False,False,length_below_openberg_minimum
1740,2019-03-26,-76.3362,-29.0777,NIC,0.0,0.0,False,False,False,False,length_below_openberg_minimum
1741,2019-03-27,-76.3522,-29.2318,NIC,0.0,0.0,False,False,False,False,length_below_openberg_minimum
1742,2019-03-28,-76.3628,-29.3655,NIC,0.0,0.0,False,False,False,False,length_below_openberg_minimum
1743,2019-03-29,-76.3667,-29.4667,NIC,20372.0,7408.0,False,False,False,False,length_exceeds_openberg_maximum
1744,2019-03-30,-76.3656,-29.5429,NIC,0.0,0.0,False,False,False,False,length_below_openberg_minimum
1745,2019-03-31,-76.3627,-29.6105,NIC,0.0,0.0,False,False,False,False,length_below_openberg_minimum
1746,2019-04-01,-76.3582,-29.671,NIC,0.0,0.0,False,False,False,False,length_below_openberg_minimum
1747,2019-04-02,-76.3527,-29.7256,NIC,0.0,0.0,False,False,False,False,length_below_openberg_minimum
1748,2019-04-03,-76.3464,-29.7755,NIC,0.0,0.0,False,False,False,False,length_below_openberg_minimum
1749,2019-04-04,-76.3398,-29.8221,NIC,0.0,0.0,False,False,False,False,length_below_openberg_minimum
1750,2019-04-05,-76.3333,-29.8667,NIC,20372.0,7408.0,False,False,False,False,length_exceeds_openberg_maximum
1751,2019-04-06,-76.3249,-29.9054,NIC,0.0,0.0,False,False,False,False,length_below_openberg_minimum
1752,2019-04-07,-76.3136,-29.9365,NIC,0.0,0.0,False,False,False,False,length_below_openberg_minimum
1753,2019-04-08,-76.3009,-29.9638,NIC,0.0,0.0,False,False,False,False,length_below_openberg_minimum
1754,2019-04-09,-76.2882,-29.9914,NIC,0.0,0.0,False,False,False,False,length_below_openberg_minimum
1755,2019-04-10,-76.2773,-30.0235,NIC,0.0,0.0,False,False,False,False,length_below_openberg_minimum
1756,2019-04-11,-76.2696,-30.0639,NIC,0.0,0.0,False,False,False,False,length_below_openberg_minimum
1757,2019-04-12,-76.2667,-30.1167,NIC,20372.0,7408.0,False,False,False,False,length_exceeds_openberg_maximum
1758,2019-04-13,-76.283,-30.2146,NIC,0.0,0.0,False,False,False,False,length_below_openberg_minimum
1759,2019-04-14,-76.326,-30.3753,NIC,0.0,0.0,False,False,False,False,length_below_openberg_minimum
1760,2019-04-15,-76.3869,-30.5806,NIC,0.0,0.0,False,False,False,False,length_below_openberg_minimum
1761,2019-04-16,-76.4569,-30.8123,NIC,0.0,0.0,False,False,False,False,length_below_openberg_minimum
1762,2019-04-17,-76.5272,-31.0521,NIC,0.0,0.0,False,False,False,False,length_below_openberg_minimum
1763,2019-04-18,-76.5889,-31.2819,NIC,0.0,0.0,False,False,False,False,length_below_openberg_minimum
1764,2019-04-19,-76.6333,-31.4833,NIC,20372.0,7408.0,False,False,False,False,length_exceeds_openberg_maximum
1765,2019-04-20,-76.6628,-31.6603,NIC,0.0,0.0,False,False,False,False,length_below_openberg_minimum
1766,2019-04-21,-76.687,-31.8306,NIC,0.0,0.0,False,False,False,False,length_below_openberg_minimum
1767,2019-04-22,-76.7081,-31.9965,NIC,0.0,0.0,False,False,False,False,length_below_openberg_minimum
1768,2019-04-23,-76.7279,-32.1607,NIC,0.0,0.0,False,False,False,False,length_below_openberg_minimum
1769,2019-04-24,-76.7485,-32.3254,NIC,0.0,0.0,False,False,False,False,length_below_openberg_minimum
1770,2019-04-25,-76.8112,-32.9486,ASCAT,0.0,0.0,False,False,False,False,length_below_openberg_minimum
1771,2019-04-26,-76.8472,-33.061,ASCAT,20372.0,7408.0,False,False,False,False,length_exceeds_openberg_maximum
1772,2019-04-27,-76.8946,-33.1626,ASCAT,0.0,0.0,False,False,False,False,length_below_openberg_minimum
1773,2019-04-28,-76.9494,-33.2592,ASCAT,0.0,0.0,False,False,False,False,length_below_openberg_minimum
1774,2019-04-29,-77.0072,-33.3563,ASCAT,0.0,0.0,False,False,False,False,length_below_openberg_minimum
1775,2019-04-30,-77.0639,-33.4597,ASCAT,0.0,0.0,False,False,False,False,length_below_openberg_minimum
1776,2019-05-01,-77.1154,-33.5749,ASCAT,0.0,0.0,False,False,False,False,length_below_openberg_minimum
1777,2019-05-02,-77.1573,-33.7077,ASCAT,0.0,0.0,False,False,False,False,length_below_openberg_minimum
1778,2019-05-03,-77.1856,-33.8636,ASCAT,20372.0,7408.0,False,False,False,False,length_exceeds_openberg_maximum
1779,2019-05-04,-77.1959,-34.0483,ASCAT,0.0,0.0,False,False,False,False,length_below_openberg_minimum
1780,2019-05-05,-77.1833,-34.3692,ASCAT,0.0,0.0,False,False,False,False,length_below_openberg_minimum
1781,2019-05-06,-77.2079,-34.2005,ASCAT,0.0,0.0,False,False,False,False,length_below_openberg_minimum
1782,2019-05-07,-77.2707,-34.2594,NIC,0.0,0.0,False,False,False,False,length_below_openberg_minimum
1783,2019-05-08,-77.3008,-34.3121,NIC,0.0,0.0,False,False,False,False,length_below_openberg_minimum
1784,2019-05-09,-77.3225,-34.3586,NIC,0.0,0.0,False,False,False,False,length_below_openberg_minimum
1785,2019-05-10,-77.3333,-34.4,NIC,20372.0,7408.0,False,False,False,False,length_exceeds_openberg_maximum
1786,2019-05-11,-77.3371,-34.4359,NIC,0.0,0.0,False,False,False,False,length_below_openberg_minimum
1787,2019-05-12,-77.3398,-34.4666,NIC,0.0,0.0,False,False,False,False,length_below_openberg_minimum
1788,2019-05-13,-77.3419,-34.4937,NIC,0.0,0.0,False,False,False,False,length_below_openberg_minimum
1789,2019-05-14,-77.3436,-34.5189,NIC,0.0,0.0,False,False,False,False,length_below_openberg_minimum
1790,2019-05-15,-77.3453,-34.5439,NIC,0.0,0.0,False,False,False,False,length_below_openberg_minimum
1791,2019-05-16,-77.3473,-34.5704,NIC,0.0,0.0,False,False,False,False,length_below_openberg_minimum
1792,2019-05-17,-77.35,-34.6,NIC,20372.0,7408.0,False,False,False,False,length_exceeds_openberg_maximum
1793,2019-05-18,-77.3533,-34.6309,NIC,0.0,0.0,False,False,False,False,length_below_openberg_minimum
1794,2019-05-19,-77.3569,-34.6612,NIC,0.0,0.0,False,False,False,False,length_below_openberg_minimum
1795,2019-05-20,-77.361,-34.6922,NIC,0.0,0.0,False,False,False,False,length_below_openberg_minimum
1796,2019-05-21,-77.3655,-34.7251,NIC,0.0,0.0,False,False,False,False,length_below_openberg_minimum
1797,2019-05-22,-77.3707,-34.7615,NIC,0.0,0.0,False,False,False,False,length_below_openberg_minimum
1798,2019-05-23,-77.3766,-34.8027,NIC,0.0,0.0,False,False,False,False,length_below_openberg_minimum
1799,2019-05-24,-77.3833,-34.85,NIC,20372.0,7408.0,False,False,False,False,length_exceeds_openberg_maximum
1800,2019-05-25,-77.3941,-34.9204,NIC,0.0,0.0,False,False,False,False,length_below_openberg_minimum
1801,2019-05-26,-77.4143,-35.033,ASCAT,0.0,0.0,False,False,False,False,length_below_openberg_minimum
1802,2019-05-27,-77.4143,-35.033,ASCAT,0.0,0.0,False,False,False,False,length_below_openberg_minimum
1803,2019-05-28,-77.4665,-35.26,ASCAT,0.0,0.0,False,False,False,False,length_below_openberg_minimum
1804,2019-05-29,-77.5338,-35.4703,ASCAT,0.0,0.0,False,False,False,False,length_below_openberg_minimum
1805,2019-05-30,-77.5338,-35.4703,ASCAT,0.0,0.0,False,False,False,False,length_below_openberg_minimum
1806,2019-05-31,-77.4548,-35.5089,ASCAT,20372.0,7408.0,False,False,False,False,length_exceeds_openberg_maximum
1807,2019-06-01,-77.4353,-35.5458,ASCAT,0.0,0.0,False,False,False,False,length_below_openberg_minimum
1808,2019-06-02,-77.4218,-35.5829,ASCAT,0.0,0.0,False,False,False,False,length_below_openberg_minimum
1809,2019-06-03,-77.4139,-35.6115,ASCAT,0.0,0.0,False,False,False,False,length_below_openberg_minimum
1810,2019-06-04,-77.4113,-35.623,ASCAT,0.0,0.0,False,False,False,False,length_below_openberg_minimum
1811,2019-06-05,-77.4113,-35.623,ASCAT,0.0,0.0,False,False,False,False,length_below_openberg_minimum
1812,2019-06-06,-77.4113,-35.623,ASCAT,0.0,0.0,False,False,False,False,length_below_openberg_minimum
1813,2019-06-07,-77.3966,-35.4794,ASCAT,20372.0,7408.0,False,False,False,False,length_exceeds_openberg_maximum
1814,2019-06-08,-77.3281,-35.3619,ASCAT,0.0,0.0,False,False,False,False,length_below_openberg_minimum
1815,2019-06-09,-77.3301,-35.2636,ASCAT,0.0,0.0,False,False,False,False,length_below_openberg_minimum
1816,2019-06-10,-77.3913,-35.4246,ASCAT,0.0,0.0,False,False,False,False,length_below_openberg_minimum
1817,2019-06-11,-77.392,-35.4267,ASCAT,0.0,0.0,False,False,False,False,length_below_openberg_minimum
1818,2019-06-12,-77.3801,-35.3438,ASCAT,0.0,0.0,False,False,False,False,length_below_openberg_minimum
1819,2019-06-13,-77.5199,-35.4176,ASCAT,0.0,0.0,False,False,False,False,length_below_openberg_minimum
1820,2019-06-14,-77.6687,-35.8374,ASCAT,20372.0,7408.0,False,False,False,False,length_exceeds_openberg_maximum
1821,2019-06-15,-77.6687,-35.8374,ASCAT,0.0,0.0,False,False,False,False,length_below_openberg_minimum
1822,2019-06-16,-77.6687,-35.8374,ASCAT,0.0,0.0,False,False,False,False,length_below_openberg_minimum
1823,2019-06-17,-77.6687,-35.8374,ASCAT,0.0,0.0,False,False,False,False,length_below_openberg_minimum
1824,2019-06-18,-77.6747,-35.8579,ASCAT,0.0,0.0,False,False,False,False,length_below_openberg_minimum
1825,2019-06-19,-77.6747,-35.8579,ASCAT,0.0,0.0,False,False,False,False,length_below_openberg_minimum
1826,2019-06-20,-77.6747,-35.8579,ASCAT,0.0,0.0,False,False,False,False,length_below_openberg_minimum
1827,2019-06-21,-77.5701,-35.951,ASCAT,20372.0,7408.0,False,False,False,False,length_exceeds_openberg_maximum
1828,2019-06-22,-77.5701,-35.951,ASCAT,0.0,0.0,False,False,False,False,length_below_openberg_minimum
1829,2019-06-23,-77.4566,-36.0342,ASCAT,0.0,0.0,False,False,False,False,length_below_openberg_minimum
1830,2019-06-24,-77.3432,-36.1158,ASCAT,0.0,0.0,False,False,False,False,length_below_openberg_minimum
1831,2019-06-25,-77.2297,-36.196,ASCAT,0.0,0.0,False,False,False,False,length_below_openberg_minimum
1832,2019-06-26,-77.2297,-36.196,ASCAT,0.0,0.0,False,False,False,False,length_below_openberg_minimum
1833,2019-06-27,-77.1016,-36.442,ASCAT,0.0,0.0,False,False,False,False,length_below_openberg_minimum
1834,2019-06-28,-77.0698,-36.4215,ASCAT,20372.0,7408.0,False,False,False,False,length_exceeds_openberg_maximum
1835,2019-06-29,-77.0201,-36.342,ASCAT,0.0,0.0,False,False,False,False,length_below_openberg_minimum
1836,2019-06-30,-77.0135,-36.0768,ASCAT,0.0,0.0,False,False,False,False,length_below_openberg_minimum
1837,2019-07-01,-76.969,-36.2685,ASCAT,0.0,0.0,False,False,False,False,length_below_openberg_minimum
1838,2019-07-02,-76.9307,-36.2739,ASCAT,0.0,0.0,False,False,False,False,length_below_openberg_minimum
1839,2019-07-03,-76.9483,-36.089,ASCAT,0.0,0.0,False,False,False,False,length_below_openberg_minimum
1840,2019-07-04,-76.9897,-36.1397,ASCAT,0.0,0.0,False,False,False,False,length_below_openberg_minimum
1841,2019-07-05,-77.1712,-35.9435,ASCAT,20372.0,7408.0,False,False,False,False,length_exceeds_openberg_maximum
1842,2019-07-06,-77.264,-35.9937,ASCAT,0.0,0.0,False,False,False,False,length_below_openberg_minimum
1843,2019-07-07,-77.2292,-35.9843,ASCAT,0.0,0.0,False,False,False,False,length_below_openberg_minimum
1844,2019-07-08,-77.0628,-36.2403,ASCAT,0.0,0.0,False,False,False,False,length_below_openberg_minimum
1845,2019-07-09,-77.0628,-36.2403,ASCAT,0.0,0.0,False,False,False,False,length_below_openberg_minimum
1846,2019-07-10,-77.1519,-36.069,ASCAT,0.0,0.0,False,False,False,False,length_below_openberg_minimum
1847,2019-07-11,-77.0627,-36.3138,ASCAT,0.0,0.0,False,False,False,False,length_below_openberg_minimum
1848,2019-07-12,-76.9495,-36.3916,ASCAT,20372.0,7408.0,False,False,False,False,length_exceeds_openberg_maximum
1849,2019-07-13,-76.9495,-36.3916,ASCAT,0.0,0.0,False,False,False,False,length_below_openberg_minimum
1850,2019-07-14,-76.8562,-36.3472,ASCAT,0.0,0.0,False,False,False,False,length_below_openberg_minimum
1851,2019-07-15,-76.7918,-36.1305,ASCAT,0.0,0.0,False,False,False,False,length_below_openberg_minimum
1852,2019-07-16,-76.7,-35.9307,ASCAT,0.0,0.0,False,False,False,False,length_below_openberg_minimum
1853,2019-07-17,-76.818,-35.8831,ASCAT,0.0,0.0,False,False,False,False,length_below_openberg_minimum
1854,2019-07-18,-76.9361,-36.0033,ASCAT,0.0,0.0,False,False,False,False,length_below_openberg_minimum
1855,2019-07-19,-76.9134,-35.9963,ASCAT,0.0,0.0,False,False,False,False,length_below_openberg_minimum
1856,2019-07-20,-76.9134,-35.9963,ASCAT,0.0,0.0,False,False,False,False,length_below_openberg_minimum
1857,2019-07-21,-77.151,-36.292,ASCAT,0.0,0.0,False,False,False,False,length_below_openberg_minimum
1858,2019-07-22,-77.151,-36.292,ASCAT,0.0,0.0,False,False,False,False,length_below_openberg_minimum
1859,2019-07-23,-77.2841,-36.5656,ASCAT,0.0,0.0,False,False,False,False,length_below_openberg_minimum
1860,2019-07-24,-77.2841,-36.5656,ASCAT,0.0,0.0,False,False,False,False,length_below_openberg_minimum
1861,2019-07-25,-77.185,-36.7203,ASCAT,0.0,0.0,False,False,False,False,length_below_openberg_minimum
1862,2019-07-26,-77.185,-36.7203,ASCAT,0.0,0.0,False,False,False,False,length_below_openberg_minimum
1863,2019-07-27,-77.2622,-37.0094,ASCAT,0.0,0.0,False,False,False,False,length_below_openberg_minimum
1864,2019-07-28,-77.404,-37.452,ASCAT,0.0,0.0,False,False,False,False,length_below_openberg_minimum
1865,2019-07-29,-77.432,-37.5998,ASCAT,0.0,0.0,False,False,False,False,length_below_openberg_minimum
1866,2019-07-30,-77.432,-37.5998,ASCAT,0.0,0.0,False,False,False,False,length_below_openberg_minimum
1867,2019-07-31,-77.432,-37.5998,ASCAT,0.0,0.0,False,False,False,False,length_below_openberg_minimum
1868,2019-08-01,-77.3447,-37.2937,ASCAT,0.0,0.0,False,False,False,False,length_below_openberg_minimum
1869,2019-08-02,-77.3447,-37.2937,ASCAT,0.0,0.0,False,False,False,False,length_below_openberg_minimum
1870,2019-08-03,-77.3447,-37.2937,ASCAT,0.0,0.0,False,False,False,False,length_below_openberg_minimum
1871,2019-08-04,-77.3666,-37.3961,ASCAT,0.0,0.0,False,False,False,False,length_below_openberg_minimum
1872,2019-08-05,-77.4073,-37.5861,ASCAT,0.0,0.0,False,False,False,False,length_below_openberg_minimum
1873,2019-08-06,-77.4292,-37.6885,ASCAT,0.0,0.0,False,False,False,False,length_below_openberg_minimum
1874,2019-08-07,-77.4292,-37.6885,ASCAT,0.0,0.0,False,False,False,False,length_below_openberg_minimum
1875,2019-08-08,-77.4687,-38.0665,ASCAT,0.0,0.0,False,False,False,False,length_below_openberg_minimum
1876,2019-08-09,-77.46,-37.98,ASCAT,0.0,0.0,False,False,False,False,length_below_openberg_minimum
1877,2019-08-10,-77.46,-37.98,ASCAT,0.0,0.0,False,False,False,False,length_below_openberg_minimum
1878,2019-08-11,-77.46,-37.98,ASCAT,0.0,0.0,False,False,False,False,length_below_openberg_minimum
1879,2019-08-12,-77.4271,-38.164,ASCAT,0.0,0.0,False,False,False,False,length_below_openberg_minimum
1880,2019-08-13,-77.4004,-38.2448,ASCAT,0.0,0.0,False,False,False,False,length_below_openberg_minimum
1881,2019-08-14,-77.4687,-38.1447,ASCAT,0.0,0.0,False,False,False,False,length_below_openberg_minimum
1882,2019-08-15,-77.5126,-38.415,ASCAT,0.0,0.0,False,False,False,False,length_below_openberg_minimum
1883,2019-08-16,-77.5,-38.4,NIC,20372.0,7408.0,False,False,False,False,length_exceeds_openberg_maximum
1884,2019-08-17,-77.4779,-38.4797,NIC,0.0,0.0,False,False,False,False,length_below_openberg_minimum
1885,2019-08-18,-77.4186,-38.5753,NIC,0.0,0.0,False,False,False,False,length_below_openberg_minimum
1886,2019-08-19,-77.3327,-38.6767,NIC,0.0,0.0,False,False,False,False,length_below_openberg_minimum
1887,2019-08-20,-77.2307,-38.7735,NIC,0.0,0.0,False,False,False,False,length_below_openberg_minimum
1888,2019-08-21,-77.1231,-38.8554,NIC,0.0,0.0,False,False,False,False,length_below_openberg_minimum
1889,2019-08-22,-77.0205,-38.9121,NIC,0.0,0.0,False,False,False,False,length_below_openberg_minimum
1890,2019-08-23,-76.9333,-38.9333,NIC,20372.0,7408.0,False,False,False,False,length_exceeds_openberg_maximum
1891,2019-08-24,-76.8591,-38.9278,NIC,0.0,0.0,False,False,False,False,length_below_openberg_minimum
1892,2019-08-25,-76.7877,-38.9135,NIC,0.0,0.0,False,False,False,False,length_below_openberg_minimum
1893,2019-08-26,-76.7179,-38.8939,NIC,0.0,0.0,False,False,False,False,length_below_openberg_minimum
1894,2019-08-27,-76.5398,-39.0607,ASCAT,0.0,0.0,False,False,False,False,length_below_openberg_minimum
1895,2019-08-28,-76.4711,-39.0088,ASCAT,0.0,0.0,False,False,False,False,length_below_openberg_minimum
1896,2019-08-29,-76.4591,-38.8647,ASCAT,0.0,0.0,False,False,False,False,length_below_openberg_minimum
1897,2019-08-30,-76.4789,-38.7569,ASCAT,20372.0,7408.0,False,False,False,False,length_exceeds_openberg_maximum
1898,2019-08-31,-76.4789,-38.7569,ASCAT,0.0,0.0,False,False,False,False,length_below_openberg_minimum
1899,2019-09-01,-76.4789,-38.7569,ASCAT,0.0,0.0,False,False,False,False,length_below_openberg_minimum
1900,2019-09-02,-76.3924,-38.7384,ASCAT,0.0,0.0,False,False,False,False,length_below_openberg_minimum
1901,2019-09-03,-76.1823,-39.0229,ASCAT,0.0,0.0,False,False,False,False,length_below_openberg_minimum
1902,2019-09-04,-76.0101,-39.0379,ASCAT,0.0,0.0,False,False,False,False,length_below_openberg_minimum
1903,2019-09-05,-75.9441,-39.1029,ASCAT,0.0,0.0,False,False,False,False,length_below_openberg_minimum
1904,2019-09-06,-75.8419,-38.8342,ASCAT,20372.0,7408.0,False,False,False,False,length_exceeds_openberg_maximum
1905,2019-09-07,-75.8775,-38.9071,ASCAT,0.0,0.0,False,False,False,False,length_below_openberg_minimum
1906,2019-09-08,-75.8775,-38.9071,ASCAT,0.0,0.0,False,False,False,False,length_below_openberg_minimum
1907,2019-09-09,-76.0159,-39.1899,ASCAT,0.0,0.0,False,False,False,False,length_below_openberg_minimum
1908,2019-09-10,-76.0762,-39.2225,ASCAT,0.0,0.0,False,False,False,False,length_below_openberg_minimum
1909,2019-09-11,-76.1953,-39.4108,ASCAT,0.0,0.0,False,False,False,False,length_below_openberg_minimum
1910,2019-09-12,-76.2543,-40.0424,ASCAT,0.0,0.0,False,False,False,False,length_below_openberg_minimum
1911,2019-09-13,-76.2598,-40.4151,ASCAT,20372.0,7408.0,False,False,False,False,length_exceeds_openberg_maximum
1912,2019-09-14,-76.2598,-40.4151,ASCAT,0.0,0.0,False,False,False,False,length_below_openberg_minimum
1913,2019-09-15,-76.2598,-40.4191,ASCAT,0.0,0.0,False,False,False,False,length_below_openberg_minimum
1914,2019-09-16,-76.2597,-40.4294,ASCAT,0.0,0.0,False,False,False,False,length_below_openberg_minimum
1915,2019-09-17,-76.2596,-40.4436,ASCAT,0.0,0.0,False,False,False,False,length_below_openberg_minimum
1916,2019-09-18,-76.2596,-40.4589,ASCAT,0.0,0.0,False,False,False,False,length_below_openberg_minimum
1917,2019-09-19,-76.2595,-40.4731,ASCAT,0.0,0.0,False,False,False,False,length_below_openberg_minimum
1918,2019-09-20,-76.2594,-40.4834,ASCAT,20372.0,7408.0,False,False,False,False,length_exceeds_openberg_maximum
1919,2019-09-21,-76.2594,-40.4874,ASCAT,0.0,0.0,False,False,False,False,length_below_openberg_minimum
1920,2019-09-22,-76.2594,-40.4874,ASCAT,0.0,0.0,False,False,False,False,length_below_openberg_minimum
1921,2019-09-23,-76.2594,-40.4874,ASCAT,0.0,0.0,False,False,False,False,length_below_openberg_minimum
1922,2019-09-24,-76.257,-40.4831,ASCAT,0.0,0.0,False,False,False,False,length_below_openberg_minimum
1923,2019-09-25,-76.25,-40.4701,ASCAT,0.0,0.0,False,False,False,False,length_below_openberg_minimum
1924,2019-09-26,-76.2385,-40.4484,ASCAT,0.0,0.0,False,False,False,False,length_below_openberg_minimum
1925,2019-09-27,-76.2225,-40.418,ASCAT,20372.0,7408.0,False,False,False,False,length_exceeds_openberg_maximum
1926,2019-09-28,-76.2023,-40.3788,ASCAT,0.0,0.0,False,False,False,False,length_below_openberg_minimum
1927,2019-09-29,-76.1779,-40.3308,ASCAT,0.0,0.0,False,False,False,False,length_below_openberg_minimum
1928,2019-09-30,-76.1495,-40.2741,ASCAT,0.0,0.0,False,False,False,False,length_below_openberg_minimum
1929,2019-10-01,-76.1172,-40.2084,ASCAT,0.0,0.0,False,False,False,False,length_below_openberg_minimum
1930,2019-10-02,-76.0811,-40.1339,ASCAT,0.0,0.0,False,False,False,False,length_below_openberg_minimum
1931,2019-10-03,-76.0414,-40.0505,ASCAT,0.0,0.0,False,False,False,False,length_below_openberg_minimum
1932,2019-10-04,-75.9982,-39.9582,ASCAT,20372.0,7408.0,False,False,False,False,length_exceeds_openberg_maximum
1933,2019-10-05,-75.9516,-39.8569,ASCAT,0.0,0.0,False,False,False,False,length_below_openberg_minimum
1934,2019-10-06,-75.8563,-39.6123,ASCAT,0.0,0.0,False,False,False,False,length_below_openberg_minimum
1935,2019-10-07,-75.7828,-39.4542,ASCAT,0.0,0.0,False,False,False,False,length_below_openberg_minimum
1936,2019-10-08,-75.716,-39.2667,ASCAT,0.0,0.0,False,False,False,False,length_below_openberg_minimum
1937,2019-10-09,-75.7367,-39.1584,ASCAT,0.0,0.0,False,False,False,False,length_below_openberg_minimum
1938,2019-10-10,-75.7749,-39.1613,ASCAT,0.0,0.0,False,False,False,False,length_below_openberg_minimum
1939,2019-10-11,-75.7749,-39.1613,ASCAT,0.0,0.0,False,False,False,False,length_below_openberg_minimum
1940,2019-10-12,-75.7537,-39.0119,ASCAT,0.0,0.0,False,False,False,False,length_below_openberg_minimum
1941,2019-10-13,-75.5942,-38.7122,ASCAT,0.0,0.0,False,False,False,False,length_below_openberg_minimum
1942,2019-10-14,-75.5211,-38.2968,ASCAT,0.0,0.0,False,False,False,False,length_below_openberg_minimum
1943,2019-10-15,-75.5294,-38.1172,ASCAT,0.0,0.0,False,False,False,False,length_below_openberg_minimum
1944,2019-10-16,-75.4755,-38.0005,ASCAT,0.0,0.0,False,False,False,False,length_below_openberg_minimum
1945,2019-10-17,-75.3945,-37.6988,ASCAT,0.0,0.0,False,False,False,False,length_below_openberg_minimum
1946,2019-10-18,-75.3945,-37.6988,ASCAT,0.0,0.0,False,False,False,False,length_below_openberg_minimum
1947,2019-10-19,-75.6183,-37.9747,ASCAT,0.0,0.0,False,False,False,False,length_below_openberg_minimum
1948,2019-10-20,-75.7908,-38.4119,ASCAT,0.0,0.0,False,False,False,False,length_below_openberg_minimum
1949,2019-10-21,-75.8177,-38.9412,ASCAT,0.0,0.0,False,False,False,False,length_below_openberg_minimum
1950,2019-10-22,-75.8177,-38.9412,ASCAT,0.0,0.0,False,False,False,False,length_below_openberg_minimum
1951,2019-10-23,-75.8177,-38.9412,ASCAT,0.0,0.0,False,False,False,False,length_below_openberg_minimum
1952,2019-10-24,-75.8177,-38.9412,ASCAT,0.0,0.0,False,False,False,False,length_below_openberg_minimum
1953,2019-10-25,-75.8074,-39.0658,ASCAT,0.0,0.0,False,False,False,False,length_below_openberg_minimum
1954,2019-10-26,-75.8074,-39.0658,ASCAT,0.0,0.0,False,False,False,False,length_below_openberg_minimum
1955,2019-10-27,-75.8074,-39.0658,ASCAT,0.0,0.0,False,False,False,False,length_below_openberg_minimum
1956,2019-10-28,-75.7933,-38.8771,ASCAT,0.0,0.0,False,False,False,False,length_below_openberg_minimum
1957,2019-10-29,-75.7933,-38.8771,ASCAT,0.0,0.0,False,False,False,False,length_below_openberg_minimum
1958,2019-10-30,-75.8308,-39.0102,ASCAT,0.0,0.0,False,False,False,False,length_below_openberg_minimum
1959,2019-10-31,-75.8308,-39.0102,ASCAT,0.0,0.0,False,False,False,False,length_below_openberg_minimum
1960,2019-11-01,-75.8308,-39.0102,ASCAT,0.0,0.0,False,False,False,False,length_below_openberg_minimum
1961,2019-11-02,-75.8308,-39.0102,ASCAT,0.0,0.0,False,False,False,False,length_below_openberg_minimum
1962,2019-11-03,-75.8308,-39.0102,ASCAT,0.0,0.0,False,False,False,False,length_below_openberg_minimum
1963,2019-11-04,-75.8308,-39.0102,ASCAT,0.0,0.0,False,False,False,False,length_below_openberg_minimum
1964,2019-11-05,-75.8308,-39.0102,ASCAT,0.0,0.0,False,False,False,False,length_below_openberg_minimum
1965,2019-11-06,-75.8623,-39.1145,ASCAT,0.0,0.0,False,False,False,False,length_below_openberg_minimum
1966,2019-11-07,-75.8623,-39.1145,ASCAT,0.0,0.0,False,False,False,False,length_below_openberg_minimum
1967,2019-11-08,-75.9,-39.1333,NIC,20372.0,7408.0,False,False,False,False,length_exceeds_openberg_maximum
1968,2019-11-09,-75.9004,-39.1376,NIC,0.0,0.0,False,False,False,False,length_below_openberg_minimum
1969,2019-11-10,-75.9015,-39.1496,NIC,0.0,0.0,False,False,False,False,length_below_openberg_minimum
1970,2019-11-11,-75.9033,-39.1681,NIC,0.0,0.0,False,False,False,False,length_below_openberg_minimum
1971,2019-11-12,-75.9058,-39.192,NIC,0.0,0.0,False,False,False,False,length_below_openberg_minimum
1972,2019-11-13,-75.9089,-39.2199,NIC,0.0,0.0,False,False,False,False,length_below_openberg_minimum
1973,2019-11-14,-75.9125,-39.2508,NIC,0.0,0.0,False,False,False,False,length_below_openberg_minimum
1974,2019-11-15,-75.9167,-39.2833,NIC,20372.0,7408.0,False,False,False,False,length_exceeds_openberg_maximum
1975,2019-11-16,-75.932,-39.3332,NIC,0.0,0.0,False,False,False,False,length_below_openberg_minimum
1976,2019-11-17,-75.9642,-39.4092,NIC,0.0,0.0,False,False,False,False,length_below_openberg_minimum
1977,2019-11-18,-76.0063,-39.5,NIC,0.0,0.0,False,False,False,False,length_below_openberg_minimum
1978,2019-11-19,-76.0513,-39.5943,NIC,0.0,0.0,False,False,False,False,length_below_openberg_minimum
1979,2019-11-20,-76.0922,-39.6805,NIC,0.0,0.0,False,False,False,False,length_below_openberg_minimum
1980,2019-11-21,-76.1218,-39.7473,NIC,0.0,0.0,False,False,False,False,length_below_openberg_minimum
1981,2019-11-22,-76.1333,-39.7833,NIC,20372.0,7408.0,False,False,False,False,length_exceeds_openberg_maximum
1982,2019-11-23,-76.1328,-39.7989,NIC,0.0,0.0,False,False,False,False,length_below_openberg_minimum
1983,2019-11-24,-76.1315,-39.8121,NIC,0.0,0.0,False,False,False,False,length_below_openberg_minimum
1984,2019-11-25,-76.1294,-39.8232,NIC,0.0,0.0,False,False,False,False,length_below_openberg_minimum
1985,2019-11-26,-76.1267,-39.8324,NIC,0.0,0.0,False,False,False,False,length_below_openberg_minimum
1986,2019-11-27,-76.1236,-39.8397,NIC,0.0,0.0,False,False,False,False,length_below_openberg_minimum
1987,2019-11-28,-76.1202,-39.8456,NIC,0.0,0.0,False,False,False,False,length_below_openberg_minimum
1988,2019-11-29,-76.1167,-39.85,NIC,20372.0,7408.0,False,False,False,False,length_exceeds_openberg_maximum
1989,2019-11-30,-76.1124,-39.8537,NIC,0.0,0.0,False,False,False,False,length_below_openberg_minimum
1990,2019-12-01,-76.1068,-39.8572,NIC,0.0,0.0,False,False,False,False,length_below_openberg_minimum
1991,2019-12-02,-76.1001,-39.8603,NIC,0.0,0.0,False,False,False,False,length_below_openberg_minimum
1992,2019-12-03,-76.0925,-39.8629,NIC,0.0,0.0,False,False,False,False,length_below_openberg_minimum
1993,2019-12-04,-76.0843,-39.8649,NIC,0.0,0.0,False,False,False,False,length_below_openberg_minimum
1994,2019-12-05,-76.0756,-39.8662,NIC,0.0,0.0,False,False,False,False,length_below_openberg_minimum
1995,2019-12-06,-76.0667,-39.8667,NIC,20372.0,7408.0,False,False,False,False,length_exceeds_openberg_maximum
1996,2019-12-07,-76.0566,-39.8637,NIC,0.0,0.0,False,False,False,False,length_below_openberg_minimum
1997,2019-12-08,-76.0447,-39.8551,NIC,0.0,0.0,False,False,False,False,length_below_openberg_minimum
1998,2019-12-09,-76.0317,-39.8415,NIC,0.0,0.0,False,False,False,False,length_below_openberg_minimum
1999,2019-12-10,-76.0183,-39.8235,NIC,0.0,0.0,False,False,False,False,length_below_openberg_minimum
2000,2019-12-11,-76.0053,-39.8019,NIC,0.0,0.0,False,False,False,False,length_below_openberg_minimum
2001,2019-12-12,-75.9934,-39.7771,NIC,0.0,0.0,False,False,False,False,length_below_openberg_minimum
2002,2019-12-13,-75.9833,-39.75,NIC,20372.0,7408.0,False,False,False,False,length_exceeds_openberg_maximum
2003,2019-12-14,-75.974,-39.6968,NIC,0.0,0.0,False,False,False,False,length_below_openberg_minimum
2004,2019-12-15,-75.9703,-39.7492,ASCAT,0.0,0.0,False,False,False,False,length_below_openberg_minimum
2005,2019-12-16,-75.9863,-39.6129,ASCAT,0.0,0.0,False,False,False,False,length_below_openberg_minimum
2006,2019-12-17,-75.9863,-39.6129,ASCAT,0.0,0.0,False,False,False,False,length_below_openberg_minimum
2007,2019-12-18,-75.9396,-39.2522,NIC,0.0,0.0,False,False,False,False,length_below_openberg_minimum
2008,2019-12-19,-75.935,-39.1638,NIC,0.0,0.0,False,False,False,False,length_below_openberg_minimum
2009,2019-12-20,-75.9333,-39.1167,NIC,20372.0,7408.0,False,False,False,False,length_exceeds_openberg_maximum
2010,2019-12-21,-75.9435,-39.0974,NIC,0.0,0.0,False,False,False,False,length_below_openberg_minimum
2011,2019-12-22,-75.9697,-39.0813,NIC,0.0,0.0,False,False,False,False,length_below_openberg_minimum
2012,2019-12-23,-76.0055,-39.068,NIC,0.0,0.0,False,False,False,False,length_below_openberg_minimum
2013,2019-12-24,-76.0445,-39.057,NIC,0.0,0.0,False,False,False,False,length_below_openberg_minimum
2014,2019-12-25,-76.0803,-39.0479,NIC,0.0,0.0,False,False,False,False,length_below_openberg_minimum
2015,2019-12-26,-76.1065,-39.0401,NIC,0.0,0.0,False,False,False,False,length_below_openberg_minimum
2016,2019-12-27,-76.1167,-39.0333,NIC,20372.0,7408.0,False,False,False,False,length_exceeds_openberg_maximum
2017,2019-12-28,-76.1152,-39.0278,NIC,0.0,0.0,False,False,False,False,length_below_openberg_minimum
2018,2019-12-29,-76.1109,-39.0238,NIC,0.0,0.0,False,False,False,False,length_below_openberg_minimum
2019,2019-12-30,-76.104,-39.0207,NIC,0.0,0.0,False,False,False,False,length_below_openberg_minimum
2020,2019-12-31,-76.0949,-39.0178,NIC,0.0,0.0,False,False,False,False,length_below_openberg_minimum
2021,2020-01-01,-76.0778,-39.0124,NIC,0.0,0.0,False,False,False,False,length_below_openberg_minimum
2022,2020-01-02,-76.0645,-39.0072,NIC,0.0,0.0,False,False,False,False,length_below_openberg_minimum
2023,2020-01-03,-76.05,-39.0,NIC,20372.0,7408.0,False,False,False,False,length_exceeds_openberg_maximum
2024,2020-01-04,-76.0241,-38.9678,NIC,0.0,0.0,False,False,False,False,length_below_openberg_minimum
2025,2020-01-05,-75.9808,-38.8972,NIC,0.0,0.0,False,False,False,False,length_below_openberg_minimum
2026,2020-01-06,-75.9266,-38.8021,NIC,0.0,0.0,False,False,False,False,length_below_openberg_minimum
2027,2020-01-07,-75.7905,-38.6309,ASCAT,0.0,0.0,False,False,False,False,length_below_openberg_minimum
2028,2020-01-08,-75.7905,-38.6309,ASCAT,0.0,0.0,False,False,False,False,length_below_openberg_minimum
2029,2020-01-09,-75.757,-38.4693,ASCAT,0.0,0.0,False,False,False,False,length_below_openberg_minimum
2030,2020-01-10,-75.757,-38.4693,ASCAT,20372.0,7408.0,False,False,False,False,length_exceeds_openberg_maximum
2031,2020-01-11,-75.757,-38.4693,ASCAT,0.0,0.0,False,False,False,False,length_below_openberg_minimum
2032,2020-01-12,-75.7609,-38.4471,ASCAT,0.0,0.0,False,False,False,False,length_below_openberg_minimum
2033,2020-01-13,-75.7399,-38.4054,ASCAT,0.0,0.0,False,False,False,False,length_below_openberg_minimum
2034,2020-01-14,-75.6938,-38.3494,ASCAT,0.0,0.0,False,False,False,False,length_below_openberg_minimum
2035,2020-01-15,-75.6477,-38.3001,ASCAT,0.0,0.0,False,False,False,False,length_below_openberg_minimum
2036,2020-01-16,-75.6267,-38.279,ASCAT,0.0,0.0,False,False,False,False,length_below_openberg_minimum
2037,2020-01-17,-75.6267,-38.279,ASCAT,20372.0,7408.0,False,False,False,False,length_exceeds_openberg_maximum
2038,2020-01-18,-75.6267,-38.279,ASCAT,0.0,0.0,False,False,False,False,length_below_openberg_minimum
2039,2020-01-19,-75.6286,-38.3968,ASCAT,0.0,0.0,False,False,False,False,length_below_openberg_minimum
2040,2020-01-20,-75.6452,-38.5899,ASCAT,0.0,0.0,False,False,False,False,length_below_openberg_minimum
2041,2020-01-21,-75.7162,-38.6694,ASCAT,0.0,0.0,False,False,False,False,length_below_openberg_minimum
2042,2020-01-22,-75.8125,-38.7724,ASCAT,0.0,0.0,False,False,False,False,length_below_openberg_minimum
2043,2020-01-23,-75.817,-38.8851,ASCAT,0.0,0.0,False,False,False,False,length_below_openberg_minimum
2044,2020-01-24,-75.8658,-38.7703,ASCAT,20372.0,7408.0,False,False,False,False,length_exceeds_openberg_maximum
2045,2020-01-25,-75.9135,-38.7237,ASCAT,0.0,0.0,False,False,False,False,length_below_openberg_minimum
2046,2020-01-26,-75.9135,-38.7237,ASCAT,0.0,0.0,False,False,False,False,length_below_openberg_minimum
2047,2020-01-27,-75.8967,-38.6921,NIC,0.0,0.0,False,False,False,False,length_below_openberg_minimum
2048,2020-01-28,-75.8942,-38.5988,NIC,0.0,0.0,False,False,False,False,length_below_openberg_minimum
2049,2020-01-29,-75.8912,-38.4927,NIC,0.0,0.0,False,False,False,False,length_below_openberg_minimum
2050,2020-01-30,-75.8875,-38.3799,NIC,0.0,0.0,False,False,False,False,length_below_openberg_minimum
2051,2020-01-31,-75.8833,-38.2667,NIC,20372.0,7408.0,False,False,False,False,length_exceeds_openberg_maximum
2052,2020-02-01,-75.8696,-38.1351,NIC,0.0,0.0,False,False,False,False,length_below_openberg_minimum
2053,2020-02-02,-75.8407,-37.97,NIC,0.0,0.0,False,False,False,False,length_below_openberg_minimum
2054,2020-02-03,-75.8018,-37.7822,NIC,0.0,0.0,False,False,False,False,length_below_openberg_minimum
2055,2020-02-04,-75.7581,-37.5823,NIC,0.0,0.0,False,False,False,False,length_below_openberg_minimum
2056,2020-02-05,-75.7148,-37.381,NIC,0.0,0.0,False,False,False,False,length_below_openberg_minimum
2057,2020-02-06,-75.6771,-37.1889,NIC,0.0,0.0,False,False,False,False,length_below_openberg_minimum
2058,2020-02-07,-75.65,-37.0167,NIC,20372.0,7408.0,False,False,False,False,length_exceeds_openberg_maximum
2059,2020-02-08,-75.6321,-36.8447,NIC,0.0,0.0,False,False,False,False,length_below_openberg_minimum
2060,2020-02-09,-75.6175,-36.6565,NIC,0.0,0.0,False,False,False,False,length_below_openberg_minimum
2061,2020-02-10,-75.605,-36.4676,NIC,0.0,0.0,False,False,False,False,length_below_openberg_minimum
2062,2020-02-11,-75.5933,-36.2937,NIC,0.0,0.0,False,False,False,False,length_below_openberg_minimum
2063,2020-02-12,-75.5811,-36.1502,NIC,0.0,0.0,False,False,False,False,length_below_openberg_minimum
2064,2020-02-13,-75.5671,-36.0527,NIC,0.0,0.0,False,False,False,False,length_below_openberg_minimum
2065,2020-02-14,-75.55,-36.0167,NIC,20372.0,7408.0,False,False,False,False,length_exceeds_openberg_maximum
2066,2020-02-15,-75.5289,-36.0315,NIC,0.0,0.0,False,False,False,False,length_below_openberg_minimum
2067,2020-02-16,-75.5042,-36.0696,NIC,0.0,0.0,False,False,False,False,length_below_openberg_minimum
2068,2020-02-17,-75.4766,-36.1216,NIC,0.0,0.0,False,False,False,False,length_below_openberg_minimum
2069,2020-02-18,-75.4467,-36.1784,NIC,0.0,0.0,False,False,False,False,length_below_openberg_minimum
2070,2020-02-19,-75.4152,-36.2304,NIC,0.0,0.0,False,False,False,False,length_below_openberg_minimum
2071,2020-02-20,-75.3827,-36.2685,NIC,0.0,0.0,False,False,False,False,length_below_openberg_minimum
2072,2020-02-21,-75.35,-36.2833,NIC,20372.0,7408.0,False,False,False,False,length_exceeds_openberg_maximum
2073,2020-02-22,-75.3112,-36.2159,NIC,0.0,0.0,False,False,False,False,length_below_openberg_minimum
2074,2020-02-23,-75.2638,-36.0421,NIC,0.0,0.0,False,False,False,False,length_below_openberg_minimum
2075,2020-02-24,-75.213,-35.8045,NIC,0.0,0.0,False,False,False,False,length_below_openberg_minimum
2076,2020-02-25,-75.1643,-35.5455,NIC,0.0,0.0,False,False,False,False,length_below_openberg_minimum
2077,2020-02-26,-75.1228,-35.3079,NIC,0.0,0.0,False,False,False,False,length_below_openberg_minimum
2078,2020-02-27,-75.0941,-35.1341,NIC,0.0,0.0,False,False,False,False,length_below_openberg_minimum
2079,2020-02-28,-75.0833,-35.0667,NIC,20372.0,7408.0,False,False,False,False,length_exceeds_openberg_maximum
2080,2020-02-29,-75.0833,-35.0667,NIC,0.0,0.0,False,False,False,False,length_below_openberg_minimum
2081,2020-03-01,-75.0833,-35.0667,NIC,0.0,0.0,False,False,False,False,length_below_openberg_minimum
2082,2020-03-02,-74.8044,-34.9808,ASCAT,0.0,0.0,False,False,False,False,length_below_openberg_minimum
2083,2020-03-03,-74.7213,-35.0952,ASCAT,0.0,0.0,False,False,False,False,length_below_openberg_minimum
2084,2020-03-04,-74.6581,-35.496,ASCAT,0.0,0.0,False,False,False,False,length_below_openberg_minimum
2085,2020-03-05,-74.5976,-35.6207,ASCAT,0.0,0.0,False,False,False,False,length_below_openberg_minimum
2086,2020-03-06,-74.5908,-36.1028,ASCAT,20372.0,7408.0,False,False,False,False,length_exceeds_openberg_maximum
2087,2020-03-07,-74.6583,-36.4616,ASCAT,0.0,0.0,False,False,False,False,length_below_openberg_minimum
2088,2020-03-08,-74.6513,-36.6318,ASCAT,0.0,0.0,False,False,False,False,length_below_openberg_minimum
2089,2020-03-09,-74.6381,-36.8245,ASCAT,0.0,0.0,False,False,False,False,length_below_openberg_minimum
2090,2020-03-10,-74.6381,-36.8245,ASCAT,0.0,0.0,False,False,False,False,length_below_openberg_minimum
2091,2020-03-11,-74.5486,-37.3967,ASCAT,0.0,0.0,False,False,False,False,length_below_openberg_minimum
2092,2020-03-12,-74.4239,-37.8787,ASCAT,0.0,0.0,False,False,False,False,length_below_openberg_minimum
2093,2020-03-13,-74.31,-37.7,ASCAT,20372.0,7408.0,False,False,False,False,length_exceeds_openberg_maximum
2094,2020-03-14,-74.247,-37.9902,ASCAT,0.0,0.0,False,False,False,False,length_below_openberg_minimum
2095,2020-03-15,-74.247,-37.9902,ASCAT,0.0,0.0,False,False,False,False,length_below_openberg_minimum
2096,2020-03-16,-74.1293,-38.3025,ASCAT,0.0,0.0,False,False,False,False,length_below_openberg_minimum
2097,2020-03-17,-74.0926,-38.5204,ASCAT,0.0,0.0,False,False,False,False,length_below_openberg_minimum
2098,2020-03-18,-74.061,-38.73,ASCAT,0.0,0.0,False,False,False,False,length_below_openberg_minimum
2099,2020-03-19,-73.9986,-39.035,ASCAT,0.0,0.0,False,False,False,False,length_below_openberg_minimum
2100,2020-03-20,-73.9156,-39.3695,ASCAT,20372.0,7408.0,False,False,False,False,length_exceeds_openberg_maximum
2101,2020-03-21,-73.8295,-39.5908,ASCAT,0.0,0.0,False,False,False,False,length_below_openberg_minimum
2102,2020-03-22,-73.7441,-39.6732,ASCAT,0.0,0.0,False,False,False,False,length_below_openberg_minimum
2103,2020-03-23,-73.631,-39.7116,ASCAT,0.0,0.0,False,False,False,False,length_below_openberg_minimum
2104,2020-03-24,-73.631,-39.7116,ASCAT,0.0,0.0,False,False,False,False,length_below_openberg_minimum
2105,2020-03-25,-73.6583,-40.0876,ASCAT,0.0,0.0,False,False,False,False,length_below_openberg_minimum
2106,2020-03-26,-73.6583,-40.0876,ASCAT,0.0,0.0,False,False,False,False,length_below_openberg_minimum
2107,2020-03-27,-73.7167,-40.2858,ASCAT,20372.0,7408.0,False,False,False,False,length_exceeds_openberg_maximum
2108,2020-03-28,-73.6334,-40.5834,ASCAT,0.0,0.0,False,False,False,False,length_below_openberg_minimum
2109,2020-03-29,-73.5022,-40.4751,ASCAT,0.0,0.0,False,False,False,False,length_below_openberg_minimum
2110,2020-03-30,-73.423,-40.5786,ASCAT,0.0,0.0,False,False,False,False,length_below_openberg_minimum
2111,2020-03-31,-73.2884,-40.2459,NIC,0.0,0.0,False,False,False,False,length_below_openberg_minimum
2112,2020-04-01,-73.1766,-40.2231,NIC,0.0,0.0,False,False,False,False,length_below_openberg_minimum
2113,2020-04-02,-73.097,-40.2065,NIC,0.0,0.0,False,False,False,False,length_below_openberg_minimum
2114,2020-04-03,-73.0667,-40.2,NIC,20372.0,7408.0,False,False,False,False,length_exceeds_openberg_maximum
2115,2020-04-04,-73.0685,-40.2369,NIC,0.0,0.0,False,False,False,False,length_below_openberg_minimum
2116,2020-04-05,-73.0733,-40.3367,NIC,0.0,0.0,False,False,False,False,length_below_openberg_minimum
2117,2020-04-06,-73.0798,-40.4828,NIC,0.0,0.0,False,False,False,False,length_below_openberg_minimum
2118,2020-04-07,-73.0869,-40.6588,NIC,0.0,0.0,False,False,False,False,length_below_openberg_minimum
2119,2020-04-08,-73.0934,-40.8479,NIC,0.0,0.0,False,False,False,False,length_below_openberg_minimum
2120,2020-04-09,-73.0982,-41.0339,NIC,0.0,0.0,False,False,False,False,length_below_openberg_minimum
2121,2020-04-10,-73.1,-41.2,NIC,20372.0,7408.0,False,False,False,False,length_exceeds_openberg_maximum
2122,2020-04-11,-73.1044,-41.5756,ASCAT,0.0,0.0,False,False,False,False,length_below_openberg_minimum
2123,2020-04-12,-72.9911,-42.2167,ASCAT,0.0,0.0,False,False,False,False,length_below_openberg_minimum
2124,2020-04-13,-72.9335,-42.3842,ASCAT,0.0,0.0,False,False,False,False,length_below_openberg_minimum
2125,2020-04-14,-72.8466,-42.407,ASCAT,0.0,0.0,False,False,False,False,length_below_openberg_minimum
2126,2020-04-15,-72.7527,-42.3017,ASCAT,0.0,0.0,False,False,False,False,length_below_openberg_minimum
2127,2020-04-16,-72.7381,-42.4017,ASCAT,0.0,0.0,False,False,False,False,length_below_openberg_minimum
2128,2020-04-17,-72.7381,-42.4017,ASCAT,20372.0,7408.0,False,False,False,False,length_exceeds_openberg_maximum
2129,2020-04-18,-72.81,-42.3849,ASCAT,0.0,0.0,False,False,False,False,length_below_openberg_minimum
2130,2020-04-19,-72.6573,-42.6502,ASCAT,0.0,0.0,False,False,False,False,length_below_openberg_minimum
2131,2020-04-20,-72.4495,-43.0054,ASCAT,0.0,0.0,False,False,False,False,length_below_openberg_minimum
2132,2020-04-21,-72.3977,-43.1848,ASCAT,0.0,0.0,False,False,False,False,length_below_openberg_minimum
2133,2020-04-22,-72.3542,-43.528,ASCAT,0.0,0.0,False,False,False,False,length_below_openberg_minimum
2134,2020-04-23,-72.2773,-43.606,ASCAT,0.0,0.0,False,False,False,False,length_below_openberg_minimum
2135,2020-04-24,-72.1107,-43.7515,ASCAT,20372.0,7408.0,False,False,False,False,length_exceeds_openberg_maximum
2136,2020-04-25,-71.9537,-43.767,ASCAT,0.0,0.0,False,False,False,False,length_below_openberg_minimum
2137,2020-04-26,-71.7291,-43.6859,ASCAT,0.0,0.0,False,False,False,False,length_below_openberg_minimum
2138,2020-04-27,-71.5874,-43.6008,ASCAT,0.0,0.0,False,False,False,False,length_below_openberg_minimum
2139,2020-04-28,-71.4955,-43.4917,ASCAT,0.0,0.0,False,False,False,False,length_below_openberg_minimum
2140,2020-04-29,-71.4241,-43.6335,ASCAT,0.0,0.0,False,False,False,False,length_below_openberg_minimum
2141,2020-04-30,-71.369,-43.6346,ASCAT,0.0,0.0,False,False,False,False,length_below_openberg_minimum
2142,2020-05-01,-71.2999,-43.6524,ASCAT,20372.0,7408.0,False,False,False,False,length_exceeds_openberg_maximum
2143,2020-05-02,-71.2213,-43.6981,ASCAT,0.0,0.0,False,False,False,False,length_below_openberg_minimum
2144,2020-05-03,-71.1357,-43.7648,ASCAT,0.0,0.0,False,False,False,False,length_below_openberg_minimum
2145,2020-05-04,-71.0458,-43.8461,ASCAT,0.0,0.0,False,False,False,False,length_below_openberg_minimum
2146,2020-05-05,-70.9542,-43.9352,ASCAT,0.0,0.0,False,False,False,False,length_below_openberg_minimum
2147,2020-05-06,-70.8636,-44.0255,ASCAT,0.0,0.0,False,False,False,False,length_below_openberg_minimum
2148,2020-05-07,-70.7765,-44.1103,ASCAT,0.0,0.0,False,False,False,False,length_below_openberg_minimum
2149,2020-05-08,-70.6922,-44.1996,ASCAT,20372.0,7408.0,False,False,False,False,length_exceeds_openberg_maximum
2150,2020-05-09,-70.5923,-44.208,ASCAT,0.0,0.0,False,False,False,False,length_below_openberg_minimum
2151,2020-05-10,-70.5347,-44.1982,ASCAT,0.0,0.0,False,False,False,False,length_below_openberg_minimum
2152,2020-05-11,-70.4857,-44.1709,ASCAT,0.0,0.0,False,False,False,False,length_below_openberg_minimum
2153,2020-05-12,-70.4438,-44.1298,ASCAT,0.0,0.0,False,False,False,False,length_below_openberg_minimum
2154,2020-05-13,-70.4075,-44.0783,ASCAT,0.0,0.0,False,False,False,False,length_below_openberg_minimum
2155,2020-05-14,-70.3754,-44.0198,ASCAT,0.0,0.0,False,False,False,False,length_below_openberg_minimum
2156,2020-05-15,-70.346,-43.9579,ASCAT,20372.0,7408.0,False,False,False,False,length_exceeds_openberg_maximum
2157,2020-05-16,-70.3179,-43.896,ASCAT,0.0,0.0,False,False,False,False,length_below_openberg_minimum
2158,2020-05-17,-70.2895,-43.8375,ASCAT,0.0,0.0,False,False,False,False,length_below_openberg_minimum
2159,2020-05-18,-70.2595,-43.786,ASCAT,0.0,0.0,False,False,False,False,length_below_openberg_minimum
2160,2020-05-19,-70.2264,-43.7449,ASCAT,0.0,0.0,False,False,False,False,length_below_openberg_minimum
2161,2020-05-20,-70.1887,-43.7176,ASCAT,0.0,0.0,False,False,False,False,length_below_openberg_minimum
2162,2020-05-21,-70.1449,-43.7078,ASCAT,0.0,0.0,False,False,False,False,length_below_openberg_minimum
2163,2020-05-22,-70.0893,-43.7476,ASCAT,20372.0,7408.0,False,False,False,False,length_exceeds_openberg_maximum
2164,2020-05-23,-70.0358,-43.6584,ASCAT,0.0,0.0,False,False,False,False,length_below_openberg_minimum
2165,2020-05-24,-70.0358,-43.6584,ASCAT,0.0,0.0,False,False,False,False,length_below_openberg_minimum
2166,2020-05-25,-69.9035,-43.6858,ASCAT,0.0,0.0,False,False,False,False,length_below_openberg_minimum
2167,2020-05-26,-69.7863,-43.5812,ASCAT,0.0,0.0,False,False,False,False,length_below_openberg_minimum
2168,2020-05-27,-69.7554,-43.5889,ASCAT,0.0,0.0,False,False,False,False,length_below_openberg_minimum
2169,2020-05-28,-69.7706,-43.2922,ASCAT,0.0,0.0,False,False,False,False,length_below_openberg_minimum
2170,2020-05-29,-69.7706,-43.2922,ASCAT,20372.0,7408.0,False,False,False,False,length_exceeds_openberg_maximum
2171,2020-05-30,-69.669,-43.2283,ASCAT,0.0,0.0,False,False,False,False,length_below_openberg_minimum
2172,2020-05-31,-69.6495,-43.3656,ASCAT,0.0,0.0,False,False,False,False,length_below_openberg_minimum
2173,2020-06-01,-69.5779,-43.2963,ASCAT,0.0,0.0,False,False,False,False,length_below_openberg_minimum
2174,2020-06-02,-69.5257,-43.4101,ASCAT,0.0,0.0,False,False,False,False,length_below_openberg_minimum
2175,2020-06-03,-69.5095,-43.5816,ASCAT,0.0,0.0,False,False,False,False,length_below_openberg_minimum
2176,2020-06-04,-69.468,-43.6258,ASCAT,0.0,0.0,False,False,False,False,length_below_openberg_minimum
2177,2020-06-05,-69.5154,-44.0114,ASCAT,20372.0,7408.0,False,False,False,False,length_exceeds_openberg_maximum
2178,2020-06-06,-69.5322,-44.2094,ASCAT,0.0,0.0,False,False,False,False,length_below_openberg_minimum
2179,2020-06-07,-69.4542,-44.1187,ASCAT,0.0,0.0,False,False,False,False,length_below_openberg_minimum
2180,2020-06-08,-69.5479,-44.4054,ASCAT,0.0,0.0,False,False,False,False,length_below_openberg_minimum
2181,2020-06-09,-69.5824,-44.2688,ASCAT,0.0,0.0,False,False,False,False,length_below_openberg_minimum
2182,2020-06-10,-69.5388,-44.1947,ASCAT,0.0,0.0,False,False,False,False,length_below_openberg_minimum
2183,2020-06-11,-69.5388,-44.1947,ASCAT,0.0,0.0,False,False,False,False,length_below_openberg_minimum
2184,2020-06-12,-69.4689,-44.3576,ASCAT,20372.0,7408.0,False,False,False,False,length_exceeds_openberg_maximum
2185,2020-06-13,-69.3846,-44.242,ASCAT,0.0,0.0,False,False,False,False,length_below_openberg_minimum
2186,2020-06-14,-69.3316,-43.9909,ASCAT,0.0,0.0,False,False,False,False,length_below_openberg_minimum
2187,2020-06-15,-69.3085,-43.9349,ASCAT,0.0,0.0,False,False,False,False,length_below_openberg_minimum
2188,2020-06-16,-69.3242,-43.847,ASCAT,0.0,0.0,False,False,False,False,length_below_openberg_minimum
2189,2020-06-17,-69.2518,-43.6581,ASCAT,0.0,0.0,False,False,False,False,length_below_openberg_minimum
2190,2020-06-18,-69.1981,-43.6109,ASCAT,0.0,0.0,False,False,False,False,length_below_openberg_minimum
2191,2020-06-19,-69.2191,-43.4666,ASCAT,20372.0,7408.0,False,False,False,False,length_exceeds_openberg_maximum
2192,2020-06-20,-69.2191,-43.4666,ASCAT,0.0,0.0,False,False,False,False,length_below_openberg_minimum
2193,2020-06-21,-69.1995,-43.3636,ASCAT,0.0,0.0,False,False,False,False,length_below_openberg_minimum
2194,2020-06-22,-69.1995,-43.3636,ASCAT,0.0,0.0,False,False,False,False,length_below_openberg_minimum
2195,2020-06-23,-69.1995,-43.3636,ASCAT,0.0,0.0,False,False,False,False,length_below_openberg_minimum
2196,2020-06-24,-69.0634,-43.3238,ASCAT,0.0,0.0,False,False,False,False,length_below_openberg_minimum
2197,2020-06-25,-69.0106,-43.2872,NIC,0.0,0.0,False,False,False,False,length_below_openberg_minimum
2198,2020-06-26,-68.9667,-43.2833,NIC,20372.0,7408.0,False,False,False,False,length_exceeds_openberg_maximum
2199,2020-06-27,-68.9053,-43.3701,NIC,0.0,0.0,False,False,False,False,length_below_openberg_minimum
2200,2020-06-28,-68.8227,-43.5939,NIC,0.0,0.0,False,False,False,False,length_below_openberg_minimum
2201,2020-06-29,-68.7262,-43.8999,NIC,0.0,0.0,False,False,False,False,length_below_openberg_minimum
2202,2020-06-30,-68.6234,-44.2334,NIC,0.0,0.0,False,False,False,False,length_below_openberg_minimum
2203,2020-07-01,-68.5214,-44.5394,NIC,0.0,0.0,False,False,False,False,length_below_openberg_minimum
2204,2020-07-02,-68.4279,-44.7632,NIC,0.0,0.0,False,False,False,False,length_below_openberg_minimum
2205,2020-07-03,-68.35,-44.85,NIC,20372.0,7408.0,False,False,False,False,length_exceeds_openberg_maximum
2206,2020-07-04,-68.284,-44.8278,NIC,0.0,0.0,False,False,False,False,length_below_openberg_minimum
2207,2020-07-05,-68.2212,-44.7689,NIC,0.0,0.0,False,False,False,False,length_below_openberg_minimum
2208,2020-07-06,-68.162,-44.685,NIC,0.0,0.0,False,False,False,False,length_below_openberg_minimum
2209,2020-07-07,-68.1067,-44.5879,NIC,0.0,0.0,False,False,False,False,length_below_openberg_minimum
2210,2020-07-08,-68.0555,-44.4891,NIC,0.0,0.0,False,False,False,False,length_below_openberg_minimum
2211,2020-07-09,-68.0087,-44.4003,NIC,0.0,0.0,False,False,False,False,length_below_openberg_minimum
2212,2020-07-10,-67.9667,-44.3333,NIC,20372.0,7408.0,False,False,False,False,length_exceeds_openberg_maximum
2213,2020-07-11,-67.9309,-44.2846,NIC,0.0,0.0,False,False,False,False,length_below_openberg_minimum
2214,2020-07-12,-67.9008,-44.2416,NIC,0.0,0.0,False,False,False,False,length_below_openberg_minimum
2215,2020-07-13,-67.8741,-44.2027,NIC,0.0,0.0,False,False,False,False,length_below_openberg_minimum
2216,2020-07-14,-67.8481,-44.166,NIC,0.0,0.0,False,False,False,False,length_below_openberg_minimum
2217,2020-07-15,-67.8204,-44.1295,NIC,0.0,0.0,False,False,False,False,length_below_openberg_minimum
2218,2020-07-16,-67.7886,-44.0914,NIC,0.0,0.0,False,False,False,False,length_below_openberg_minimum
2219,2020-07-17,-67.75,-44.05,NIC,20372.0,7408.0,False,False,False,False,length_exceeds_openberg_maximum
2220,2020-07-18,-67.6981,-43.9994,NIC,0.0,0.0,False,False,False,False,length_below_openberg_minimum
2221,2020-07-19,-67.6314,-43.9393,NIC,0.0,0.0,False,False,False,False,length_below_openberg_minimum
2222,2020-07-20,-67.5554,-43.876,NIC,0.0,0.0,False,False,False,False,length_below_openberg_minimum
2223,2020-07-21,-67.4755,-43.8157,NIC,0.0,0.0,False,False,False,False,length_below_openberg_minimum
2224,2020-07-22,-67.3971,-43.7649,NIC,0.0,0.0,False,False,False,False,length_below_openberg_minimum
2225,2020-07-23,-67.3257,-43.7298,NIC,0.0,0.0,False,False,False,False,length_below_openberg_minimum
2226,2020-07-24,-67.2667,-43.7167,NIC,20372.0,7408.0,False,False,False,False,length_exceeds_openberg_maximum
2227,2020-07-25,-67.2174,-43.7269,NIC,0.0,0.0,False,False,False,False,length_below_openberg_minimum
2228,2020-07-26,-67.1714,-43.753,NIC,0.0,0.0,False,False,False,False,length_below_openberg_minimum
2229,2020-07-27,-67.1285,-43.7888,NIC,0.0,0.0,False,False,False,False,length_below_openberg_minimum
2230,2020-07-28,-67.0885,-43.8279,NIC,0.0,0.0,False,False,False,False,length_below_openberg_minimum
2231,2020-07-29,-67.0511,-43.8637,NIC,0.0,0.0,False,False,False,False,length_below_openberg_minimum
2232,2020-07-30,-67.0161,-43.8898,NIC,0.0,0.0,False,False,False,False,length_below_openberg_minimum
2233,2020-07-31,-66.9833,-43.9,NIC,20372.0,7408.0,False,False,False,False,length_exceeds_openberg_maximum
2234,2020-08-01,-66.9444,-43.7089,ASCAT,0.0,0.0,False,False,False,False,length_below_openberg_minimum
2235,2020-08-02,-66.923,-43.5467,ASCAT,0.0,0.0,False,False,False,False,length_below_openberg_minimum
2236,2020-08-03,-66.9439,-43.4875,ASCAT,0.0,0.0,False,False,False,False,length_below_openberg_minimum
2237,2020-08-04,-66.8799,-43.2228,NIC,0.0,0.0,False,False,False,False,length_below_openberg_minimum
2238,2020-08-05,-66.8558,-43.0047,NIC,0.0,0.0,False,False,False,False,length_below_openberg_minimum
2239,2020-08-06,-66.8296,-42.8452,NIC,0.0,0.0,False,False,False,False,length_below_openberg_minimum
2240,2020-08-07,-66.8,-42.7833,NIC,20372.0,7408.0,False,False,False,False,length_exceeds_openberg_maximum
2241,2020-08-08,-66.7641,-42.8045,NIC,0.0,0.0,False,False,False,False,length_below_openberg_minimum
2242,2020-08-09,-66.722,-42.8612,NIC,0.0,0.0,False,False,False,False,length_below_openberg_minimum
2243,2020-08-10,-66.6764,-42.9431,NIC,0.0,0.0,False,False,False,False,length_below_openberg_minimum
2244,2020-08-11,-66.6302,-43.0398,NIC,0.0,0.0,False,False,False,False,length_below_openberg_minimum
2245,2020-08-12,-66.5863,-43.1412,NIC,0.0,0.0,False,False,False,False,length_below_openberg_minimum
2246,2020-08-13,-66.5475,-43.237,NIC,0.0,0.0,False,False,False,False,length_below_openberg_minimum
2247,2020-08-14,-66.5167,-43.3167,NIC,20372.0,7408.0,False,False,False,False,length_exceeds_openberg_maximum
2248,2020-08-15,-66.4903,-43.3819,NIC,0.0,0.0,False,False,False,False,length_below_openberg_minimum
2249,2020-08-16,-66.4638,-43.4423,NIC,0.0,0.0,False,False,False,False,length_below_openberg_minimum
2250,2020-08-17,-66.4388,-43.5002,NIC,0.0,0.0,False,False,False,False,length_below_openberg_minimum
2251,2020-08-18,-66.4168,-43.5576,NIC,0.0,0.0,False,False,False,False,length_below_openberg_minimum
2252,2020-08-19,-66.3992,-43.617,NIC,0.0,0.0,False,False,False,False,length_below_openberg_minimum
2253,2020-08-20,-66.3875,-43.6804,NIC,0.0,0.0,False,False,False,False,length_below_openberg_minimum
2254,2020-08-21,-66.3833,-43.75,NIC,20372.0,7408.0,False,False,False,False,length_exceeds_openberg_maximum
2255,2020-08-22,-66.3935,-43.8231,NIC,0.0,0.0,False,False,False,False,length_below_openberg_minimum
2256,2020-08-23,-66.4197,-43.8973,NIC,0.0,0.0,False,False,False,False,length_below_openberg_minimum
2257,2020-08-24,-66.6461,-44.5568,ASCAT,0.0,0.0,False,False,False,False,length_below_openberg_minimum
2258,2020-08-25,-66.6138,-44.6392,ASCAT,0.0,0.0,False,False,False,False,length_below_openberg_minimum
2259,2020-08-26,-66.6138,-44.4292,ASCAT,0.0,0.0,False,False,False,False,length_below_openberg_minimum
2260,2020-08-27,-66.5672,-44.5818,ASCAT,0.0,0.0,False,False,False,False,length_below_openberg_minimum
2261,2020-08-28,-66.6436,-44.8766,ASCAT,20372.0,7408.0,False,False,False,False,length_exceeds_openberg_maximum
2262,2020-08-29,-66.5428,-45.4444,ASCAT,0.0,0.0,False,False,False,False,length_below_openberg_minimum
2263,2020-08-30,-66.4185,-45.7391,ASCAT,0.0,0.0,False,False,False,False,length_below_openberg_minimum
2264,2020-08-31,-66.277,-45.9786,ASCAT,0.0,0.0,False,False,False,False,length_below_openberg_minimum
2265,2020-09-01,-66.1134,-46.1394,ASCAT,0.0,0.0,False,False,False,False,length_below_openberg_minimum
2266,2020-09-02,-65.9231,-46.1982,ASCAT,0.0,0.0,False,False,False,False,length_below_openberg_minimum
2267,2020-09-03,-65.6611,-45.95,ASCAT,0.0,0.0,False,False,False,False,length_below_openberg_minimum
2268,2020-09-04,-65.5341,-46.0425,ASCAT,20372.0,7408.0,False,False,False,False,length_exceeds_openberg_maximum
2269,2020-09-05,-65.5341,-46.0425,ASCAT,0.0,0.0,False,False,False,False,length_below_openberg_minimum
2270,2020-09-06,-65.5341,-46.0425,ASCAT,0.0,0.0,False,False,False,False,length_below_openberg_minimum
2271,2020-09-07,-65.5162,-45.9512,ASCAT,0.0,0.0,False,False,False,False,length_below_openberg_minimum
2272,2020-09-08,-65.5162,-45.9512,ASCAT,0.0,0.0,False,False,False,False,length_below_openberg_minimum
2273,2020-09-09,-65.5053,-45.8448,ASCAT,0.0,0.0,False,False,False,False,length_below_openberg_minimum
2274,2020-09-10,-65.614,-45.9162,ASCAT,0.0,0.0,False,False,False,False,length_below_openberg_minimum
2275,2020-09-11,-65.4685,-45.7375,ASCAT,20372.0,7408.0,False,False,False,False,length_exceeds_openberg_maximum
2276,2020-09-12,-65.4478,-45.4209,ASCAT,0.0,0.0,False,False,False,False,length_below_openberg_minimum
2277,2020-09-13,-65.5539,-45.4295,NIC,0.0,0.0,False,False,False,False,length_below_openberg_minimum
2278,2020-09-14,-65.4921,-45.1365,NIC,0.0,0.0,False,False,False,False,length_below_openberg_minimum
2279,2020-09-15,-65.4246,-44.8209,NIC,0.0,0.0,False,False,False,False,length_below_openberg_minimum
2280,2020-09-16,-65.3628,-44.5239,NIC,0.0,0.0,False,False,False,False,length_below_openberg_minimum
2281,2020-09-17,-65.3175,-44.2865,NIC,0.0,0.0,False,False,False,False,length_below_openberg_minimum
2282,2020-09-18,-65.3,-44.15,NIC,20372.0,7408.0,False,False,False,False,length_exceeds_openberg_maximum
2283,2020-09-19,-65.3157,-44.0851,NIC,0.0,0.0,False,False,False,False,length_below_openberg_minimum
2284,2020-09-20,-65.3562,-44.033,NIC,0.0,0.0,False,False,False,False,length_below_openberg_minimum
2285,2020-09-21,-65.4115,-43.9904,NIC,0.0,0.0,False,False,False,False,length_below_openberg_minimum
2286,2020-09-22,-65.4718,-43.954,NIC,0.0,0.0,False,False,False,False,length_below_openberg_minimum
2287,2020-09-23,-65.5271,-43.9207,NIC,0.0,0.0,False,False,False,False,length_below_openberg_minimum
2288,2020-09-24,-65.5676,-43.8871,NIC,0.0,0.0,False,False,False,False,length_below_openberg_minimum
2289,2020-09-25,-65.5833,-43.85,NIC,20372.0,7408.0,False,False,False,False,length_exceeds_openberg_maximum
2290,2020-09-27,-65.4967,-43.9329,ASCAT,0.0,0.0,False,False,False,False,length_below_openberg_minimum
2291,2020-09-28,-65.3393,-43.9884,ASCAT,0.0,0.0,False,False,False,False,length_below_openberg_minimum
2292,2020-09-29,-65.1988,-43.8466,ASCAT,0.0,0.0,False,False,False,False,length_below_openberg_minimum
2293,2020-09-30,-65.1236,-43.7048,ASCAT,0.0,0.0,False,False,False,False,length_below_openberg_minimum
2294,2020-10-01,-65.1236,-43.7048,ASCAT,0.0,0.0,False,False,False,False,length_below_openberg_minimum
2295,2020-10-02,-64.9475,-43.3673,ASCAT,0.0,0.0,False,False,False,False,length_below_openberg_minimum
2296,2020-10-03,-64.8874,-43.3767,ASCAT,0.0,0.0,False,False,False,False,length_below_openberg_minimum
2297,2020-10-04,-64.9262,-43.2451,ASCAT,0.0,0.0,False,False,False,False,length_below_openberg_minimum
2298,2020-10-05,-65.0463,-43.311,ASCAT,0.0,0.0,False,False,False,False,length_below_openberg_minimum
2299,2020-10-06,-65.0463,-43.311,ASCAT,0.0,0.0,False,False,False,False,length_below_openberg_minimum
2300,2020-10-07,-65.0463,-43.311,ASCAT,0.0,0.0,False,False,False,False,length_below_openberg_minimum
2301,2020-10-08,-64.977,-43.455,ASCAT,0.0,0.0,False,False,False,False,length_below_openberg_minimum
2302,2020-10-09,-64.923,-43.452,ASCAT,20372.0,7408.0,False,False,False,False,length_exceeds_openberg_maximum
2303,2020-10-10,-64.8735,-43.4431,ASCAT,0.0,0.0,False,False,False,False,length_below_openberg_minimum
2304,2020-10-11,-64.8277,-43.4288,ASCAT,0.0,0.0,False,False,False,False,length_below_openberg_minimum
2305,2020-10-12,-64.7849,-43.4093,ASCAT,0.0,0.0,False,False,False,False,length_below_openberg_minimum
2306,2020-10-13,-64.7445,-43.3851,ASCAT,0.0,0.0,False,False,False,False,length_below_openberg_minimum
2307,2020-10-14,-64.7057,-43.3564,ASCAT,0.0,0.0,False,False,False,False,length_below_openberg_minimum
2308,2020-10-15,-64.6679,-43.3237,ASCAT,0.0,0.0,False,False,False,False,length_below_openberg_minimum
2309,2020-10-16,-64.6304,-43.2873,ASCAT,20372.0,7408.0,False,False,False,False,length_exceeds_openberg_maximum
2310,2020-10-17,-64.5924,-43.2475,ASCAT,0.0,0.0,False,False,False,False,length_below_openberg_minimum
2311,2020-10-18,-64.5532,-43.2047,ASCAT,0.0,0.0,False,False,False,False,length_below_openberg_minimum
2312,2020-10-19,-64.5123,-43.1593,ASCAT,0.0,0.0,False,False,False,False,length_below_openberg_minimum
2313,2020-10-20,-64.4688,-43.1116,ASCAT,0.0,0.0,False,False,False,False,length_below_openberg_minimum
2314,2020-10-21,-64.4222,-43.0312,ASCAT,0.0,0.0,False,False,False,False,length_below_openberg_minimum
2315,2020-10-22,-64.3828,-42.8635,ASCAT,0.0,0.0,False,False,False,False,length_below_openberg_minimum
2316,2020-10-23,-64.3764,-42.778,ASCAT,20372.0,7408.0,False,False,False,False,length_exceeds_openberg_maximum
2317,2020-10-24,-64.1899,-42.6176,ASCAT,0.0,0.0,False,False,False,False,length_below_openberg_minimum
2318,2020-10-25,-64.169,-42.6644,ASCAT,0.0,0.0,False,False,False,False,length_below_openberg_minimum
2319,2020-10-26,-64.1219,-42.5852,ASCAT,0.0,0.0,False,False,False,False,length_below_openberg_minimum
2320,2020-10-27,-64.1707,-42.197,ASCAT,0.0,0.0,False,False,False,False,length_below_openberg_minimum
2321,2020-10-28,-64.2943,-42.0796,ASCAT,0.0,0.0,False,False,False,False,length_below_openberg_minimum
2322,2020-10-29,-64.2451,-41.7415,ASCAT,0.0,0.0,False,False,False,False,length_below_openberg_minimum
2323,2020-10-30,-64.2451,-41.7415,ASCAT,20372.0,7408.0,False,False,False,False,length_exceeds_openberg_maximum
2324,2020-10-31,-64.2381,-41.5869,ASCAT,0.0,0.0,False,False,False,False,length_below_openberg_minimum
2325,2020-11-01,-64.1896,-41.6439,ASCAT,0.0,0.0,False,False,False,False,length_below_openberg_minimum
2326,2020-11-02,-64.1896,-41.6439,ASCAT,0.0,0.0,False,False,False,False,length_below_openberg_minimum
2327,2020-11-03,-64.0855,-41.4773,ASCAT,0.0,0.0,False,False,False,False,length_below_openberg_minimum
2328,2020-11-04,-64.0091,-41.2387,ASCAT,0.0,0.0,False,False,False,False,length_below_openberg_minimum
2329,2020-11-05,-63.9561,-41.0013,ASCAT,0.0,0.0,False,False,False,False,length_below_openberg_minimum
2330,2020-11-06,-63.9322,-40.8458,ASCAT,20372.0,7408.0,False,False,False,False,length_exceeds_openberg_maximum
2331,2020-11-07,-63.9079,-40.6859,ASCAT,0.0,0.0,False,False,False,False,length_below_openberg_minimum
2332,2020-11-08,-63.8491,-40.4358,ASCAT,0.0,0.0,False,False,False,False,length_below_openberg_minimum
2333,2020-11-09,-63.7608,-40.2954,ASCAT,0.0,0.0,False,False,False,False,length_below_openberg_minimum
2334,2020-11-10,-63.7051,-40.2372,ASCAT,0.0,0.0,False,False,False,False,length_below_openberg_minimum
2335,2020-11-11,-63.5784,-40.2362,ASCAT,0.0,0.0,False,False,False,False,length_below_openberg_minimum
2336,2020-11-12,-63.5679,-39.9911,ASCAT,0.0,0.0,False,False,False,False,length_below_openberg_minimum
2337,2020-11-13,-63.5373,-39.6511,ASCAT,0.0,0.0,False,False,False,False,length_below_openberg_minimum
2338,2020-11-14,-63.4827,-39.2483,ASCAT,0.0,0.0,False,False,False,False,length_below_openberg_minimum
2339,2020-11-15,-63.4134,-38.8974,ASCAT,0.0,0.0,False,False,False,False,length_below_openberg_minimum
2340,2020-11-16,-63.3387,-38.7131,ASCAT,0.0,0.0,False,False,False,False,length_below_openberg_minimum
2341,2020-11-17,-63.2459,-38.6723,ASCAT,0.0,0.0,False,False,False,False,length_below_openberg_minimum
2342,2020-11-18,-63.0597,-38.7063,ASCAT,0.0,0.0,False,False,False,False,length_below_openberg_minimum
2343,2020-11-19,-63.0984,-38.7783,ASCAT,0.0,0.0,False,False,False,False,length_below_openberg_minimum
2344,2020-11-20,-63.1372,-38.829,ASCAT,0.0,0.0,False,False,False,False,length_below_openberg_minimum
2345,2020-11-21,-62.9872,-38.6328,ASCAT,0.0,0.0,False,False,False,False,length_below_openberg_minimum
2346,2020-11-22,-62.8563,-38.513,ASCAT,0.0,0.0,False,False,False,False,length_below_openberg_minimum
2347,2020-11-23,-62.8328,-38.5447,ASCAT,0.0,0.0,False,False,False,False,length_below_openberg_minimum
2348,2020-11-24,-62.8198,-38.6128,ASCAT,0.0,0.0,False,False,False,False,length_below_openberg_minimum
2349,2020-11-25,-62.8118,-38.6766,ASCAT,0.0,0.0,False,False,False,False,length_below_openberg_minimum
2350,2020-11-26,-62.8059,-38.7288,ASCAT,0.0,0.0,False,False,False,False,length_below_openberg_minimum
2351,2020-11-27,-62.8022,-38.785,ASCAT,0.0,0.0,False,False,False,False,length_below_openberg_minimum
2352,2020-11-28,-62.7995,-38.8392,ASCAT,0.0,0.0,False,False,False,False,length_below_openberg_minimum
2353,2020-11-29,-62.7964,-38.8853,ASCAT,0.0,0.0,False,False,False,False,length_below_openberg_minimum
2354,2020-11-30,-62.7917,-38.9174,ASCAT,0.0,0.0,False,False,False,False,length_below_openberg_minimum
2355,2020-12-01,-62.7841,-38.9294,ASCAT,0.0,0.0,False,False,False,False,length_below_openberg_minimum
2356,2020-12-02,-62.7295,-38.866,ASCAT,0.0,0.0,False,False,False,False,length_below_openberg_minimum
2357,2020-12-03,-62.6382,-38.7483,ASCAT,0.0,0.0,False,False,False,False,length_below_openberg_minimum
2358,2020-12-04,-62.59,-38.6849,ASCAT,0.0,0.0,False,False,False,False,length_below_openberg_minimum
2359,2020-12-05,-62.59,-38.6849,ASCAT,0.0,0.0,False,False,False,False,length_below_openberg_minimum
2360,2020-12-06,-62.4005,-38.7041,ASCAT,0.0,0.0,False,False,False,False,length_below_openberg_minimum
2361,2020-12-07,-62.2728,-38.656,ASCAT,0.0,0.0,False,False,False,False,length_below_openberg_minimum
2362,2020-12-08,-62.1802,-38.5533,ASCAT,0.0,0.0,False,False,False,False,length_below_openberg_minimum
2363,2020-12-09,-62.1223,-38.383,ASCAT,0.0,0.0,False,False,False,False,length_below_openberg_minimum
2364,2020-12-10,-62.0771,-38.0833,ASCAT,0.0,0.0,False,False,False,False,length_below_openberg_minimum
2365,2020-12-11,-62.0396,-37.649,ASCAT,0.0,0.0,False,False,False,False,length_below_openberg_minimum
2366,2020-12-12,-62.0069,-37.1255,ASCAT,0.0,0.0,False,False,False,False,length_below_openberg_minimum
2367,2020-12-13,-61.9764,-36.5581,ASCAT,0.0,0.0,False,False,False,False,length_below_openberg_minimum
2368,2020-12-14,-61.9452,-35.9921,ASCAT,0.0,0.0,False,False,False,False,length_below_openberg_minimum
2369,2020-12-15,-61.9108,-35.473,ASCAT,0.0,0.0,False,False,False,False,length_below_openberg_minimum
2370,2020-12-16,-61.8702,-35.046,ASCAT,0.0,0.0,False,False,False,False,length_below_openberg_minimum
2371,2020-12-17,-61.8209,-34.7566,ASCAT,0.0,0.0,False,False,False,False,length_below_openberg_minimum
2372,2020-12-18,-61.76,-34.65,ASCAT,0.0,0.0,False,False,False,False,length_below_openberg_minimum
2373,2020-12-19,-61.6487,-34.8804,ASCAT,0.0,0.0,False,False,False,False,length_below_openberg_minimum
2374,2020-12-20,-61.5767,-34.9186,ASCAT,0.0,0.0,False,False,False,False,length_below_openberg_minimum
2375,2020-12-21,-61.5767,-34.9186,ASCAT,0.0,0.0,False,False,False,False,length_below_openberg_minimum
2376,2020-12-22,-61.58,-34.8478,ASCAT,0.0,0.0,False,False,False,False,length_below_openberg_minimum
2377,2020-12-23,-61.5871,-34.6922,ASCAT,0.0,0.0,False,False,False,False,length_below_openberg_minimum
2378,2020-12-24,-61.5943,-34.5365,ASCAT,0.0,0.0,False,False,False,False,length_below_openberg_minimum
2379,2020-12-25,-61.5975,-34.4657,ASCAT,0.0,0.0,False,False,False,False,length_below_openberg_minimum
2380,2020-12-26,-61.5975,-34.4657,ASCAT,0.0,0.0,False,False,False,False,length_below_openberg_minimum
2381,2020-12-27,-61.7634,-34.7298,ASCAT,0.0,0.0,False,False,False,False,length_below_openberg_minimum
2382,2020-12-28,-61.7198,-34.6395,ASCAT,0.0,0.0,False,False,False,False,length_below_openberg_minimum
2383,2020-12-29,-61.639,-34.4719,ASCAT,0.0,0.0,False,False,False,False,length_below_openberg_minimum
2384,2020-12-30,-61.5954,-34.3816,ASCAT,0.0,0.0,False,False,False,False,length_below_openberg_minimum
2385,2020-12-31,-61.5954,-34.3816,ASCAT,18520.0,7408.0,False,False,False,False,length_exceeds_openberg_maximum
2386,2021-01-01,-61.5954,-34.3816,ASCAT,0.0,0.0,False,False,False,False,length_below_openberg_minimum
2387,2021-01-02,-61.6048,-34.1225,ASCAT,0.0,0.0,False,False,False,False,length_below_openberg_minimum
2388,2021-01-03,-61.6048,-34.1225,ASCAT,0.0,0.0,False,False,False,False,length_below_openberg_minimum
2389,2021-01-04,-61.6315,-33.9355,ASCAT,0.0,0.0,False,False,False,False,length_below_openberg_minimum
2390,2021-01-05,-61.5763,-33.962,ASCAT,0.0,0.0,False,False,False,False,length_below_openberg_minimum
2391,2021-01-06,-61.5818,-33.8368,ASCAT,0.0,0.0,False,False,False,False,length_below_openberg_minimum
2392,2021-01-07,-61.5114,-33.9855,ASCAT,0.0,0.0,False,False,False,False,length_below_openberg_minimum
2393,2021-01-08,-61.5598,-33.8345,ASCAT,18520.0,7408.0,False,False,False,False,length_exceeds_openberg_maximum
2394,2021-01-09,-61.5598,-33.8345,ASCAT,0.0,0.0,False,False,False,False,length_below_openberg_minimum
2395,2021-01-10,-61.5413,-33.7054,ASCAT,0.0,0.0,False,False,False,False,length_below_openberg_minimum
2396,2021-01-11,-61.4158,-33.6324,ASCAT,0.0,0.0,False,False,False,False,length_below_openberg_minimum
2397,2021-01-12,-61.2546,-33.5989,ASCAT,0.0,0.0,False,False,False,False,length_below_openberg_minimum
2398,2021-01-13,-61.1721,-33.6604,ASCAT,0.0,0.0,False,False,False,False,length_below_openberg_minimum
2399,2021-01-14,-61.3599,-33.4529,ASCAT,0.0,0.0,False,False,False,False,length_below_openberg_minimum
2400,2021-01-15,-61.3599,-33.4529,ASCAT,18520.0,7408.0,False,False,False,False,length_exceeds_openberg_maximum
2401,2021-01-16,-61.3414,-33.5368,ASCAT,0.0,0.0,False,False,False,False,length_below_openberg_minimum
2402,2021-01-17,-61.3172,-33.5367,ASCAT,0.0,0.0,False,False,False,False,length_below_openberg_minimum
2403,2021-01-18,-61.2909,-33.5362,ASCAT,0.0,0.0,False,False,False,False,length_below_openberg_minimum
2404,2021-01-19,-61.2621,-33.5353,ASCAT,0.0,0.0,False,False,False,False,length_below_openberg_minimum
2405,2021-01-20,-61.2307,-33.5339,ASCAT,0.0,0.0,False,False,False,False,length_below_openberg_minimum
2406,2021-01-21,-61.1964,-33.5317,ASCAT,0.0,0.0,False,False,False,False,length_below_openberg_minimum
2407,2021-01-22,-61.1589,-33.5286,ASCAT,18520.0,7408.0,False,False,False,False,length_exceeds_openberg_maximum
2408,2021-01-23,-61.1179,-33.5246,ASCAT,0.0,0.0,False,False,False,False,length_below_openberg_minimum
2409,2021-01-24,-61.0732,-33.5196,ASCAT,0.0,0.0,False,False,False,False,length_below_openberg_minimum
2410,2021-01-25,-61.0246,-33.5133,ASCAT,0.0,0.0,False,False,False,False,length_below_openberg_minimum
2411,2021-01-26,-60.9717,-33.5056,ASCAT,0.0,0.0,False,False,False,False,length_below_openberg_minimum
2412,2021-01-27,-60.9143,-33.4965,ASCAT,0.0,0.0,False,False,False,False,length_below_openberg_minimum
2413,2021-01-28,-60.8521,-33.4858,ASCAT,0.0,0.0,False,False,False,False,length_below_openberg_minimum
2414,2021-01-29,-60.7849,-33.4733,ASCAT,18520.0,7408.0,False,False,False,False,length_exceeds_openberg_maximum
2415,2021-01-30,-60.6775,-33.0953,ASCAT,0.0,0.0,False,False,False,False,length_below_openberg_minimum
2416,2021-01-31,-60.6473,-33.0792,ASCAT,0.0,0.0,False,False,False,False,length_below_openberg_minimum
2417,2021-02-01,-60.6512,-33.0548,ASCAT,0.0,0.0,False,False,False,False,length_below_openberg_minimum
2418,2021-02-02,-60.662,-33.0256,ASCAT,0.0,0.0,False,False,False,False,length_below_openberg_minimum
2419,2021-02-03,-60.6782,-32.9903,ASCAT,0.0,0.0,False,False,False,False,length_below_openberg_minimum
2420,2021-02-04,-60.6986,-32.9476,ASCAT,0.0,0.0,False,False,False,False,length_below_openberg_minimum
2421,2021-02-05,-60.7217,-32.8963,ASCAT,18520.0,7408.0,False,False,False,False,length_exceeds_openberg_maximum
2422,2021-02-06,-60.7463,-32.8349,ASCAT,0.0,0.0,False,False,False,False,length_below_openberg_minimum
2423,2021-02-07,-60.7708,-32.7623,ASCAT,0.0,0.0,False,False,False,False,length_below_openberg_minimum
2424,2021-02-08,-60.7939,-32.6771,ASCAT,0.0,0.0,False,False,False,False,length_below_openberg_minimum
2425,2021-02-09,-60.8143,-32.5781,ASCAT,0.0,0.0,False,False,False,False,length_below_openberg_minimum
2426,2021-02-10,-60.8305,-32.4639,ASCAT,0.0,0.0,False,False,False,False,length_below_openberg_minimum
2427,2021-02-11,-60.8413,-32.3333,ASCAT,0.0,0.0,False,False,False,False,length_below_openberg_minimum
2428,2021-02-12,-60.8452,-32.1849,ASCAT,18520.0,7408.0,False,False,False,False,length_exceeds_openberg_maximum
2429,2021-02-13,-60.7802,-31.7649,ASCAT,0.0,0.0,False,False,False,False,length_below_openberg_minimum
2430,2021-02-14,-60.7802,-31.7649,ASCAT,0.0,0.0,False,False,False,False,length_below_openberg_minimum
2431,2021-02-15,-60.7125,-31.3692,ASCAT,0.0,0.0,False,False,False,False,length_below_openberg_minimum
2432,2021-02-16,-60.7125,-31.3692,ASCAT,0.0,0.0,False,False,False,False,length_below_openberg_minimum
2433,2021-02-17,-60.6547,-31.152,ASCAT,0.0,0.0,False,False,False,False,length_below_openberg_minimum
2434,2021-02-18,-60.6547,-31.152,ASCAT,0.0,0.0,False,False,False,False,length_below_openberg_minimum
2435,2021-02-19,-60.6088,-31.0852,ASCAT,18520.0,7408.0,False,False,False,False,length_exceeds_openberg_maximum
2436,2021-02-20,-60.6088,-31.0852,ASCAT,0.0,0.0,False,False,False,False,length_below_openberg_minimum
2437,2021-02-21,-60.5997,-31.0614,ASCAT,0.0,0.0,False,False,False,False,length_below_openberg_minimum
2438,2021-02-22,-60.5769,-31.0018,ASCAT,0.0,0.0,False,False,False,False,length_below_openberg_minimum
2439,2021-02-23,-60.5473,-30.9244,ASCAT,0.0,0.0,False,False,False,False,length_below_openberg_minimum
2440,2021-02-24,-60.5177,-30.847,ASCAT,0.0,0.0,False,False,False,False,length_below_openberg_minimum
2441,2021-02-25,-60.4949,-30.7874,ASCAT,0.0,0.0,False,False,False,False,length_below_openberg_minimum
2442,2021-02-26,-60.4858,-30.7636,ASCAT,18520.0,7408.0,False,False,False,False,length_exceeds_openberg_maximum
2443,2021-02-27,-60.4858,-30.7636,ASCAT,0.0,0.0,False,False,False,False,length_below_openberg_minimum
2444,2021-02-28,-60.4804,-30.7579,ASCAT,0.0,0.0,False,False,False,False,length_below_openberg_minimum
2445,2021-03-01,-60.465,-30.7415,ASCAT,0.0,0.0,False,False,False,False,length_below_openberg_minimum
2446,2021-03-02,-60.4409,-30.7157,ASCAT,0.0,0.0,False,False,False,False,length_below_openberg_minimum
2447,2021-03-03,-60.4093,-30.6816,ASCAT,0.0,0.0,False,False,False,False,length_below_openberg_minimum
2448,2021-03-04,-60.3714,-30.6404,ASCAT,0.0,0.0,False,False,False,False,length_below_openberg_minimum
2449,2021-03-05,-60.3285,-30.5934,ASCAT,16668.0,7408.0,False,False,False,False,length_exceeds_openberg_maximum
2450,2021-03-06,-60.2817,-30.5417,ASCAT,0.0,0.0,False,False,False,False,length_below_openberg_minimum
2451,2021-03-07,-60.2324,-30.4864,ASCAT,0.0,0.0,False,False,False,False,length_below_openberg_minimum
2452,2021-03-08,-60.1817,-30.429,ASCAT,0.0,0.0,False,False,False,False,length_below_openberg_minimum
2453,2021-03-09,-60.1309,-30.3704,ASCAT,0.0,0.0,False,False,False,False,length_below_openberg_minimum
2454,2021-03-10,-60.0812,-30.3119,ASCAT,0.0,0.0,False,False,False,False,length_below_openberg_minimum
2455,2021-03-11,-60.0338,-30.2547,ASCAT,0.0,0.0,False,False,False,False,length_below_openberg_minimum
2456,2021-03-12,-59.99,-30.2,ASCAT,16668.0,7408.0,False,False,False,False,length_exceeds_openberg_maximum
2457,2021-03-13,-59.9541,-30.1329,NIC,0.0,0.0,False,False,False,False,length_below_openberg_minimum
2458,2021-03-14,-59.9186,-30.0331,NIC,0.0,0.0,False,False,False,False,length_below_openberg_minimum
2459,2021-03-15,-59.8827,-29.9127,NIC,0.0,0.0,False,False,False,False,length_below_openberg_minimum
2460,2021-03-16,-59.8456,-29.784,NIC,0.0,0.0,False,False,False,False,length_below_openberg_minimum
2461,2021-03-17,-59.8066,-29.6591,NIC,0.0,0.0,False,False,False,False,length_below_openberg_minimum
2462,2021-03-18,-59.765,-29.5504,NIC,0.0,0.0,False,False,False,False,length_below_openberg_minimum
2463,2021-03-19,-59.72,-29.47,NIC,16668.0,7408.0,False,False,False,False,length_exceeds_openberg_maximum
2464,2021-03-20,-59.6651,-29.4144,NIC,0.0,0.0,False,False,False,False,length_below_openberg_minimum
2465,2021-03-21,-59.5982,-29.3692,NIC,0.0,0.0,False,False,False,False,length_below_openberg_minimum
2466,2021-03-22,-59.5257,-29.3305,NIC,0.0,0.0,False,False,False,False,length_below_openberg_minimum
2467,2021-03-23,-59.4534,-29.2942,NIC,0.0,0.0,False,False,False,False,length_below_openberg_minimum
2468,2021-03-24,-59.3876,-29.2563,NIC,0.0,0.0,False,False,False,False,length_below_openberg_minimum
2469,2021-03-25,-59.3345,-29.2129,NIC,0.0,0.0,False,False,False,False,length_below_openberg_minimum
2470,2021-03-26,-59.3,-29.16,NIC,16668.0,7408.0,False,False,False,False,length_exceeds_openberg_maximum
2471,2021-03-27,-59.3,-29.16,ASCAT,0.0,0.0,False,False,False,False,length_below_openberg_minimum
2472,2021-03-28,-59.2638,-29.0169,NIC,0.0,0.0,False,False,False,False,length_below_openberg_minimum
2473,2021-03-29,-59.251,-28.9302,NIC,0.0,0.0,False,False,False,False,length_below_openberg_minimum
2474,2021-03-30,-59.2396,-28.8368,NIC,0.0,0.0,False,False,False,False,length_below_openberg_minimum
2475,2021-03-31,-59.2283,-28.7389,NIC,0.0,0.0,False,False,False,False,length_below_openberg_minimum
2476,2021-04-01,-59.2156,-28.6392,NIC,0.0,0.0,False,False,False,False,length_below_openberg_minimum
2477,2021-04-02,-59.2,-28.54,NIC,16668.0,7408.0,False,False,False,False,length_exceeds_openberg_maximum
2478,2021-04-03,-59.1796,-28.4333,NIC,0.0,0.0,False,False,False,False,length_below_openberg_minimum
2479,2021-04-04,-59.1548,-28.3142,NIC,0.0,0.0,False,False,False,False,length_below_openberg_minimum
2480,2021-04-05,-59.1278,-28.1893,NIC,0.0,0.0,False,False,False,False,length_below_openberg_minimum
2481,2021-04-06,-59.1007,-28.0656,NIC,0.0,0.0,False,False,False,False,length_below_openberg_minimum
2482,2021-04-07,-59.0757,-27.9499,NIC,0.0,0.0,False,False,False,False,length_below_openberg_minimum
2483,2021-04-08,-59.0547,-27.8491,NIC,0.0,0.0,False,False,False,False,length_below_openberg_minimum
2484,2021-04-09,-59.04,-27.77,NIC,16668.0,7408.0,False,False,False,False,length_exceeds_openberg_maximum
2485,2021-04-10,-59.0309,-27.7115,NIC,0.0,0.0,False,False,False,False,length_below_openberg_minimum
2486,2021-04-11,-59.0245,-27.6648,NIC,0.0,0.0,False,False,False,False,length_below_openberg_minimum
2487,2021-04-12,-59.0148,-27.9031,ASCAT,0.0,0.0,False,False,False,False,length_below_openberg_minimum
2488,2021-04-13,-58.978,-27.7747,ASCAT,0.0,0.0,False,False,False,False,length_below_openberg_minimum
2489,2021-04-14,-58.9287,-27.6168,ASCAT,0.0,0.0,False,False,False,False,length_below_openberg_minimum
2490,2021-04-15,-58.8717,-27.453,ASCAT,0.0,0.0,False,False,False,False,length_below_openberg_minimum
2491,2021-04-16,-58.8118,-27.3066,ASCAT,16668.0,7408.0,False,False,False,False,length_exceeds_openberg_maximum
2492,2021-04-17,-58.7535,-27.201,ASCAT,0.0,0.0,False,False,False,False,length_below_openberg_minimum
2493,2021-04-18,-58.8196,-27.2151,NIC,0.0,0.0,False,False,False,False,length_below_openberg_minimum
2494,2021-04-19,-58.6621,-27.0626,NIC,0.0,0.0,False,False,False,False,length_below_openberg_minimum
2495,2021-04-20,-58.4879,-26.9075,NIC,0.0,0.0,False,False,False,False,length_below_openberg_minimum
2496,2021-04-21,-58.3205,-26.7683,NIC,0.0,0.0,False,False,False,False,length_below_openberg_minimum
2497,2021-04-22,-58.1833,-26.663,NIC,0.0,0.0,False,False,False,False,length_below_openberg_minimum
2498,2021-04-23,-58.1,-26.61,NIC,16668.0,7408.0,False,False,False,False,length_exceeds_openberg_maximum
2499,2021-04-24,-58.0527,-26.5903,NIC,0.0,0.0,False,False,False,False,length_below_openberg_minimum
2500,2021-04-25,-58.0088,-26.5729,NIC,0.0,0.0,False,False,False,False,length_below_openberg_minimum
2501,2021-04-26,-57.9698,-26.5581,NIC,0.0,0.0,False,False,False,False,length_below_openberg_minimum
2502,2021-04-27,-57.937,-26.5462,NIC,0.0,0.0,False,False,False,False,length_below_openberg_minimum
2503,2021-04-28,-57.9118,-26.5374,NIC,0.0,0.0,False,False,False,False,length_below_openberg_minimum
2504,2021-04-29,-57.8957,-26.5319,NIC,0.0,0.0,False,False,False,False,length_below_openberg_minimum
2505,2021-04-30,-57.89,-26.53,NIC,16668.0,7408.0,False,False,False,False,length_exceeds_openberg_maximum
2506,2021-05-01,-57.89,-26.53,ASCAT,0.0,0.0,False,False,False,False,length_below_openberg_minimum
2507,2021-05-02,-57.8383,-26.5446,ASCAT,0.0,0.0,False,False,False,False,length_below_openberg_minimum
2508,2021-05-03,-57.6981,-26.4529,ASCAT,0.0,0.0,False,False,False,False,length_below_openberg_minimum
2509,2021-05-04,-57.479,-26.2453,ASCAT,0.0,0.0,False,False,False,False,length_below_openberg_minimum
2510,2021-05-05,-57.2674,-26.0229,ASCAT,0.0,0.0,False,False,False,False,length_below_openberg_minimum
2511,2021-05-06,-57.15,-25.887,ASCAT,0.0,0.0,False,False,False,False,length_below_openberg_minimum
2512,2021-05-07,-57.1116,-25.8311,ASCAT,0.0,0.0,False,False,False,False,length_below_openberg_minimum
2513,2021-05-08,-57.08,-25.7832,ASCAT,0.0,0.0,False,False,False,False,length_below_openberg_minimum
2514,2021-05-09,-57.0562,-25.7458,ASCAT,0.0,0.0,False,False,False,False,length_below_openberg_minimum
2515,2021-05-10,-57.0412,-25.7214,ASCAT,0.0,0.0,False,False,False,False,length_below_openberg_minimum
2516,2021-05-11,-57.036,-25.7127,ASCAT,0.0,0.0,False,False,False,False,length_below_openberg_minimum
