source_index,timestamp,latitude,longitude,sensor_source,length_m,width_m,era5_covered,glorys_covered,environment_matched,openberg_geometry_compatible,geometry_compatibility_reason
0,2018-02-28,-67.166,81.497,ASCAT,14816.0,9260.0,False,False,False,False,length_exceeds_openberg_maximum
1,2018-03-01,-67.2278,81.8267,ASCAT,0.0,0.0,False,False,False,False,length_below_openberg_minimum
2,2018-03-02,-67.2532,81.9624,ASCAT,14816.0,9260.0,False,False,False,False,length_exceeds_openberg_maximum
3,2018-03-03,-67.2532,81.9624,ASCAT,0.0,0.0,False,False,False,False,length_below_openberg_minimum
4,2018-03-04,-67.2532,81.9624,ASCAT,0.0,0.0,False,False,False,False,length_below_openberg_minimum
5,2018-03-05,-67.2532,81.9624,ASCAT,0.0,0.0,False,False,False,False,length_below_openberg_minimum
6,2018-03-06,-67.2532,81.9624,ASCAT,0.0,0.0,False,False,False,False,length_below_openberg_minimum
7,2018-03-07,-67.2532,81.9624,ASCAT,0.0,0.0,False,False,False,False,length_below_openberg_minimum
8,2018-03-08,-67.2532,81.9624,ASCAT,0.0,0.0,False,False,False,False,length_below_openberg_minimum
9,2018-03-09,-67.2532,81.9624,ASCAT,14816.0,9260.0,False,False,False,False,length_exceeds_openberg_maximum
10,2018-03-10,-67.2532,81.9624,ASCAT,0.0,0.0,False,False,False,False,length_below_openberg_minimum
11,2018-03-11,-67.2532,81.9624,ASCAT,0.0,0.0,False,False,False,False,length_below_openberg_minimum
12,2018-03-12,-67.2532,81.9624,ASCAT,0.0,0.0,False,False,False,False,length_below_openberg_minimum
13,2018-03-13,-67.2532,81.9624,ASCAT,0.0,0.0,False,False,False,False,length_below_openberg_minimum
14,2018-03-14,-67.2532,81.9624,ASCAT,0.0,0.0,False,False,False,False,length_below_openberg_minimum
15,2018-03-15,-67.2532,81.9624,ASCAT,0.0,0.0,False,False,False,False,length_below_openberg_minimum
16,2018-03-16,-67.2532,81.9624,ASCAT,14816.0,9260.0,False,False,False,False,length_exceeds_openberg_maximum
17,2018-03-17,-67.2532,81.9624,ASCAT,0.0,0.0,False,False,False,False,length_below_openberg_minimum
18,2018-03-18,-67.2532,81.9624,ASCAT,0.0,0.0,False,False,False,False,length_below_openberg_minimum
19,2018-03-19,-67.2532,81.9624,ASCAT,0.0,0.0,False,False,False,False,length_below_openberg_minimum
20,2018-03-20,-67.2532,81.9624,ASCAT,0.0,0.0,False,False,False,False,length_below_openberg_minimum
21,2018-03-21,-67.2532,81.9624,ASCAT,0.0,0.0,False,False,False,False,length_below_openberg_minimum
22,2018-03-22,-67.2532,81.9624,ASCAT,0.0,0.0,False,False,False,False,length_below_openberg_minimum
23,2018-03-23,-67.2532,81.9624,ASCAT,14816.0,9260.0,False,False,False,False,length_exceeds_openberg_maximum
24,2018-03-24,-67.2532,81.9624,ASCAT,0.0,0.0,False,False,False,False,length_below_openberg_minimum
25,2018-03-25,-67.2532,81.9624,ASCAT,0.0,0.0,False,False,False,False,length_below_openberg_minimum
26,2018-03-26,-67.2532,81.9624,ASCAT,0.0,0.0,False,False,False,False,length_below_openberg_minimum
27,2018-03-27,-67.2532,81.9624,ASCAT,0.0,0.0,False,False,False,False,length_below_openberg_minimum
28,2018-03-28,-67.2532,81.9624,ASCAT,0.0,0.0,False,False,False,False,length_below_openberg_minimum
29,2018-03-29,-67.2532,81.9624,ASCAT,0.0,0.0,False,False,False,False,length_below_openberg_minimum
30,2018-03-30,-67.2532,81.9624,ASCAT,14816.0,9260.0,False,False,False,False,length_exceeds_openberg_maximum
31,2018-03-31,-67.2532,81.9624,ASCAT,0.0,0.0,False,False,False,False,length_below_openberg_minimum
32,2018-04-01,-67.2532,81.9624,ASCAT,0.0,0.0,False,False,False,False,length_below_openberg_minimum
33,2018-04-02,-67.2532,81.9624,ASCAT,0.0,0.0,False,False,False,False,length_below_openberg_minimum
34,2018-04-03,-67.2532,81.9624,ASCAT,0.0,0.0,False,False,False,False,length_below_openberg_minimum
35,2018-04-04,-67.2532,81.9624,ASCAT,0.0,0.0,False,False,False,False,length_below_openberg_minimum
36,2018-04-05,-67.2532,81.9624,ASCAT,0.0,0.0,False,False,False,False,length_below_openberg_minimum
37,2018-04-06,-67.2532,81.9624,ASCAT,14816.0,9260.0,False,False,False,False,length_exceeds_openberg_maximum
38,2018-04-07,-67.2532,81.9624,ASCAT,0.0,0.0,False,False,False,False,length_below_openberg_minimum
39,2018-04-08,-67.2532,81.9624,ASCAT,0.0,0.0,False,False,False,False,length_below_openberg_minimum
40,2018-04-09,-67.2532,81.9624,ASCAT,0.0,0.0,False,False,False,False,length_below_openberg_minimum
41,2018-04-10,-67.2532,81.9624,ASCAT,0.0,0.0,False,False,False,False,length_below_openberg_minimum
42,2018-04-11,-67.2532,81.9624,ASCAT,0.0,0.0,False,False,False,False,length_below_openberg_minimum
43,2018-04-12,-67.2532,81.9624,ASCAT,0.0,0.0,False,False,False,False,length_below_openberg_minimum
44,2018-04-13,-67.2532,81.9624,ASCAT,14816.0,9260.0,False,False,False,False,length_exceeds_openberg_maximum
45,2018-04-14,-67.2532,81.9624,ASCAT,0.0,0.0,False,False,False,False,length_below_openberg_minimum
46,2018-04-15,-67.2532,81.9624,ASCAT,0.0,0.0,False,False,False,False,length_below_openberg_minimum
47,2018-04-16,-67.2532,81.9624,ASCAT,0.0,0.0,False,False,False,False,length_below_openberg_minimum
48,2018-04-17,-67.2532,81.9624,ASCAT,0.0,0.0,False,False,False,False,length_below_openberg_minimum
49,2018-04-18,-67.2532,81.9624,ASCAT,0.0,0.0,False,False,False,False,length_below_openberg_minimum
50,2018-04-19,-67.2532,81.9624,ASCAT,0.0,0.0,False,False,False,False,length_below_openberg_minimum
51,2018-04-20,-67.2532,81.9624,ASCAT,14816.0,9260.0,False,False,False,False,length_exceeds_openberg_maximum
52,2018-04-21,-67.2532,81.9624,ASCAT,0.0,0.0,False,False,False,False,length_below_openberg_minimum
53,2018-04-22,-67.2532,81.9624,ASCAT,0.0,0.0,False,False,False,False,length_below_openberg_minimum
54,2018-04-23,-67.2532,81.9624,ASCAT,0.0,0.0,False,False,False,False,length_below_openberg_minimum
55,2018-04-24,-67.2532,81.9624,ASCAT,0.0,0.0,False,False,False,False,length_below_openberg_minimum
56,2018-04-25,-67.2532,81.9624,ASCAT,0.0,0.0,False,False,False,False,length_below_openberg_minimum
57,2018-04-26,-67.2532,81.9624,ASCAT,0.0,0.0,False,False,False,False,length_below_openberg_minimum
58,2018-04-27,-67.2532,81.9624,ASCAT,14816.0,9260.0,False,False,False,False,length_exceeds_openberg_maximum
59,2018-04-28,-67.2532,81.9624,ASCAT,0.0,0.0,False,False,False,False,length_below_openberg_minimum
60,2018-04-29,-67.27,81.87,ASCAT,0.0,0.0,False,False,False,False,length_below_openberg_minimum
61,2018-04-30,-67.2532,81.9624,ASCAT,0.0,0.0,False,False,False,False,length_below_openberg_minimum
62,2018-05-01,-67.27,81.87,ASCAT,0.0,0.0,False,False,False,False,length_below_openberg_minimum
63,2018-05-02,-67.2532,81.9624,ASCAT,0.0,0.0,False,False,False,False,length_below_openberg_minimum
64,2018-05-03,-67.27,81.87,ASCAT,0.0,0.0,False,False,False,False,length_below_openberg_minimum
65,2018-05-04,-67.2532,81.9624,ASCAT,14816.0,9260.0,False,False,False,False,length_exceeds_openberg_maximum
66,2018-05-05,-67.27,81.87,ASCAT,0.0,0.0,False,False,False,False,length_below_openberg_minimum
67,2018-05-06,-67.2532,81.9624,ASCAT,0.0,0.0,False,False,False,False,length_below_openberg_minimum
68,2018-05-07,-67.27,81.87,ASCAT,0.0,0.0,False,False,False,False,length_below_openberg_minimum
69,2018-05-08,-67.2532,81.9624,ASCAT,14816.0,9260.0,False,False,False,False,length_exceeds_openberg_maximum
70,2018-05-09,-67.27,81.87,ASCAT,0.0,0.0,False,False,False,False,length_below_openberg_minimum
71,2018-05-10,-67.2532,81.9624,ASCAT,0.0,0.0,False,False,False,False,length_below_openberg_minimum
72,2018-05-11,-67.27,81.87,ASCAT,14816.0,9260.0,False,False,False,False,length_exceeds_openberg_maximum
73,2018-05-12,-67.2532,81.9624,ASCAT,0.0,0.0,False,False,False,False,length_below_openberg_minimum
74,2018-05-13,-67.2532,81.9624,ASCAT,0.0,0.0,False,False,False,False,length_below_openberg_minimum
75,2018-05-14,-67.2532,81.9624,ASCAT,0.0,0.0,False,False,False,False,length_below_openberg_minimum
76,2018-05-15,-67.2532,81.9624,ASCAT,0.0,0.0,False,False,False,False,length_below_openberg_minimum
77,2018-05-16,-67.2532,81.9624,ASCAT,0.0,0.0,False,False,False,False,length_below_openberg_minimum
78,2018-05-17,-67.2532,81.9624,ASCAT,0.0,0.0,False,False,False,False,length_below_openberg_minimum
79,2018-05-18,-67.2532,81.9624,ASCAT,14816.0,9260.0,False,False,False,False,length_exceeds_openberg_maximum
80,2018-05-19,-67.2532,81.9624,ASCAT,0.0,0.0,False,False,False,False,length_below_openberg_minimum
81,2018-05-20,-67.2532,81.9624,ASCAT,0.0,0.0,False,False,False,False,length_below_openberg_minimum
82,2018-05-21,-67.2532,81.9624,ASCAT,0.0,0.0,False,False,False,False,length_below_openberg_minimum
83,2018-05-22,-67.27,81.87,ASCAT,0.0,0.0,False,False,False,False,length_below_openberg_minimum
84,2018-05-23,-67.2532,81.9624,ASCAT,0.0,0.0,False,False,False,False,length_below_openberg_minimum
85,2018-05-24,-67.2532,81.9624,ASCAT,0.0,0.0,False,False,False,False,length_below_openberg_minimum
86,2018-05-25,-67.27,81.87,ASCAT,14816.0,9260.0,False,False,False,False,length_exceeds_openberg_maximum
87,2018-05-26,-67.2532,81.9624,ASCAT,0.0,0.0,False,False,False,False,length_below_openberg_minimum
88,2018-05-27,-67.27,81.87,ASCAT,0.0,0.0,False,False,False,False,length_below_openberg_minimum
89,2018-05-28,-67.2532,81.9624,ASCAT,0.0,0.0,False,False,False,False,length_below_openberg_minimum
90,2018-05-29,-67.27,81.87,ASCAT,0.0,0.0,False,False,False,False,length_below_openberg_minimum
91,2018-05-30,-67.2532,81.9624,ASCAT,0.0,0.0,False,False,False,False,length_below_openberg_minimum
92,2018-05-31,-67.27,81.87,ASCAT,0.0,0.0,False,False,False,False,length_below_openberg_minimum
93,2018-06-01,-67.2532,81.9624,ASCAT,14816.0,9260.0,False,False,False,False,length_exceeds_openberg_maximum
94,2018-06-02,-67.27,81.87,ASCAT,0.0,0.0,False,False,False,False,length_below_openberg_minimum
95,2018-06-03,-67.2532,81.9624,ASCAT,0.0,0.0,False,False,False,False,length_below_openberg_minimum
96,2018-06-04,-67.27,81.87,ASCAT,0.0,0.0,False,False,False,False,length_below_openberg_minimum
97,2018-06-05,-67.2532,81.9624,ASCAT,0.0,0.0,False,False,False,False,length_below_openberg_minimum
98,2018-06-06,-67.27,81.87,ASCAT,0.0,0.0,False,False,False,False,length_below_openberg_minimum
99,2018-06-07,-67.2532,81.9624,ASCAT,0.0,0.0,False,False,False,False,length_below_openberg_minimum
100,2018-06-08,-67.27,81.87,ASCAT,14816.0,9260.0,False,False,False,False,length_exceeds_openberg_maximum
101,2018-06-09,-67.2532,81.9624,ASCAT,0.0,0.0,False,False,False,False,length_below_openberg_minimum
102,2018-06-10,-67.27,81.87,ASCAT,0.0,0.0,False,False,False,False,length_below_openberg_minimum
103,2018-06-11,-67.2532,81.9624,ASCAT,0.0,0.0,False,False,False,False,length_below_openberg_minimum
104,2018-06-12,-67.27,81.87,ASCAT,0.0,0.0,False,False,False,False,length_below_openberg_minimum
105,2018-06-13,-67.2532,81.9624,ASCAT,0.0,0.0,False,False,False,False,length_below_openberg_minimum
106,2018-06-14,-67.27,81.87,ASCAT,0.0,0.0,False,False,False,False,length_below_openberg_minimum
107,2018-06-15,-67.2532,81.9624,ASCAT,14816.0,9260.0,False,False,False,False,length_exceeds_openberg_maximum
108,2018-06-16,-67.27,81.87,ASCAT,0.0,0.0,False,False,False,False,length_below_openberg_minimum
109,2018-06-17,-67.2532,81.9624,ASCAT,0.0,0.0,False,False,False,False,length_below_openberg_minimum
110,2018-06-18,-67.27,81.87,ASCAT,0.0,0.0,False,False,False,False,length_below_openberg_minimum
111,2018-06-19,-67.2532,81.9624,ASCAT,0.0,0.0,False,False,False,False,length_below_openberg_minimum
112,2018-06-20,-67.27,81.87,ASCAT,0.0,0.0,False,False,False,False,length_below_openberg_minimum
113,2018-06-21,-67.2532,81.9624,ASCAT,0.0,0.0,False,False,False,False,length_below_openberg_minimum
114,2018-06-22,-67.27,81.87,ASCAT,14816.0,9260.0,False,False,False,False,length_exceeds_openberg_maximum
115,2018-06-23,-67.2532,81.9624,ASCAT,0.0,0.0,False,False,False,False,length_below_openberg_minimum
116,2018-06-24,-67.2532,81.9624,ASCAT,0.0,0.0,False,False,False,False,length_below_openberg_minimum
117,2018-06-25,-67.27,81.87,ASCAT,0.0,0.0,False,False,False,False,length_below_openberg_minimum
118,2018-06-26,-67.2532,81.9624,ASCAT,0.0,0.0,False,False,False,False,length_below_openberg_minimum
119,2018-06-27,-67.2532,81.9624,ASCAT,0.0,0.0,False,False,False,False,length_below_openberg_minimum
120,2018-06-28,-67.2532,81.9624,ASCAT,0.0,0.0,False,False,False,False,length_below_openberg_minimum
121,2018-06-29,-67.2532,81.9624,ASCAT,0.0,0.0,False,False,False,False,length_below_openberg_minimum
122,2018-06-30,-67.2532,81.9624,ASCAT,0.0,0.0,False,False,False,False,length_below_openberg_minimum
123,2018-07-01,-67.2532,81.9624,ASCAT,0.0,0.0,False,False,False,False,length_below_openberg_minimum
124,2018-07-02,-67.2532,81.9624,ASCAT,0.0,0.0,False,False,False,False,length_below_openberg_minimum
125,2018-07-03,-67.27,81.87,ASCAT,0.0,0.0,False,False,False,False,length_below_openberg_minimum
126,2018-07-04,-67.27,81.87,ASCAT,0.0,0.0,False,False,False,False,length_below_openberg_minimum
127,2018-07-05,-67.27,81.87,ASCAT,0.0,0.0,False,False,False,False,length_below_openberg_minimum
128,2018-07-06,-67.27,81.87,ASCAT,14816.0,9260.0,False,False,False,False,length_exceeds_openberg_maximum
129,2018-07-07,-67.27,81.87,ASCAT,0.0,0.0,False,False,False,False,length_below_openberg_minimum
130,2018-07-08,-67.27,81.87,ASCAT,0.0,0.0,False,False,False,False,length_below_openberg_minimum
131,2018-07-09,-67.27,81.87,ASCAT,0.0,0.0,False,False,False,False,length_below_openberg_minimum
132,2018-07-10,-67.27,81.87,ASCAT,0.0,0.0,False,False,False,False,length_below_openberg_minimum
133,2018-07-11,-67.27,81.87,ASCAT,0.0,0.0,False,False,False,False,length_below_openberg_minimum
134,2018-07-12,-67.27,81.87,ASCAT,0.0,0.0,False,False,False,False,length_below_openberg_minimum
135,2018-07-13,-67.27,81.87,ASCAT,14816.0,9260.0,False,False,False,False,length_exceeds_openberg_maximum
136,2018-07-14,-67.27,81.87,ASCAT,0.0,0.0,False,False,False,False,length_below_openberg_minimum
137,2018-07-15,-67.27,81.87,ASCAT,0.0,0.0,False,False,False,False,length_below_openberg_minimum
138,2018-07-16,-67.27,81.87,ASCAT,0.0,0.0,False,False,False,False,length_below_openberg_minimum
139,2018-07-17,-67.27,81.87,ASCAT,0.0,0.0,False,False,False,False,length_below_openberg_minimum
140,2018-07-18,-67.27,81.87,ASCAT,0.0,0.0,False,False,False,False,length_below_openberg_minimum
141,2018-07-19,-67.27,81.87,ASCAT,0.0,0.0,False,False,False,False,length_below_openberg_minimum
142,2018-07-20,-67.27,81.87,ASCAT,0.0,0.0,False,False,False,False,length_below_openberg_minimum
143,2018-07-21,-67.27,81.87,ASCAT,0.0,0.0,False,False,False,False,length_below_openberg_minimum
144,2018-07-22,-67.27,81.87,ASCAT,0.0,0.0,False,False,False,False,length_below_openberg_minimum
145,2018-07-23,-67.27,81.87,ASCAT,0.0,0.0,False,False,False,False,length_below_openberg_minimum
146,2018-07-24,-67.27,81.87,ASCAT,0.0,0.0,False,False,False,False,length_below_openberg_minimum
147,2018-07-25,-67.27,81.87,ASCAT,0.0,0.0,False,False,False,False,length_below_openberg_minimum
148,2018-07-26,-67.27,81.87,ASCAT,0.0,0.0,False,False,False,False,length_below_openberg_minimum
149,2018-07-27,-67.27,81.87,ASCAT,14816.0,9260.0,False,False,False,False,length_exceeds_openberg_maximum
150,2018-07-28,-67.27,81.87,ASCAT,0.0,0.0,False,False,False,False,length_below_openberg_minimum
151,2018-07-29,-67.27,81.87,ASCAT,0.0,0.0,False,False,False,False,length_below_openberg_minimum
152,2018-07-30,-67.27,81.87,ASCAT,0.0,0.0,False,False,False,False,length_below_openberg_minimum
153,2018-07-31,-67.27,81.87,ASCAT,0.0,0.0,False,False,False,False,length_below_openberg_minimum
154,2018-08-01,-67.27,81.87,ASCAT,0.0,0.0,False,False,False,False,length_below_openberg_minimum
155,2018-08-02,-67.27,81.87,ASCAT,0.0,0.0,False,False,False,False,length_below_openberg_minimum
156,2018-08-03,-67.27,81.87,ASCAT,14816.0,9260.0,False,False,False,False,length_exceeds_openberg_maximum
157,2018-08-04,-67.27,81.87,ASCAT,0.0,0.0,False,False,False,False,length_below_openberg_minimum
158,2018-08-05,-67.27,81.87,ASCAT,0.0,0.0,False,False,False,False,length_below_openberg_minimum
159,2018-08-06,-67.27,81.87,ASCAT,0.0,0.0,False,False,False,False,length_below_openberg_minimum
160,2018-08-07,-67.27,81.87,ASCAT,0.0,0.0,False,False,False,False,length_below_openberg_minimum
161,2018-08-08,-67.27,81.87,ASCAT,0.0,0.0,False,False,False,False,length_below_openberg_minimum
162,2018-08-09,-67.27,81.87,ASCAT,0.0,0.0,False,False,False,False,length_below_openberg_minimum
163,2018-08-10,-67.27,81.87,ASCAT,14816.0,9260.0,False,False,False,False,length_exceeds_openberg_maximum
164,2018-08-11,-67.27,81.87,ASCAT,0.0,0.0,False,False,False,False,length_below_openberg_minimum
165,2018-08-12,-67.27,81.87,ASCAT,0.0,0.0,False,False,False,False,length_below_openberg_minimum
166,2018-08-13,-67.27,81.87,ASCAT,0.0,0.0,False,False,False,False,length_below_openberg_minimum
167,2018-08-14,-67.27,81.87,ASCAT,0.0,0.0,False,False,False,False,length_below_openberg_minimum
168,2018-08-15,-67.27,81.87,ASCAT,0.0,0.0,False,False,False,False,length_below_openberg_minimum
169,2018-08-16,-67.27,81.87,ASCAT,0.0,0.0,False,False,False,False,length_below_openberg_minimum
170,2018-08-17,-67.27,81.87,ASCAT,14816.0,9260.0,False,False,False,False,length_exceeds_openberg_maximum
171,2018-08-18,-67.27,81.87,ASCAT,0.0,0.0,False,False,False,False,length_below_openberg_minimum
172,2018-08-19,-67.27,81.87,ASCAT,0.0,0.0,False,False,False,False,length_below_openberg_minimum
173,2018-08-20,-67.27,81.87,ASCAT,0.0,0.0,False,False,False,False,length_below_openberg_minimum
174,2018-08-21,-67.27,81.87,ASCAT,0.0,0.0,False,False,False,False,length_below_openberg_minimum
175,2018-08-22,-67.27,81.87,ASCAT,0.0,0.0,False,False,False,False,length_below_openberg_minimum
176,2018-08-23,-67.27,81.87,ASCAT,0.0,0.0,False,False,False,False,length_below_openberg_minimum
177,2018-08-24,-67.27,81.87,ASCAT,14816.0,9260.0,False,False,False,False,length_exceeds_openberg_maximum
178,2018-08-25,-67.27,81.87,ASCAT,0.0,0.0,False,False,False,False,length_below_openberg_minimum
179,2018-08-26,-67.27,81.87,ASCAT,0.0,0.0,False,False,False,False,length_below_openberg_minimum
180,2018-08-27,-67.27,81.87,ASCAT,0.0,0.0,False,False,False,False,length_below_openberg_minimum
181,2018-08-28,-67.27,81.87,ASCAT,0.0,0.0,False,False,False,False,length_below_openberg_minimum
182,2018-08-29,-67.27,81.87,ASCAT,0.0,0.0,False,False,False,False,length_below_openberg_minimum
183,2018-08-30,-67.2532,81.9624,ASCAT,0.0,0.0,False,False,False,False,length_below_openberg_minimum
184,2018-08-31,-67.2532,81.9624,ASCAT,14816.0,9260.0,False,False,False,False,length_exceeds_openberg_maximum
185,2018-09-01,-67.2532,81.9624,ASCAT,0.0,0.0,False,False,False,False,length_below_openberg_minimum
186,2018-09-02,-67.2532,81.9624,ASCAT,0.0,0.0,False,False,False,False,length_below_openberg_minimum
187,2018-09-03,-67.2532,81.9624,ASCAT,0.0,0.0,False,False,False,False,length_below_openberg_minimum
188,2018-09-04,-67.2532,81.9624,ASCAT,0.0,0.0,False,False,False,False,length_below_openberg_minimum
189,2018-09-05,-67.2532,81.9624,ASCAT,0.0,0.0,False,False,False,False,length_below_openberg_minimum
190,2018-09-06,-67.2532,81.9624,ASCAT,0.0,0.0,False,False,False,False,length_below_openberg_minimum
191,2018-09-07,-67.2532,81.9624,ASCAT,14816.0,9260.0,False,False,False,False,length_exceeds_openberg_maximum
192,2018-09-08,-67.2532,81.9624,ASCAT,0.0,0.0,False,False,False,False,length_below_openberg_minimum
193,2018-09-09,-67.2532,81.9624,ASCAT,0.0,0.0,False,False,False,False,length_below_openberg_minimum
194,2018-09-10,-67.2532,81.9624,ASCAT,0.0,0.0,False,False,False,False,length_below_openberg_minimum
195,2018-09-11,-67.2532,81.9624,ASCAT,0.0,0.0,False,False,False,False,length_below_openberg_minimum
196,2018-09-12,-67.2532,81.9624,ASCAT,0.0,0.0,False,False,False,False,length_below_openberg_minimum
197,2018-09-13,-67.2532,81.9624,ASCAT,0.0,0.0,False,False,False,False,length_below_openberg_minimum
198,2018-09-14,-67.2532,81.9624,ASCAT,14816.0,9260.0,False,False,False,False,length_exceeds_openberg_maximum
199,2018-09-15,-67.2532,81.9624,ASCAT,0.0,0.0,False,False,False,False,length_below_openberg_minimum
200,2018-09-16,-67.2532,81.9624,ASCAT,0.0,0.0,False,False,False,False,length_below_openberg_minimum
201,2018-09-17,-67.2532,81.9624,ASCAT,0.0,0.0,False,False,False,False,length_below_openberg_minimum
202,2018-09-18,-67.2532,81.9624,ASCAT,0.0,0.0,False,False,False,False,length_below_openberg_minimum
203,2018-09-19,-67.2532,81.9624,ASCAT,0.0,0.0,False,False,False,False,length_below_openberg_minimum
204,2018-09-20,-67.2532,81.9624,ASCAT,0.0,0.0,False,False,False,False,length_below_openberg_minimum
205,2018-09-21,-67.2532,81.9624,ASCAT,14816.0,9260.0,False,False,False,False,length_exceeds_openberg_maximum
206,2018-09-22,-67.2532,81.9624,ASCAT,0.0,0.0,False,False,False,False,length_below_openberg_minimum
207,2018-09-23,-67.2532,81.9624,ASCAT,0.0,0.0,False,False,False,False,length_below_openberg_minimum
208,2018-09-24,-67.2532,81.9624,ASCAT,0.0,0.0,False,False,False,False,length_below_openberg_minimum
209,2018-09-25,-67.27,81.87,ASCAT,0.0,0.0,False,False,False,False,length_below_openberg_minimum
210,2018-09-26,-67.2532,81.9624,ASCAT,0.0,0.0,False,False,False,False,length_below_openberg_minimum
211,2018-09-27,-67.2532,81.9624,ASCAT,0.0,0.0,False,False,False,False,length_below_openberg_minimum
212,2018-09-28,-67.2532,81.9624,ASCAT,14816.0,9260.0,False,False,False,False,length_exceeds_openberg_maximum
213,2018-09-29,-67.2532,81.9624,ASCAT,0.0,0.0,False,False,False,False,length_below_openberg_minimum
214,2018-09-30,-67.2532,81.9624,ASCAT,0.0,0.0,False,False,False,False,length_below_openberg_minimum
215,2018-10-01,-67.2532,81.9624,ASCAT,0.0,0.0,False,False,False,False,length_below_openberg_minimum
216,2018-10-02,-67.1646,81.7454,ASCAT,0.0,0.0,False,False,False,False,length_below_openberg_minimum
217,2018-10-03,-67.0759,81.5285,ASCAT,0.0,0.0,False,False,False,False,length_below_openberg_minimum
218,2018-10-04,-67.0759,81.5285,ASCAT,0.0,0.0,False,False,False,False,length_below_openberg_minimum
219,2018-10-05,-67.0881,81.5291,ASCAT,14816.0,9260.0,False,False,False,False,length_exceeds_openberg_maximum
220,2018-10-06,-67.1109,81.5301,ASCAT,0.0,0.0,False,False,False,False,length_below_openberg_minimum
221,2018-10-07,-67.1231,81.5307,ASCAT,0.0,0.0,False,False,False,False,length_below_openberg_minimum
222,2018-10-08,-67.1231,81.5307,ASCAT,0.0,0.0,False,False,False,False,length_below_openberg_minimum
223,2018-10-09,-67.1231,81.5307,ASCAT,0.0,0.0,False,False,False,False,length_below_openberg_minimum
224,2018-10-10,-67.1231,81.5307,ASCAT,0.0,0.0,False,False,False,False,length_below_openberg_minimum
225,2018-10-11,-67.1231,81.5307,ASCAT,0.0,0.0,False,False,False,False,length_below_openberg_minimum
226,2018-10-12,-67.1231,81.5307,ASCAT,0.0,0.0,False,False,False,False,length_below_openberg_minimum
227,2018-10-13,-67.1231,81.5307,ASCAT,0.0,0.0,False,False,False,False,length_below_openberg_minimum
228,2018-10-14,-67.1231,81.5307,ASCAT,0.0,0.0,False,False,False,False,length_below_openberg_minimum
229,2018-10-15,-67.1231,81.5307,ASCAT,0.0,0.0,False,False,False,False,length_below_openberg_minimum
230,2018-10-16,-67.1231,81.5307,ASCAT,0.0,0.0,False,False,False,False,length_below_openberg_minimum
231,2018-10-17,-67.1231,81.5307,ASCAT,0.0,0.0,False,False,False,False,length_below_openberg_minimum
232,2018-10-18,-67.1231,81.5307,ASCAT,0.0,0.0,False,False,False,False,length_below_openberg_minimum
233,2018-10-19,-67.1231,81.5307,ASCAT,0.0,0.0,False,False,False,False,length_below_openberg_minimum
234,2018-10-20,-67.1231,81.5307,ASCAT,0.0,0.0,False,False,False,False,length_below_openberg_minimum
235,2018-10-21,-67.1231,81.5307,ASCAT,0.0,0.0,False,False,False,False,length_below_openberg_minimum
236,2018-10-22,-67.1231,81.5307,ASCAT,0.0,0.0,False,False,False,False,length_below_openberg_minimum
237,2018-10-23,-67.1231,81.5307,ASCAT,0.0,0.0,False,False,False,False,length_below_openberg_minimum
238,2018-10-24,-67.1231,81.5307,ASCAT,0.0,0.0,False,False,False,False,length_below_openberg_minimum
239,2018-10-25,-67.1231,81.5307,ASCAT,0.0,0.0,False,False,False,False,length_below_openberg_minimum
240,2018-10-26,-67.1231,81.5307,ASCAT,0.0,0.0,False,False,False,False,length_below_openberg_minimum
241,2018-10-27,-67.1231,81.5307,ASCAT,0.0,0.0,False,False,False,False,length_below_openberg_minimum
242,2018-10-28,-67.1231,81.5307,ASCAT,0.0,0.0,False,False,False,False,length_below_openberg_minimum
243,2018-10-29,-67.1231,81.5307,ASCAT,0.0,0.0,False,False,False,False,length_below_openberg_minimum
244,2018-10-30,-67.1231,81.5307,ASCAT,0.0,0.0,False,False,False,False,length_below_openberg_minimum
245,2018-10-31,-67.1231,81.5307,ASCAT,0.0,0.0,False,False,False,False,length_below_openberg_minimum
246,2018-11-01,-67.1231,81.5307,ASCAT,0.0,0.0,False,False,False,False,length_below_openberg_minimum
247,2018-11-02,-67.1231,81.5307,ASCAT,14816.0,9260.0,False,False,False,False,length_exceeds_openberg_maximum
248,2018-11-03,-67.1231,81.5307,ASCAT,0.0,0.0,False,False,False,False,length_below_openberg_minimum
249,2018-11-04,-67.1231,81.5307,ASCAT,0.0,0.0,False,False,False,False,length_below_openberg_minimum
250,2018-11-05,-67.1231,81.5307,ASCAT,0.0,0.0,False,False,False,False,length_below_openberg_minimum
251,2018-11-06,-67.1231,81.5307,ASCAT,0.0,0.0,False,False,False,False,length_below_openberg_minimum
252,2018-11-07,-67.1231,81.5307,ASCAT,0.0,0.0,False,False,False,False,length_below_openberg_minimum
253,2018-11-08,-67.1231,81.5307,ASCAT,0.0,0.0,False,False,False,False,length_below_openberg_minimum
254,2018-11-09,-67.1231,81.5307,ASCAT,14816.0,9260.0,False,False,False,False,length_exceeds_openberg_maximum
255,2018-11-10,-67.1231,81.5307,ASCAT,0.0,0.0,False,False,False,False,length_below_openberg_minimum
256,2018-11-11,-67.1231,81.5307,ASCAT,0.0,0.0,False,False,False,False,length_below_openberg_minimum
257,2018-11-12,-67.1231,81.5307,ASCAT,0.0,0.0,False,False,False,False,length_below_openberg_minimum
258,2018-11-13,-67.1231,81.5307,ASCAT,0.0,0.0,False,False,False,False,length_below_openberg_minimum
259,2018-11-14,-67.1231,81.5307,ASCAT,0.0,0.0,False,False,False,False,length_below_openberg_minimum
260,2018-11-15,-67.1231,81.5307,ASCAT,0.0,0.0,False,False,False,False,length_below_openberg_minimum
261,2018-11-16,-67.1231,81.5307,ASCAT,0.0,0.0,False,False,False,False,length_below_openberg_minimum
262,2018-11-17,-67.1231,81.5307,ASCAT,0.0,0.0,False,False,False,False,length_below_openberg_minimum
263,2018-11-18,-67.1167,81.5325,ASCAT,0.0,0.0,False,False,False,False,length_below_openberg_minimum
264,2018-11-19,-67.1102,81.5342,ASCAT,0.0,0.0,False,False,False,False,length_below_openberg_minimum
265,2018-11-20,-67.1102,81.5342,ASCAT,0.0,0.0,False,False,False,False,length_below_openberg_minimum
266,2018-11-21,-67.0976,81.5129,ASCAT,0.0,0.0,False,False,False,False,length_below_openberg_minimum
267,2018-11-22,-67.1242,81.4784,ASCAT,0.0,0.0,False,False,False,False,length_below_openberg_minimum
268,2018-11-23,-67.126,81.4777,ASCAT,14816.0,9260.0,False,False,False,False,length_exceeds_openberg_maximum
269,2018-11-24,-67.126,81.4777,ASCAT,0.0,0.0,False,False,False,False,length_below_openberg_minimum
270,2018-11-25,-67.126,81.4777,ASCAT,0.0,0.0,False,False,False,False,length_below_openberg_minimum
271,2018-11-26,-67.126,81.4777,ASCAT,0.0,0.0,False,False,False,False,length_below_openberg_minimum
272,2018-11-27,-67.126,81.4777,ASCAT,0.0,0.0,False,False,False,False,length_below_openberg_minimum
273,2018-11-28,-67.126,81.4777,ASCAT,0.0,0.0,False,False,False,False,length_below_openberg_minimum
274,2018-11-29,-67.126,81.4777,ASCAT,0.0,0.0,False,False,False,False,length_below_openberg_minimum
275,2018-11-30,-67.126,81.4777,ASCAT,14816.0,9260.0,False,False,False,False,length_exceeds_openberg_maximum
276,2018-12-01,-67.126,81.4777,ASCAT,0.0,0.0,False,False,False,False,length_below_openberg_minimum
277,2018-12-02,-67.126,81.4777,ASCAT,0.0,0.0,False,False,False,False,length_below_openberg_minimum
278,2018-12-03,-67.126,81.4777,ASCAT,0.0,0.0,False,False,False,False,length_below_openberg_minimum
279,2018-12-04,-67.126,81.4777,ASCAT,0.0,0.0,False,False,False,False,length_below_openberg_minimum
280,2018-12-05,-67.126,81.4777,ASCAT,0.0,0.0,False,False,False,False,length_below_openberg_minimum
281,2018-12-06,-67.126,81.4777,ASCAT,0.0,0.0,False,False,False,False,length_below_openberg_minimum
282,2018-12-07,-67.126,81.4777,ASCAT,0.0,0.0,False,False,False,False,length_below_openberg_minimum
283,2018-12-08,-67.126,81.4777,ASCAT,0.0,0.0,False,False,False,False,length_below_openberg_minimum
284,2018-12-09,-67.126,81.4777,ASCAT,0.0,0.0,False,False,False,False,length_below_openberg_minimum
285,2018-12-10,-67.126,81.4777,ASCAT,0.0,0.0,False,False,False,False,length_below_openberg_minimum
286,2018-12-11,-67.126,81.4777,ASCAT,0.0,0.0,False,False,False,False,length_below_openberg_minimum
287,2018-12-12,-67.126,81.4777,ASCAT,0.0,0.0,False,False,False,False,length_below_openberg_minimum
288,2018-12-13,-67.126,81.4777,ASCAT,0.0,0.0,False,False,False,False,length_below_openberg_minimum
289,2018-12-14,-67.126,81.4777,ASCAT,14816.0,9260.0,False,False,False,False,length_exceeds_openberg_maximum
290,2018-12-15,-67.126,81.4777,ASCAT,0.0,0.0,False,False,False,False,length_below_openberg_minimum
291,2018-12-16,-67.126,81.4777,ASCAT,0.0,0.0,False,False,False,False,length_below_openberg_minimum
292,2018-12-17,-67.126,81.4777,ASCAT,0.0,0.0,False,False,False,False,length_below_openberg_minimum
293,2018-12-18,-67.126,81.4777,ASCAT,0.0,0.0,False,False,False,False,length_below_openberg_minimum
294,2018-12-19,-67.126,81.4777,ASCAT,0.0,0.0,False,False,False,False,length_below_openberg_minimum
295,2018-12-20,-67.126,81.4777,ASCAT,0.0,0.0,False,False,False,False,length_below_openberg_minimum
296,2018-12-21,-67.126,81.4777,ASCAT,14816.0,9260.0,False,False,False,False,length_exceeds_openberg_maximum
297,2018-12-22,-67.126,81.4777,ASCAT,0.0,0.0,False,False,False,False,length_below_openberg_minimum
298,2018-12-23,-67.126,81.4777,ASCAT,0.0,0.0,False,False,False,False,length_below_openberg_minimum
299,2018-12-24,-67.126,81.4777,ASCAT,0.0,0.0,False,False,False,False,length_below_openberg_minimum
300,2018-12-25,-67.126,81.4777,ASCAT,0.0,0.0,False,False,False,False,length_below_openberg_minimum
301,2018-12-26,-67.126,81.4777,ASCAT,0.0,0.0,False,False,False,False,length_below_openberg_minimum
302,2018-12-27,-67.126,81.4777,ASCAT,0.0,0.0,False,False,False,False,length_below_openberg_minimum
303,2018-12-28,-67.126,81.4777,ASCAT,0.0,0.0,False,False,False,False,length_below_openberg_minimum
304,2018-12-29,-67.126,81.4777,ASCAT,0.0,0.0,False,False,False,False,length_below_openberg_minimum
305,2018-12-30,-67.126,81.4777,ASCAT,0.0,0.0,False,False,False,False,length_below_openberg_minimum
306,2018-12-31,-67.126,81.4777,ASCAT,0.0,0.0,False,False,False,False,length_below_openberg_minimum
307,2019-01-01,-67.126,81.4777,ASCAT,0.0,0.0,False,False,False,False,length_below_openberg_minimum
308,2019-01-02,-67.126,81.4777,ASCAT,0.0,0.0,False,False,False,False,length_below_openberg_minimum
309,2019-01-03,-67.126,81.4777,ASCAT,0.0,0.0,False,False,False,False,length_below_openberg_minimum
310,2019-01-04,-67.126,81.4777,ASCAT,14816.0,9260.0,False,False,False,False,length_exceeds_openberg_maximum
311,2019-01-05,-67.126,81.4777,ASCAT,0.0,0.0,False,False,False,False,length_below_openberg_minimum
312,2019-01-06,-67.126,81.4777,ASCAT,0.0,0.0,False,False,False,False,length_below_openberg_minimum
313,2019-01-07,-67.126,81.4777,ASCAT,0.0,0.0,False,False,False,False,length_below_openberg_minimum
314,2019-01-08,-67.126,81.4777,ASCAT,0.0,0.0,False,False,False,False,length_below_openberg_minimum
315,2019-01-09,-67.126,81.4777,ASCAT,0.0,0.0,False,False,False,False,length_below_openberg_minimum
316,2019-01-10,-67.126,81.4777,ASCAT,0.0,0.0,False,False,False,False,length_below_openberg_minimum
317,2019-01-11,-67.126,81.4777,ASCAT,14816.0,9260.0,False,False,False,False,length_exceeds_openberg_maximum
318,2019-01-12,-67.126,81.4777,ASCAT,0.0,0.0,False,False,False,False,length_below_openberg_minimum
319,2019-01-13,-67.126,81.4777,ASCAT,0.0,0.0,False,False,False,False,length_below_openberg_minimum
320,2019-01-14,-67.126,81.4777,ASCAT,0.0,0.0,False,False,False,False,length_below_openberg_minimum
321,2019-01-15,-67.126,81.4777,ASCAT,0.0,0.0,False,False,False,False,length_below_openberg_minimum
322,2019-01-16,-67.126,81.4777,ASCAT,0.0,0.0,False,False,False,False,length_below_openberg_minimum
323,2019-01-17,-67.126,81.4777,ASCAT,0.0,0.0,False,False,False,False,length_below_openberg_minimum
324,2019-01-18,-67.126,81.4777,ASCAT,14816.0,9260.0,False,False,False,False,length_exceeds_openberg_maximum
325,2019-01-19,-67.126,81.4777,ASCAT,0.0,0.0,False,False,False,False,length_below_openberg_minimum
326,2019-01-20,-67.126,81.4777,ASCAT,0.0,0.0,False,False,False,False,length_below_openberg_minimum
327,2019-01-21,-67.126,81.4777,ASCAT,0.0,0.0,False,False,False,False,length_below_openberg_minimum
328,2019-01-22,-67.126,81.4777,ASCAT,0.0,0.0,False,False,False,False,length_below_openberg_minimum
329,2019-01-23,-67.126,81.4777,ASCAT,0.0,0.0,False,False,False,False,length_below_openberg_minimum
330,2019-01-24,-67.126,81.4777,ASCAT,0.0,0.0,False,False,False,False,length_below_openberg_minimum
331,2019-01-25,-67.126,81.4777,ASCAT,14816.0,9260.0,False,False,False,False,length_exceeds_openberg_maximum
332,2019-01-26,-67.126,81.4777,ASCAT,0.0,0.0,False,False,False,False,length_below_openberg_minimum
333,2019-01-27,-67.126,81.4777,ASCAT,0.0,0.0,False,False,False,False,length_below_openberg_minimum
334,2019-01-28,-67.126,81.4777,ASCAT,0.0,0.0,False,False,False,False,length_below_openberg_minimum
335,2019-01-29,-67.126,81.4777,ASCAT,0.0,0.0,False,False,False,False,length_below_openberg_minimum
336,2019-01-30,-67.126,81.4777,ASCAT,0.0,0.0,False,False,False,False,length_below_openberg_minimum
337,2019-01-31,-67.126,81.4777,ASCAT,0.0,0.0,False,False,False,False,length_below_openberg_minimum
338,2019-02-01,-67.126,81.4777,ASCAT,14816.0,9260.0,False,False,False,False,length_exceeds_openberg_maximum
339,2019-02-02,-67.126,81.4777,ASCAT,0.0,0.0,False,False,False,False,length_below_openberg_minimum
340,2019-02-03,-67.126,81.4777,ASCAT,0.0,0.0,False,False,False,False,length_below_openberg_minimum
341,2019-02-04,-67.126,81.4777,ASCAT,0.0,0.0,False,False,False,False,length_below_openberg_minimum
342,2019-02-05,-67.126,81.4777,ASCAT,0.0,0.0,False,False,False,False,length_below_openberg_minimum
343,2019-02-06,-67.126,81.4777,ASCAT,0.0,0.0,False,False,False,False,length_below_openberg_minimum
344,2019-02-07,-67.126,81.4777,ASCAT,0.0,0.0,False,False,False,False,length_below_openberg_minimum
345,2019-02-08,-67.126,81.4777,ASCAT,14816.0,9260.0,False,False,False,False,length_exceeds_openberg_maximum
346,2019-02-09,-67.126,81.4777,ASCAT,0.0,0.0,False,False,False,False,length_below_openberg_minimum
347,2019-02-10,-67.126,81.4777,ASCAT,0.0,0.0,False,False,False,False,length_below_openberg_minimum
348,2019-02-11,-67.126,81.4777,ASCAT,0.0,0.0,False,False,False,False,length_below_openberg_minimum
349,2019-02-12,-67.126,81.4777,ASCAT,0.0,0.0,False,False,False,False,length_below_openberg_minimum
350,2019-02-13,-67.126,81.4777,ASCAT,0.0,0.0,False,False,False,False,length_below_openberg_minimum
351,2019-02-14,-67.126,81.4777,ASCAT,0.0,0.0,False,False,False,False,length_below_openberg_minimum
352,2019-02-15,-67.126,81.4777,ASCAT,14816.0,9260.0,False,False,False,False,length_exceeds_openberg_maximum
353,2019-02-16,-67.126,81.4777,ASCAT,0.0,0.0,False,False,False,False,length_below_openberg_minimum
354,2019-02-17,-67.126,81.4777,ASCAT,0.0,0.0,False,False,False,False,length_below_openberg_minimum
355,2019-02-18,-67.126,81.4777,ASCAT,0.0,0.0,False,False,False,False,length_below_openberg_minimum
356,2019-02-19,-67.126,81.4777,ASCAT,0.0,0.0,False,False,False,False,length_below_openberg_minimum
357,2019-02-20,-67.126,81.4777,ASCAT,0.0,0.0,False,False,False,False,length_below_openberg_minimum
358,2019-02-21,-67.126,81.4777,ASCAT,0.0,0.0,False,False,False,False,length_below_openberg_minimum
359,2019-02-22,-67.126,81.4777,ASCAT,14816.0,9260.0,False,False,False,False,length_exceeds_openberg_maximum
360,2019-02-23,-67.126,81.4777,ASCAT,0.0,0.0,False,False,False,False,length_below_openberg_minimum
361,2019-02-24,-67.126,81.4777,ASCAT,0.0,0.0,False,False,False,False,length_below_openberg_minimum
362,2019-02-25,-67.126,81.4777,ASCAT,0.0,0.0,False,False,False,False,length_below_openberg_minimum
363,2019-02-26,-67.126,81.4777,ASCAT,0.0,0.0,False,False,False,False,length_below_openberg_minimum
364,2019-02-27,-67.126,81.4777,ASCAT,0.0,0.0,False,False,False,False,length_below_openberg_minimum
365,2019-02-28,-67.126,81.4777,ASCAT,0.0,0.0,False,False,False,False,length_below_openberg_minimum
366,2019-03-01,-67.126,81.4777,ASCAT,14816.0,9260.0,False,False,False,False,length_exceeds_openberg_maximum
367,2019-03-02,-67.126,81.4777,ASCAT,0.0,0.0,False,False,False,False,length_below_openberg_minimum
368,2019-03-03,-67.126,81.4777,ASCAT,0.0,0.0,False,False,False,False,length_below_openberg_minimum
369,2019-03-04,-67.126,81.4777,ASCAT,0.0,0.0,False,False,False,False,length_below_openberg_minimum
370,2019-03-05,-67.126,81.4777,ASCAT,0.0,0.0,False,False,False,False,length_below_openberg_minimum
371,2019-03-06,-67.126,81.4777,ASCAT,0.0,0.0,False,False,False,False,length_below_openberg_minimum
372,2019-03-07,-67.126,81.4777,ASCAT,0.0,0.0,False,False,False,False,length_below_openberg_minimum
373,2019-03-08,-67.126,81.4777,ASCAT,14816.0,9260.0,False,False,False,False,length_exceeds_openberg_maximum
374,2019-03-09,-67.126,81.4777,ASCAT,0.0,0.0,False,False,False,False,length_below_openberg_minimum
375,2019-03-10,-67.126,81.4777,ASCAT,0.0,0.0,False,False,False,False,length_below_openberg_minimum
376,2019-03-11,-67.126,81.4777,ASCAT,0.0,0.0,False,False,False,False,length_below_openberg_minimum
377,2019-03-12,-67.126,81.4777,ASCAT,0.0,0.0,False,False,False,False,length_below_openberg_minimum
378,2019-03-13,-67.126,81.4777,ASCAT,0.0,0.0,False,False,False,False,length_below_openberg_minimum
379,2019-03-14,-67.126,81.4777,ASCAT,0.0,0.0,False,False,False,False,length_below_openberg_minimum
380,2019-03-15,-67.126,81.4777,ASCAT,14816.0,9260.0,False,False,False,False,length_exceeds_openberg_maximum
381,2019-03-16,-67.126,81.4777,ASCAT,0.0,0.0,False,False,False,False,length_below_openberg_minimum
382,2019-03-17,-67.126,81.4777,ASCAT,0.0,0.0,False,False,False,False,length_below_openberg_minimum
383,2019-03-18,-67.126,81.4777,ASCAT,0.0,0.0,False,False,False,False,length_below_openberg_minimum
384,2019-03-19,-67.126,81.4777,ASCAT,0.0,0.0,False,False,False,False,length_below_openberg_minimum
385,2019-03-20,-67.126,81.4777,ASCAT,0.0,0.0,False,False,False,False,length_below_openberg_minimum
386,2019-03-21,-67.126,81.4777,ASCAT,0.0,0.0,False,False,False,False,length_below_openberg_minimum
387,2019-03-22,-67.126,81.4777,ASCAT,14816.0,9260.0,False,False,False,False,length_exceeds_openberg_maximum
388,2019-03-23,-67.126,81.4777,ASCAT,0.0,0.0,False,False,False,False,length_below_openberg_minimum
389,2019-03-24,-67.126,81.4777,ASCAT,0.0,0.0,False,False,False,False,length_below_openberg_minimum
390,2019-03-25,-67.126,81.4777,ASCAT,0.0,0.0,False,False,False,False,length_below_openberg_minimum
391,2019-03-26,-67.126,81.4777,ASCAT,0.0,0.0,False,False,False,False,length_below_openberg_minimum
392,2019-03-27,-67.126,81.4777,ASCAT,0.0,0.0,False,False,False,False,length_below_openberg_minimum
393,2019-03-28,-67.126,81.4777,ASCAT,0.0,0.0,False,False,False,False,length_below_openberg_minimum
394,2019-03-29,-67.126,81.4777,ASCAT,14816.0,9260.0,False,False,False,False,length_exceeds_openberg_maximum
395,2019-03-30,-67.126,81.4777,ASCAT,0.0,0.0,False,False,False,False,length_below_openberg_minimum
396,2019-03-31,-67.1633,81.5768,ASCAT,0.0,0.0,False,False,False,False,length_below_openberg_minimum
397,2019-04-01,-67.2327,81.7609,ASCAT,0.0,0.0,False,False,False,False,length_below_openberg_minimum
398,2019-04-02,-67.27,81.86,ASCAT,0.0,0.0,False,False,False,False,length_below_openberg_minimum
399,2019-04-03,-67.27,81.86,ASCAT,0.0,0.0,False,False,False,False,length_below_openberg_minimum
400,2019-04-04,-67.27,81.86,ASCAT,0.0,0.0,False,False,False,False,length_below_openberg_minimum
401,2019-04-05,-67.27,81.86,ASCAT,14816.0,9260.0,False,False,False,False,length_exceeds_openberg_maximum
402,2019-04-06,-67.27,81.86,ASCAT,0.0,0.0,False,False,False,False,length_below_openberg_minimum
403,2019-04-07,-67.27,81.86,ASCAT,0.0,0.0,False,False,False,False,length_below_openberg_minimum
404,2019-04-08,-67.27,81.86,ASCAT,0.0,0.0,False,False,False,False,length_below_openberg_minimum
405,2019-04-09,-67.27,81.86,ASCAT,0.0,0.0,False,False,False,False,length_below_openberg_minimum
406,2019-04-10,-67.27,81.86,ASCAT,0.0,0.0,False,False,False,False,length_below_openberg_minimum
407,2019-04-11,-67.27,81.87,ASCAT,0.0,0.0,False,False,False,False,length_below_openberg_minimum
408,2019-04-12,-67.27,81.87,ASCAT,14816.0,9260.0,False,False,False,False,length_exceeds_openberg_maximum
409,2019-04-13,-67.27,81.87,ASCAT,0.0,0.0,False,False,False,False,length_below_openberg_minimum
410,2019-04-14,-67.27,81.87,ASCAT,0.0,0.0,False,False,False,False,length_below_openberg_minimum
411,2019-04-15,-67.27,81.87,ASCAT,0.0,0.0,False,False,False,False,length_below_openberg_minimum
412,2019-04-16,-67.126,81.4777,ASCAT,0.0,0.0,False,False,False,False,length_below_openberg_minimum
413,2019-04-17,-67.126,81.4777,ASCAT,0.0,0.0,False,False,False,False,length_below_openberg_minimum
414,2019-04-18,-67.126,81.4777,ASCAT,0.0,0.0,False,False,False,False,length_below_openberg_minimum
415,2019-04-19,-67.126,81.4777,ASCAT,14816.0,9260.0,False,False,False,False,length_exceeds_openberg_maximum
416,2019-04-20,-67.126,81.4777,ASCAT,0.0,0.0,False,False,False,False,length_below_openberg_minimum
417,2019-04-21,-67.126,81.4777,ASCAT,0.0,0.0,False,False,False,False,length_below_openberg_minimum
418,2019-04-22,-67.126,81.4777,ASCAT,0.0,0.0,False,False,False,False,length_below_openberg_minimum
419,2019-04-23,-67.126,81.4777,ASCAT,0.0,0.0,False,False,False,False,length_below_openberg_minimum
420,2019-04-24,-67.126,81.4777,ASCAT,0.0,0.0,False,False,False,False,length_below_openberg_minimum
421,2019-04-25,-67.126,81.4777,ASCAT,0.0,0.0,False,False,False,False,length_below_openberg_minimum
422,2019-04-26,-67.126,81.4777,ASCAT,14816.0,9260.0,False,False,False,False,length_exceeds_openberg_maximum
423,2019-04-27,-67.126,81.4777,ASCAT,0.0,0.0,False,False,False,False,length_below_openberg_minimum
424,2019-04-28,-67.126,81.4777,ASCAT,0.0,0.0,False,False,False,False,length_below_openberg_minimum
425,2019-04-29,-67.126,81.4777,ASCAT,0.0,0.0,False,False,False,False,length_below_openberg_minimum
426,2019-04-30,-67.126,81.4777,ASCAT,0.0,0.0,False,False,False,False,length_below_openberg_minimum
427,2019-05-01,-67.1419,81.5501,ASCAT,0.0,0.0,False,False,False,False,length_below_openberg_minimum
428,2019-05-02,-67.1746,81.6996,ASCAT,0.0,0.0,False,False,False,False,length_below_openberg_minimum
429,2019-05-03,-67.202,81.8246,ASCAT,14816.0,9260.0,False,False,False,False,length_exceeds_openberg_maximum
430,2019-05-04,-67.2161,81.8888,ASCAT,0.0,0.0,False,False,False,False,length_below_openberg_minimum
431,2019-05-05,-67.237,81.8839,ASCAT,0.0,0.0,False,False,False,False,length_below_openberg_minimum
432,2019-05-06,-67.2595,81.8749,ASCAT,0.0,0.0,False,False,False,False,length_below_openberg_minimum
433,2019-05-07,-67.27,81.87,ASCAT,0.0,0.0,False,False,False,False,length_below_openberg_minimum
434,2019-05-08,-67.27,81.87,ASCAT,0.0,0.0,False,False,False,False,length_below_openberg_minimum
435,2019-05-09,-67.27,81.87,ASCAT,0.0,0.0,False,False,False,False,length_below_openberg_minimum
436,2019-05-10,-67.27,81.87,ASCAT,14816.0,9260.0,False,False,False,False,length_exceeds_openberg_maximum
437,2019-05-11,-67.27,81.87,ASCAT,0.0,0.0,False,False,False,False,length_below_openberg_minimum
438,2019-05-12,-67.27,81.87,ASCAT,0.0,0.0,False,False,False,False,length_below_openberg_minimum
439,2019-05-13,-67.27,81.87,ASCAT,0.0,0.0,False,False,False,False,length_below_openberg_minimum
440,2019-05-14,-67.27,81.87,ASCAT,0.0,0.0,False,False,False,False,length_below_openberg_minimum
441,2019-05-15,-67.27,81.87,ASCAT,0.0,0.0,False,False,False,False,length_below_openberg_minimum
442,2019-05-16,-67.27,81.87,ASCAT,0.0,0.0,False,False,False,False,length_below_openberg_minimum
443,2019-05-17,-67.27,81.87,ASCAT,14816.0,9260.0,False,False,False,False,length_exceeds_openberg_maximum
444,2019-05-18,-67.27,81.87,ASCAT,0.0,0.0,False,False,False,False,length_below_openberg_minimum
445,2019-05-19,-67.27,81.87,ASCAT,0.0,0.0,False,False,False,False,length_below_openberg_minimum
446,2019-05-20,-67.27,81.87,ASCAT,0.0,0.0,False,False,False,False,length_below_openberg_minimum
447,2019-05-21,-67.27,81.87,ASCAT,0.0,0.0,False,False,False,False,length_below_openberg_minimum
448,2019-05-22,-67.27,81.87,ASCAT,0.0,0.0,False,False,False,False,length_below_openberg_minimum
449,2019-05-23,-67.27,81.87,ASCAT,0.0,0.0,False,False,False,False,length_below_openberg_minimum
450,2019-05-24,-67.27,81.87,ASCAT,14816.0,9260.0,False,False,False,False,length_exceeds_openberg_maximum
451,2019-05-25,-67.2161,81.8888,ASCAT,0.0,0.0,False,False,False,False,length_below_openberg_minimum
452,2019-05-26,-67.2161,81.8888,ASCAT,0.0,0.0,False,False,False,False,length_below_openberg_minimum
453,2019-05-27,-67.2161,81.8888,ASCAT,0.0,0.0,False,False,False,False,length_below_openberg_minimum
454,2019-05-28,-67.2161,81.8888,ASCAT,0.0,0.0,False,False,False,False,length_below_openberg_minimum
455,2019-05-29,-67.2161,81.8888,ASCAT,0.0,0.0,False,False,False,False,length_below_openberg_minimum
456,2019-05-30,-67.2161,81.8888,ASCAT,0.0,0.0,False,False,False,False,length_below_openberg_minimum
457,2019-05-31,-67.2161,81.8888,ASCAT,14816.0,9260.0,False,False,False,False,length_exceeds_openberg_maximum
458,2019-06-01,-67.2161,81.8888,ASCAT,0.0,0.0,False,False,False,False,length_below_openberg_minimum
459,2019-06-02,-67.2161,81.8888,ASCAT,0.0,0.0,False,False,False,False,length_below_openberg_minimum
460,2019-06-03,-67.2161,81.8888,ASCAT,0.0,0.0,False,False,False,False,length_below_openberg_minimum
461,2019-06-04,-67.2161,81.8888,ASCAT,0.0,0.0,False,False,False,False,length_below_openberg_minimum
462,2019-06-05,-67.2161,81.8888,ASCAT,0.0,0.0,False,False,False,False,length_below_openberg_minimum
463,2019-06-06,-67.2161,81.8888,ASCAT,0.0,0.0,False,False,False,False,length_below_openberg_minimum
464,2019-06-07,-67.2301,81.8839,ASCAT,14816.0,9260.0,False,False,False,False,length_exceeds_openberg_maximum
465,2019-06-08,-67.256,81.8749,ASCAT,0.0,0.0,False,False,False,False,length_below_openberg_minimum
466,2019-06-09,-67.27,81.87,ASCAT,0.0,0.0,False,False,False,False,length_below_openberg_minimum
467,2019-06-10,-67.27,81.87,ASCAT,0.0,0.0,False,False,False,False,length_below_openberg_minimum
468,2019-06-11,-67.27,81.87,ASCAT,0.0,0.0,False,False,False,False,length_below_openberg_minimum
469,2019-06-12,-67.27,81.87,ASCAT,0.0,0.0,False,False,False,False,length_below_openberg_minimum
470,2019-06-13,-67.27,81.87,ASCAT,0.0,0.0,False,False,False,False,length_below_openberg_minimum
471,2019-06-14,-67.27,81.87,ASCAT,14816.0,9260.0,False,False,False,False,length_exceeds_openberg_maximum
472,2019-06-15,-67.27,81.87,ASCAT,0.0,0.0,False,False,False,False,length_below_openberg_minimum
473,2019-06-16,-67.27,81.87,ASCAT,0.0,0.0,False,False,False,False,length_below_openberg_minimum
474,2019-06-17,-67.27,81.87,ASCAT,0.0,0.0,False,False,False,False,length_below_openberg_minimum
475,2019-06-18,-67.27,81.87,ASCAT,0.0,0.0,False,False,False,False,length_below_openberg_minimum
476,2019-06-19,-67.27,81.87,ASCAT,0.0,0.0,False,False,False,False,length_below_openberg_minimum
477,2019-06-20,-67.27,81.87,ASCAT,0.0,0.0,False,False,False,False,length_below_openberg_minimum
478,2019-06-21,-67.27,81.87,ASCAT,14816.0,9260.0,False,False,False,False,length_exceeds_openberg_maximum
479,2019-06-22,-67.27,81.87,ASCAT,0.0,0.0,False,False,False,False,length_below_openberg_minimum
480,2019-06-23,-67.27,81.87,ASCAT,0.0,0.0,False,False,False,False,length_below_openberg_minimum
481,2019-06-24,-67.27,81.87,ASCAT,0.0,0.0,False,False,False,False,length_below_openberg_minimum
482,2019-06-25,-67.27,81.87,ASCAT,0.0,0.0,False,False,False,False,length_below_openberg_minimum
483,2019-06-26,-67.27,81.87,ASCAT,0.0,0.0,False,False,False,False,length_below_openberg_minimum
484,2019-06-27,-67.27,81.87,ASCAT,0.0,0.0,False,False,False,False,length_below_openberg_minimum
485,2019-06-28,-67.27,81.87,ASCAT,14816.0,9260.0,False,False,False,False,length_exceeds_openberg_maximum
486,2019-06-29,-67.27,81.87,ASCAT,0.0,0.0,False,False,False,False,length_below_openberg_minimum
487,2019-06-30,-67.27,81.87,ASCAT,0.0,0.0,False,False,False,False,length_below_openberg_minimum
488,2019-07-01,-67.27,81.87,ASCAT,0.0,0.0,False,False,False,False,length_below_openberg_minimum
489,2019-07-02,-67.27,81.87,ASCAT,0.0,0.0,False,False,False,False,length_below_openberg_minimum
490,2019-07-03,-67.27,81.87,ASCAT,0.0,0.0,False,False,False,False,length_below_openberg_minimum
491,2019-07-04,-67.27,81.87,ASCAT,0.0,0.0,False,False,False,False,length_below_openberg_minimum
492,2019-07-05,-67.27,81.87,ASCAT,14816.0,9260.0,False,False,False,False,length_exceeds_openberg_maximum
493,2019-07-06,-67.27,81.87,ASCAT,0.0,0.0,False,False,False,False,length_below_openberg_minimum
494,2019-07-07,-67.27,81.87,ASCAT,0.0,0.0,False,False,False,False,length_below_openberg_minimum
495,2019-07-08,-67.27,81.87,ASCAT,0.0,0.0,False,False,False,False,length_below_openberg_minimum
496,2019-07-09,-67.27,81.87,ASCAT,0.0,0.0,False,False,False,False,length_below_openberg_minimum
497,2019-07-10,-67.27,81.87,ASCAT,0.0,0.0,False,False,False,False,length_below_openberg_minimum
498,2019-07-11,-67.27,81.87,ASCAT,0.0,0.0,False,False,False,False,length_below_openberg_minimum
499,2019-07-12,-67.27,81.87,ASCAT,14816.0,9260.0,False,False,False,False,length_exceeds_openberg_maximum
500,2019-07-13,-67.27,81.87,ASCAT,0.0,0.0,False,False,False,False,length_below_openberg_minimum
501,2019-07-14,-67.27,81.87,ASCAT,0.0,0.0,False,False,False,False,length_below_openberg_minimum
502,2019-07-15,-67.27,81.87,ASCAT,0.0,0.0,False,False,False,False,length_below_openberg_minimum
503,2019-07-16,-67.27,81.87,ASCAT,0.0,0.0,False,False,False,False,length_below_openberg_minimum
504,2019-07-17,-67.27,81.87,ASCAT,0.0,0.0,False,False,False,False,length_below_openberg_minimum
505,2019-07-18,-67.27,81.87,ASCAT,0.0,0.0,False,False,False,False,length_below_openberg_minimum
506,2019-07-19,-67.27,81.87,ASCAT,14816.0,9260.0,False,False,False,False,length_exceeds_openberg_maximum
507,2019-07-20,-67.27,81.87,ASCAT,0.0,0.0,False,False,False,False,length_below_openberg_minimum
508,2019-07-21,-67.27,81.87,ASCAT,0.0,0.0,False,False,False,False,length_below_openberg_minimum
509,2019-07-22,-67.27,81.87,ASCAT,0.0,0.0,False,False,False,False,length_below_openberg_minimum
510,2019-07-23,-67.27,81.87,ASCAT,0.0,0.0,False,False,False,False,length_below_openberg_minimum
511,2019-07-24,-67.27,81.87,ASCAT,0.0,0.0,False,False,False,False,length_below_openberg_minimum
512,2019-07-25,-67.27,81.87,ASCAT,0.0,0.0,False,False,False,False,length_below_openberg_minimum
513,2019-07-26,-67.27,81.87,ASCAT,14816.0,9260.0,False,False,False,False,length_exceeds_openberg_maximum
514,2019-07-27,-67.27,81.87,ASCAT,0.0,0.0,False,False,False,False,length_below_openberg_minimum
515,2019-07-28,-67.27,81.87,ASCAT,0.0,0.0,False,False,False,False,length_below_openberg_minimum
516,2019-07-29,-67.27,81.87,ASCAT,0.0,0.0,False,False,False,False,length_below_openberg_minimum
517,2019-07-30,-67.27,81.87,ASCAT,0.0,0.0,False,False,False,False,length_below_openberg_minimum
518,2019-07-31,-67.27,81.87,ASCAT,0.0,0.0,False,False,False,False,length_below_openberg_minimum
519,2019-08-01,-67.27,81.87,ASCAT,0.0,0.0,False,False,False,False,length_below_openberg_minimum
520,2019-08-02,-67.27,81.87,ASCAT,14816.0,9260.0,False,False,False,False,length_exceeds_openberg_maximum
521,2019-08-03,-67.27,81.87,ASCAT,0.0,0.0,False,False,False,False,length_below_openberg_minimum
522,2019-08-04,-67.27,81.87,ASCAT,0.0,0.0,False,False,False,False,length_below_openberg_minimum
523,2019-08-05,-67.27,81.87,ASCAT,0.0,0.0,False,False,False,False,length_below_openberg_minimum
524,2019-08-06,-67.27,81.87,ASCAT,0.0,0.0,False,False,False,False,length_below_openberg_minimum
525,2019-08-07,-67.27,81.87,ASCAT,0.0,0.0,False,False,False,False,length_below_openberg_minimum
526,2019-08-08,-67.27,81.87,ASCAT,0.0,0.0,False,False,False,False,length_below_openberg_minimum
527,2019-08-09,-67.27,81.87,ASCAT,14816.0,9260.0,False,False,False,False,length_exceeds_openberg_maximum
528,2019-08-10,-67.27,81.87,ASCAT,0.0,0.0,False,False,False,False,length_below_openberg_minimum
529,2019-08-11,-67.27,81.87,ASCAT,0.0,0.0,False,False,False,False,length_below_openberg_minimum
530,2019-08-12,-67.27,81.87,ASCAT,0.0,0.0,False,False,False,False,length_below_openberg_minimum
531,2019-08-13,-67.27,81.87,ASCAT,0.0,0.0,False,False,False,False,length_below_openberg_minimum
532,2019-08-14,-67.27,81.87,ASCAT,0.0,0.0,False,False,False,False,length_below_openberg_minimum
533,2019-08-15,-67.27,81.87,ASCAT,0.0,0.0,False,False,False,False,length_below_openberg_minimum
534,2019-08-16,-67.27,81.87,ASCAT,14816.0,9260.0,False,False,False,False,length_exceeds_openberg_maximum
535,2019-08-17,-67.27,81.87,ASCAT,0.0,0.0,False,False,False,False,length_below_openberg_minimum
536,2019-08-18,-67.27,81.87,ASCAT,0.0,0.0,False,False,False,False,length_below_openberg_minimum
537,2019-08-19,-67.27,81.87,ASCAT,0.0,0.0,False,False,False,False,length_below_openberg_minimum
538,2019-08-20,-67.27,81.87,ASCAT,0.0,0.0,False,False,False,False,length_below_openberg_minimum
539,2019-08-21,-67.27,81.87,ASCAT,0.0,0.0,False,False,False,False,length_below_openberg_minimum
540,2019-08-22,-67.27,81.87,ASCAT,0.0,0.0,False,False,False,False,length_below_openberg_minimum
541,2019-08-23,-67.27,81.87,ASCAT,14816.0,9260.0,False,False,False,False,length_exceeds_openberg_maximum
542,2019-08-24,-67.27,81.87,ASCAT,0.0,0.0,False,False,False,False,length_below_openberg_minimum
543,2019-08-25,-67.27,81.87,ASCAT,0.0,0.0,False,False,False,False,length_below_openberg_minimum
544,2019-08-26,-67.27,81.87,ASCAT,0.0,0.0,False,False,False,False,length_below_openberg_minimum
545,2019-08-27,-67.27,81.87,ASCAT,0.0,0.0,False,False,False,False,length_below_openberg_minimum
546,2019-08-28,-67.27,81.87,ASCAT,0.0,0.0,False,False,False,False,length_below_openberg_minimum
547,2019-08-29,-67.27,81.87,ASCAT,0.0,0.0,False,False,False,False,length_below_openberg_minimum
548,2019-08-30,-67.27,81.87,ASCAT,14816.0,9260.0,False,False,False,False,length_exceeds_openberg_maximum
549,2019-08-31,-67.27,81.87,ASCAT,0.0,0.0,False,False,False,False,length_below_openberg_minimum
550,2019-09-01,-67.27,81.87,ASCAT,0.0,0.0,False,False,False,False,length_below_openberg_minimum
551,2019-09-02,-67.27,81.87,ASCAT,0.0,0.0,False,False,False,False,length_below_openberg_minimum
552,2019-09-03,-67.27,81.87,ASCAT,0.0,0.0,False,False,False,False,length_below_openberg_minimum
553,2019-09-04,-67.27,81.87,ASCAT,0.0,0.0,False,False,False,False,length_below_openberg_minimum
554,2019-09-05,-67.27,81.87,ASCAT,0.0,0.0,False,False,False,False,length_below_openberg_minimum
555,2019-09-06,-67.27,81.87,ASCAT,14816.0,9260.0,False,False,False,False,length_exceeds_openberg_maximum
556,2019-09-07,-67.27,81.87,ASCAT,0.0,0.0,False,False,False,False,length_below_openberg_minimum
557,2019-09-08,-67.27,81.87,ASCAT,0.0,0.0,False,False,False,False,length_below_openberg_minimum
558,2019-09-09,-67.27,81.87,ASCAT,0.0,0.0,False,False,False,False,length_below_openberg_minimum
559,2019-09-10,-67.27,81.87,ASCAT,0.0,0.0,False,False,False,False,length_below_openberg_minimum
560,2019-09-11,-67.27,81.87,ASCAT,0.0,0.0,False,False,False,False,length_below_openberg_minimum
561,2019-09-12,-67.27,81.87,ASCAT,0.0,0.0,False,False,False,False,length_below_openberg_minimum
562,2019-09-13,-67.27,81.87,ASCAT,14816.0,9260.0,False,False,False,False,length_exceeds_openberg_maximum
563,2019-09-14,-67.27,81.87,ASCAT,0.0,0.0,False,False,False,False,length_below_openberg_minimum
564,2019-09-15,-67.27,81.87,ASCAT,0.0,0.0,False,False,False,False,length_below_openberg_minimum
565,2019-09-16,-67.27,81.87,ASCAT,0.0,0.0,False,False,False,False,length_below_openberg_minimum
566,2019-09-17,-67.27,81.87,ASCAT,0.0,0.0,False,False,False,False,length_below_openberg_minimum
567,2019-09-18,-67.27,81.87,ASCAT,0.0,0.0,False,False,False,False,length_below_openberg_minimum
568,2019-09-19,-67.27,81.87,ASCAT,0.0,0.0,False,False,False,False,length_below_openberg_minimum
569,2019-09-20,-67.27,81.87,ASCAT,14816.0,9260.0,False,False,False,False,length_exceeds_openberg_maximum
570,2019-09-21,-67.27,81.87,ASCAT,0.0,0.0,False,False,False,False,length_below_openberg_minimum
571,2019-09-22,-67.27,81.87,ASCAT,0.0,0.0,False,False,False,False,length_below_openberg_minimum
572,2019-09-23,-67.27,81.87,ASCAT,0.0,0.0,False,False,False,False,length_below_openberg_minimum
573,2019-09-24,-67.27,81.87,ASCAT,0.0,0.0,False,False,False,False,length_below_openberg_minimum
574,2019-09-25,-67.27,81.87,ASCAT,0.0,0.0,False,False,False,False,length_below_openberg_minimum
575,2019-09-26,-67.27,81.87,ASCAT,0.0,0.0,False,False,False,False,length_below_openberg_minimum
576,2019-09-27,-67.27,81.87,ASCAT,14816.0,9260.0,False,False,False,False,length_exceeds_openberg_maximum
577,2019-09-28,-67.27,81.87,ASCAT,0.0,0.0,False,False,False,False,length_below_openberg_minimum
578,2019-09-29,-67.27,81.87,ASCAT,0.0,0.0,False,False,False,False,length_below_openberg_minimum
579,2019-09-30,-67.27,81.87,ASCAT,0.0,0.0,False,False,False,False,length_below_openberg_minimum
580,2019-10-01,-67.27,81.87,ASCAT,0.0,0.0,False,False,False,False,length_below_openberg_minimum
581,2019-10-02,-67.27,81.87,ASCAT,0.0,0.0,False,False,False,False,length_below_openberg_minimum
582,2019-10-03,-67.27,81.87,ASCAT,0.0,0.0,False,False,False,False,length_below_openberg_minimum
583,2019-10-04,-67.27,81.87,ASCAT,14816.0,9260.0,False,False,False,False,length_exceeds_openberg_maximum
584,2019-10-05,-67.27,81.87,ASCAT,0.0,0.0,False,False,False,False,length_below_openberg_minimum
585,2019-10-06,-67.27,81.87,ASCAT,0.0,0.0,False,False,False,False,length_below_openberg_minimum
586,2019-10-07,-67.27,81.87,ASCAT,0.0,0.0,False,False,False,False,length_below_openberg_minimum
587,2019-10-08,-67.27,81.87,ASCAT,0.0,0.0,False,False,False,False,length_below_openberg_minimum
588,2019-10-09,-67.27,81.87,ASCAT,0.0,0.0,False,False,False,False,length_below_openberg_minimum
589,2019-10-10,-67.27,81.87,ASCAT,0.0,0.0,False,False,False,False,length_below_openberg_minimum
590,2019-10-11,-67.27,81.87,ASCAT,0.0,0.0,False,False,False,False,length_below_openberg_minimum
591,2019-10-12,-67.27,81.87,ASCAT,0.0,0.0,False,False,False,False,length_below_openberg_minimum
592,2019-10-13,-67.27,81.87,ASCAT,0.0,0.0,False,False,False,False,length_below_openberg_minimum
593,2019-10-14,-67.27,81.87,ASCAT,0.0,0.0,False,False,False,False,length_below_openberg_minimum
594,2019-10-15,-67.27,81.87,ASCAT,0.0,0.0,False,False,False,False,length_below_openberg_minimum
595,2019-10-16,-67.27,81.87,ASCAT,0.0,0.0,False,False,False,False,length_below_openberg_minimum
596,2019-10-17,-67.27,81.87,ASCAT,0.0,0.0,False,False,False,False,length_below_openberg_minimum
597,2019-10-18,-67.27,81.87,ASCAT,0.0,0.0,False,False,False,False,length_below_openberg_minimum
598,2019-10-19,-67.27,81.87,ASCAT,0.0,0.0,False,False,False,False,length_below_openberg_minimum
599,2019-10-20,-67.27,81.87,ASCAT,0.0,0.0,False,False,False,False,length_below_openberg_minimum
600,2019-10-21,-67.27,81.87,ASCAT,0.0,0.0,False,False,False,False,length_below_openberg_minimum
601,2019-10-22,-67.27,81.87,ASCAT,0.0,0.0,False,False,False,False,length_below_openberg_minimum
602,2019-10-23,-67.27,81.87,ASCAT,0.0,0.0,False,False,False,False,length_below_openberg_minimum
603,2019-10-24,-67.27,81.87,ASCAT,0.0,0.0,False,False,False,False,length_below_openberg_minimum
604,2019-10-25,-67.27,81.87,ASCAT,0.0,0.0,False,False,False,False,length_below_openberg_minimum
605,2019-10-26,-67.27,81.87,ASCAT,0.0,0.0,False,False,False,False,length_below_openberg_minimum
606,2019-10-27,-67.27,81.87,ASCAT,0.0,0.0,False,False,False,False,length_below_openberg_minimum
607,2019-10-28,-67.27,81.87,ASCAT,0.0,0.0,False,False,False,False,length_below_openberg_minimum
608,2019-10-29,-67.27,81.87,ASCAT,0.0,0.0,False,False,False,False,length_below_openberg_minimum
609,2019-10-30,-67.27,81.87,ASCAT,0.0,0.0,False,False,False,False,length_below_openberg_minimum
610,2019-10-31,-67.27,81.87,ASCAT,0.0,0.0,False,False,False,False,length_below_openberg_minimum
611,2019-11-01,-67.27,81.87,ASCAT,0.0,0.0,False,False,False,False,length_below_openberg_minimum
612,2019-11-02,-67.27,81.87,ASCAT,0.0,0.0,False,False,False,False,length_below_openberg_minimum
613,2019-11-03,-67.27,81.87,ASCAT,0.0,0.0,False,False,False,False,length_below_openberg_minimum
614,2019-11-04,-67.27,81.87,ASCAT,0.0,0.0,False,False,False,False,length_below_openberg_minimum
615,2019-11-05,-67.27,81.87,ASCAT,0.0,0.0,False,False,False,False,length_below_openberg_minimum
616,2019-11-06,-67.27,81.87,ASCAT,0.0,0.0,False,False,False,False,length_below_openberg_minimum
617,2019-11-07,-67.27,81.87,ASCAT,0.0,0.0,False,False,False,False,length_below_openberg_minimum
618,2019-11-08,-67.27,81.87,ASCAT,14816.0,9260.0,False,False,False,False,length_exceeds_openberg_maximum
619,2019-11-09,-67.27,81.87,ASCAT,0.0,0.0,False,False,False,False,length_below_openberg_minimum
620,2019-11-10,-67.27,81.87,ASCAT,0.0,0.0,False,False,False,False,length_below_openberg_minimum
621,2019-11-11,-67.27,81.87,ASCAT,0.0,0.0,False,False,False,False,length_below_openberg_minimum
622,2019-11-12,-67.27,81.87,ASCAT,0.0,0.0,False,False,False,False,length_below_openberg_minimum
623,2019-11-13,-67.27,81.87,ASCAT,0.0,0.0,False,False,False,False,length_below_openberg_minimum
624,2019-11-14,-67.27,81.87,ASCAT,0.0,0.0,False,False,False,False,length_below_openberg_minimum
625,2019-11-15,-67.27,81.87,ASCAT,14816.0,9260.0,False,False,False,False,length_exceeds_openberg_maximum
626,2019-11-16,-67.27,81.87,ASCAT,0.0,0.0,False,False,False,False,length_below_openberg_minimum
627,2019-11-17,-67.27,81.87,ASCAT,0.0,0.0,False,False,False,False,length_below_openberg_minimum
628,2019-11-18,-67.27,81.87,ASCAT,0.0,0.0,False,False,False,False,length_below_openberg_minimum
629,2019-11-19,-67.27,81.87,ASCAT,0.0,0.0,False,False,False,False,length_below_openberg_minimum
630,2019-11-20,-67.27,81.87,ASCAT,0.0,0.0,False,False,False,False,length_below_openberg_minimum
631,2019-11-21,-67.27,81.87,ASCAT,0.0,0.0,False,False,False,False,length_below_openberg_minimum
632,2019-11-22,-67.27,81.87,ASCAT,14816.0,9260.0,False,False,False,False,length_exceeds_openberg_maximum
633,2019-11-23,-67.27,81.87,ASCAT,0.0,0.0,False,False,False,False,length_below_openberg_minimum
634,2019-11-24,-67.27,81.87,ASCAT,0.0,0.0,False,False,False,False,length_below_openberg_minimum
635,2019-11-25,-67.27,81.87,ASCAT,0.0,0.0,False,False,False,False,length_below_openberg_minimum
636,2019-11-26,-67.27,81.87,ASCAT,0.0,0.0,False,False,False,False,length_below_openberg_minimum
637,2019-11-27,-67.27,81.87,ASCAT,0.0,0.0,False,False,False,False,length_below_openberg_minimum
638,2019-11-28,-67.27,81.87,ASCAT,0.0,0.0,False,False,False,False,length_below_openberg_minimum
639,2019-11-29,-67.27,81.87,ASCAT,14816.0,9260.0,False,False,False,False,length_exceeds_openberg_maximum
640,2019-11-30,-67.27,81.87,ASCAT,0.0,0.0,False,False,False,False,length_below_openberg_minimum
641,2019-12-01,-67.27,81.87,ASCAT,0.0,0.0,False,False,False,False,length_below_openberg_minimum
642,2019-12-02,-67.27,81.87,ASCAT,0.0,0.0,False,False,False,False,length_below_openberg_minimum
643,2019-12-03,-67.27,81.87,ASCAT,0.0,0.0,False,False,False,False,length_below_openberg_minimum
644,2019-12-04,-67.27,81.87,ASCAT,0.0,0.0,False,False,False,False,length_below_openberg_minimum
645,2019-12-05,-67.27,81.87,ASCAT,0.0,0.0,False,False,False,False,length_below_openberg_minimum
646,2019-12-06,-67.27,81.87,ASCAT,14816.0,9260.0,False,False,False,False,length_exceeds_openberg_maximum
647,2019-12-07,-67.27,81.87,ASCAT,0.0,0.0,False,False,False,False,length_below_openberg_minimum
648,2019-12-08,-67.27,81.87,ASCAT,0.0,0.0,False,False,False,False,length_below_openberg_minimum
649,2019-12-09,-67.27,81.87,ASCAT,0.0,0.0,False,False,False,False,length_below_openberg_minimum
650,2019-12-10,-67.27,81.87,ASCAT,0.0,0.0,False,False,False,False,length_below_openberg_minimum
651,2019-12-11,-67.27,81.87,ASCAT,0.0,0.0,False,False,False,False,length_below_openberg_minimum
652,2019-12-12,-67.27,81.87,ASCAT,0.0,0.0,False,False,False,False,length_below_openberg_minimum
653,2019-12-13,-67.27,81.87,ASCAT,14816.0,9260.0,False,False,False,False,length_exceeds_openberg_maximum
654,2019-12-14,-67.27,81.87,ASCAT,0.0,0.0,False,False,False,False,length_below_openberg_minimum
655,2019-12-15,-67.27,81.87,ASCAT,0.0,0.0,False,False,False,False,length_below_openberg_minimum
656,2019-12-16,-67.27,81.87,ASCAT,0.0,0.0,False,False,False,False,length_below_openberg_minimum
657,2019-12-17,-67.27,81.87,ASCAT,0.0,0.0,False,False,False,False,length_below_openberg_minimum
658,2019-12-18,-67.27,81.87,ASCAT,0.0,0.0,False,False,False,False,length_below_openberg_minimum
659,2019-12-19,-67.27,81.87,ASCAT,0.0,0.0,False,False,False,False,length_below_openberg_minimum
660,2019-12-20,-67.27,81.87,ASCAT,14816.0,9260.0,False,False,False,False,length_exceeds_openberg_maximum
661,2019-12-21,-67.27,81.87,ASCAT,0.0,0.0,False,False,False,False,length_below_openberg_minimum
662,2019-12-22,-67.27,81.87,ASCAT,0.0,0.0,False,False,False,False,length_below_openberg_minimum
663,2019-12-23,-67.27,81.87,ASCAT,0.0,0.0,False,False,False,False,length_below_openberg_minimum
664,2019-12-24,-67.27,81.87,ASCAT,0.0,0.0,False,False,False,False,length_below_openberg_minimum
665,2019-12-25,-67.27,81.87,ASCAT,0.0,0.0,False,False,False,False,length_below_openberg_minimum
666,2019-12-26,-67.27,81.87,ASCAT,0.0,0.0,False,False,False,False,length_below_openberg_minimum
667,2019-12-27,-67.27,81.87,ASCAT,14816.0,9260.0,False,False,False,False,length_exceeds_openberg_maximum
668,2019-12-28,-67.27,81.87,ASCAT,0.0,0.0,False,False,False,False,length_below_openberg_minimum
669,2019-12-29,-67.27,81.87,ASCAT,0.0,0.0,False,False,False,False,length_below_openberg_minimum
670,2019-12-30,-67.27,81.87,ASCAT,0.0,0.0,False,False,False,False,length_below_openberg_minimum
671,2019-12-31,-67.27,81.87,ASCAT,0.0,0.0,False,False,False,False,length_below_openberg_minimum
672,2020-01-01,-67.27,81.87,ASCAT,0.0,0.0,False,False,False,False,length_below_openberg_minimum
673,2020-01-02,-67.27,81.87,ASCAT,0.0,0.0,False,False,False,False,length_below_openberg_minimum
674,2020-01-03,-67.27,81.87,ASCAT,14816.0,9260.0,False,False,False,False,length_exceeds_openberg_maximum
675,2020-01-04,-67.27,81.87,ASCAT,0.0,0.0,False,False,False,False,length_below_openberg_minimum
676,2020-01-05,-67.27,81.87,ASCAT,0.0,0.0,False,False,False,False,length_below_openberg_minimum
677,2020-01-06,-67.27,81.87,ASCAT,0.0,0.0,False,False,False,False,length_below_openberg_minimum
678,2020-01-07,-67.27,81.87,ASCAT,0.0,0.0,False,False,False,False,length_below_openberg_minimum
679,2020-01-08,-67.27,81.87,ASCAT,0.0,0.0,False,False,False,False,length_below_openberg_minimum
680,2020-01-09,-67.27,81.87,ASCAT,0.0,0.0,False,False,False,False,length_below_openberg_minimum
681,2020-01-10,-67.27,81.87,ASCAT,14816.0,9260.0,False,False,False,False,length_exceeds_openberg_maximum
682,2020-01-11,-67.27,81.87,ASCAT,0.0,0.0,False,False,False,False,length_below_openberg_minimum
683,2020-01-12,-67.27,81.87,ASCAT,0.0,0.0,False,False,False,False,length_below_openberg_minimum
684,2020-01-13,-67.27,81.87,ASCAT,0.0,0.0,False,False,False,False,length_below_openberg_minimum
685,2020-01-14,-67.27,81.87,ASCAT,0.0,0.0,False,False,False,False,length_below_openberg_minimum
686,2020-01-15,-67.27,81.87,ASCAT,0.0,0.0,False,False,False,False,length_below_openberg_minimum
687,2020-01-16,-67.27,81.87,ASCAT,0.0,0.0,False,False,False,False,length_below_openberg_minimum
688,2020-01-17,-67.27,81.87,ASCAT,14816.0,9260.0,False,False,False,False,length_exceeds_openberg_maximum
689,2020-01-18,-67.27,81.87,ASCAT,0.0,0.0,False,False,False,False,length_below_openberg_minimum
690,2020-01-19,-67.27,81.87,ASCAT,0.0,0.0,False,False,False,False,length_below_openberg_minimum
691,2020-01-20,-67.27,81.87,ASCAT,0.0,0.0,False,False,False,False,length_below_openberg_minimum
692,2020-01-21,-67.2667,81.8667,NIC,0.0,0.0,False,False,False,False,length_below_openberg_minimum
693,2020-01-22,-67.2667,81.8667,NIC,0.0,0.0,False,False,False,False,length_below_openberg_minimum
694,2020-01-23,-67.2667,81.8667,NIC,0.0,0.0,False,False,False,False,length_below_openberg_minimum
695,2020-01-24,-67.2667,81.8667,NIC,14816.0,9260.0,False,False,False,False,length_exceeds_openberg_maximum
696,2020-01-25,-67.2667,81.8667,NIC,0.0,0.0,False,False,False,False,length_below_openberg_minimum
697,2020-01-26,-67.2667,81.8667,NIC,0.0,0.0,False,False,False,False,length_below_openberg_minimum
698,2020-01-27,-67.2667,81.8667,NIC,0.0,0.0,False,False,False,False,length_below_openberg_minimum
699,2020-01-28,-67.2667,81.8667,NIC,0.0,0.0,False,False,False,False,length_below_openberg_minimum
700,2020-01-29,-67.2667,81.8667,NIC,0.0,0.0,False,False,False,False,length_below_openberg_minimum
701,2020-01-30,-67.2667,81.8667,NIC,0.0,0.0,False,False,False,False,length_below_openberg_minimum
702,2020-01-31,-67.2667,81.8667,NIC,14816.0,9260.0,False,False,False,False,length_exceeds_openberg_maximum
703,2020-02-01,-67.2667,81.8667,NIC,0.0,0.0,False,False,False,False,length_below_openberg_minimum
704,2020-02-02,-67.2667,81.8667,NIC,0.0,0.0,False,False,False,False,length_below_openberg_minimum
705,2020-02-03,-67.2667,81.8667,NIC,0.0,0.0,False,False,False,False,length_below_openberg_minimum
706,2020-02-04,-67.2667,81.8667,NIC,0.0,0.0,False,False,False,False,length_below_openberg_minimum
707,2020-02-05,-67.2667,81.8667,NIC,0.0,0.0,False,False,False,False,length_below_openberg_minimum
708,2020-02-06,-67.2667,81.8667,NIC,0.0,0.0,False,False,False,False,length_below_openberg_minimum
709,2020-02-07,-67.27,81.87,ASCAT,14816.0,9260.0,False,False,False,False,length_exceeds_openberg_maximum
710,2020-02-08,-67.27,81.87,ASCAT,0.0,0.0,False,False,False,False,length_below_openberg_minimum
711,2020-02-09,-67.27,81.87,ASCAT,0.0,0.0,False,False,False,False,length_below_openberg_minimum
712,2020-02-10,-67.27,81.87,ASCAT,0.0,0.0,False,False,False,False,length_below_openberg_minimum
713,2020-02-11,-67.27,81.87,ASCAT,0.0,0.0,False,False,False,False,length_below_openberg_minimum
714,2020-02-12,-67.27,81.87,ASCAT,0.0,0.0,False,False,False,False,length_below_openberg_minimum
715,2020-02-13,-67.27,81.87,ASCAT,0.0,0.0,False,False,False,False,length_below_openberg_minimum
716,2020-02-14,-67.27,81.87,ASCAT,14816.0,9260.0,False,False,False,False,length_exceeds_openberg_maximum
717,2020-02-15,-67.27,81.87,ASCAT,0.0,0.0,False,False,False,False,length_below_openberg_minimum
718,2020-02-16,-67.27,81.87,ASCAT,0.0,0.0,False,False,False,False,length_below_openberg_minimum
719,2020-02-17,-67.27,81.87,ASCAT,0.0,0.0,False,False,False,False,length_below_openberg_minimum
720,2020-02-18,-67.27,81.87,ASCAT,0.0,0.0,False,False,False,False,length_below_openberg_minimum
721,2020-02-19,-67.27,81.87,ASCAT,0.0,0.0,False,False,False,False,length_below_openberg_minimum
722,2020-02-20,-67.27,81.87,ASCAT,0.0,0.0,False,False,False,False,length_below_openberg_minimum
723,2020-02-21,-67.27,81.87,ASCAT,14816.0,9260.0,False,False,False,False,length_exceeds_openberg_maximum
724,2020-02-22,-67.27,81.87,ASCAT,0.0,0.0,False,False,False,False,length_below_openberg_minimum
725,2020-02-23,-67.27,81.87,ASCAT,0.0,0.0,False,False,False,False,length_below_openberg_minimum
726,2020-02-24,-67.27,81.87,ASCAT,0.0,0.0,False,False,False,False,length_below_openberg_minimum
727,2020-02-25,-67.27,81.87,ASCAT,0.0,0.0,False,False,False,False,length_below_openberg_minimum
728,2020-02-26,-67.27,81.87,ASCAT,0.0,0.0,False,False,False,False,length_below_openberg_minimum
729,2020-02-27,-67.27,81.87,ASCAT,0.0,0.0,False,False,False,False,length_below_openberg_minimum
730,2020-02-28,-67.27,81.87,ASCAT,14816.0,9260.0,False,False,False,False,length_exceeds_openberg_maximum
731,2020-02-29,-67.27,81.87,ASCAT,0.0,0.0,False,False,False,False,length_below_openberg_minimum
732,2020-03-01,-67.27,81.87,ASCAT,0.0,0.0,False,False,False,False,length_below_openberg_minimum
733,2020-03-02,-67.27,81.87,ASCAT,0.0,0.0,False,False,False,False,length_below_openberg_minimum
734,2020-03-03,-67.27,81.87,ASCAT,0.0,0.0,False,False,False,False,length_below_openberg_minimum
735,2020-03-04,-67.27,81.87,ASCAT,0.0,0.0,False,False,False,False,length_below_openberg_minimum
736,2020-03-05,-67.27,81.87,ASCAT,0.0,0.0,False,False,False,False,length_below_openberg_minimum
737,2020-03-06,-67.27,81.87,ASCAT,14816.0,9260.0,False,False,False,False,length_exceeds_openberg_maximum
738,2020-03-07,-67.27,81.87,ASCAT,0.0,0.0,False,False,False,False,length_below_openberg_minimum
739,2020-03-08,-67.27,81.87,ASCAT,0.0,0.0,False,False,False,False,length_below_openberg_minimum
740,2020-03-09,-67.27,81.87,ASCAT,0.0,0.0,False,False,False,False,length_below_openberg_minimum
741,2020-03-10,-67.27,81.87,ASCAT,0.0,0.0,False,False,False,False,length_below_openberg_minimum
742,2020-03-11,-67.27,81.87,ASCAT,0.0,0.0,False,False,False,False,length_below_openberg_minimum
743,2020-03-12,-67.27,81.87,ASCAT,0.0,0.0,False,False,False,False,length_below_openberg_minimum
744,2020-03-13,-67.27,81.87,ASCAT,14816.0,9260.0,False,False,False,False,length_exceeds_openberg_maximum
745,2020-03-14,-67.27,81.87,ASCAT,0.0,0.0,False,False,False,False,length_below_openberg_minimum
746,2020-03-15,-67.27,81.87,ASCAT,0.0,0.0,False,False,False,False,length_below_openberg_minimum
747,2020-03-16,-67.27,81.87,ASCAT,0.0,0.0,False,False,False,False,length_below_openberg_minimum
748,2020-03-17,-67.27,81.87,ASCAT,0.0,0.0,False,False,False,False,length_below_openberg_minimum
749,2020-03-18,-67.27,81.87,ASCAT,0.0,0.0,False,False,False,False,length_below_openberg_minimum
750,2020-03-19,-67.2667,81.8667,NIC,0.0,0.0,False,False,False,False,length_below_openberg_minimum
751,2020-03-20,-67.2667,81.8667,NIC,14816.0,9260.0,False,False,False,False,length_exceeds_openberg_maximum
752,2020-03-21,-67.2667,81.8667,NIC,0.0,0.0,False,False,False,False,length_below_openberg_minimum
753,2020-03-22,-67.2667,81.8667,NIC,0.0,0.0,False,False,False,False,length_below_openberg_minimum
754,2020-03-23,-67.2667,81.8667,NIC,0.0,0.0,False,False,False,False,length_below_openberg_minimum
755,2020-03-24,-67.2667,81.8667,NIC,0.0,0.0,False,False,False,False,length_below_openberg_minimum
756,2020-03-25,-67.2667,81.8667,NIC,0.0,0.0,False,False,False,False,length_below_openberg_minimum
757,2020-03-26,-67.2667,81.8667,NIC,0.0,0.0,False,False,False,False,length_below_openberg_minimum
758,2020-03-27,-67.2667,81.8667,NIC,14816.0,9260.0,False,False,False,False,length_exceeds_openberg_maximum
759,2020-03-28,-67.2667,81.8667,NIC,0.0,0.0,False,False,False,False,length_below_openberg_minimum
760,2020-03-29,-67.2667,81.8667,NIC,0.0,0.0,False,False,False,False,length_below_openberg_minimum
761,2020-03-30,-67.2667,81.8667,NIC,0.0,0.0,False,False,False,False,length_below_openberg_minimum
762,2020-03-31,-67.2667,81.8667,NIC,0.0,0.0,False,False,False,False,length_below_openberg_minimum
763,2020-04-01,-67.2667,81.8667,NIC,0.0,0.0,False,False,False,False,length_below_openberg_minimum
764,2020-04-02,-67.2667,81.8667,NIC,0.0,0.0,False,False,False,False,length_below_openberg_minimum
765,2020-04-03,-67.2667,81.8667,NIC,14816.0,9260.0,False,False,False,False,length_exceeds_openberg_maximum
766,2020-04-04,-67.2667,81.8667,NIC,0.0,0.0,False,False,False,False,length_below_openberg_minimum
767,2020-04-05,-67.27,81.87,ASCAT,0.0,0.0,False,False,False,False,length_below_openberg_minimum
768,2020-04-06,-67.27,81.87,ASCAT,0.0,0.0,False,False,False,False,length_below_openberg_minimum
769,2020-04-07,-67.27,81.87,ASCAT,0.0,0.0,False,False,False,False,length_below_openberg_minimum
770,2020-04-08,-67.27,81.87,ASCAT,0.0,0.0,False,False,False,False,length_below_openberg_minimum
771,2020-04-09,-67.27,81.87,ASCAT,0.0,0.0,False,False,False,False,length_below_openberg_minimum
772,2020-04-10,-67.27,81.87,ASCAT,14816.0,9260.0,False,False,False,False,length_exceeds_openberg_maximum
773,2020-04-11,-67.27,81.87,ASCAT,0.0,0.0,False,False,False,False,length_below_openberg_minimum
774,2020-04-12,-67.27,81.87,ASCAT,0.0,0.0,False,False,False,False,length_below_openberg_minimum
775,2020-04-13,-67.27,81.87,ASCAT,0.0,0.0,False,False,False,False,length_below_openberg_minimum
776,2020-04-14,-67.27,81.87,ASCAT,0.0,0.0,False,False,False,False,length_below_openberg_minimum
777,2020-04-15,-67.27,81.87,ASCAT,0.0,0.0,False,False,False,False,length_below_openberg_minimum
778,2020-04-16,-67.27,81.87,ASCAT,0.0,0.0,False,False,False,False,length_below_openberg_minimum
779,2020-04-17,-67.27,81.87,ASCAT,14816.0,9260.0,False,False,False,False,length_exceeds_openberg_maximum
780,2020-04-18,-67.27,81.87,ASCAT,0.0,0.0,False,False,False,False,length_below_openberg_minimum
781,2020-04-19,-67.27,81.87,ASCAT,0.0,0.0,False,False,False,False,length_below_openberg_minimum
782,2020-04-20,-67.27,81.87,ASCAT,0.0,0.0,False,False,False,False,length_below_openberg_minimum
783,2020-04-21,-67.27,81.87,ASCAT,0.0,0.0,False,False,False,False,length_below_openberg_minimum
784,2020-04-22,-67.27,81.87,ASCAT,0.0,0.0,False,False,False,False,length_below_openberg_minimum
785,2020-04-23,-67.26,81.87,ASCAT,0.0,0.0,False,False,False,False,length_below_openberg_minimum
786,2020-04-24,-67.26,81.87,ASCAT,14816.0,9260.0,False,False,False,False,length_exceeds_openberg_maximum
787,2020-04-25,-67.26,81.87,ASCAT,0.0,0.0,False,False,False,False,length_below_openberg_minimum
788,2020-04-26,-67.26,81.87,ASCAT,0.0,0.0,False,False,False,False,length_below_openberg_minimum
789,2020-04-27,-67.26,81.87,ASCAT,0.0,0.0,False,False,False,False,length_below_openberg_minimum
790,2020-04-28,-67.26,81.87,ASCAT,0.0,0.0,False,False,False,False,length_below_openberg_minimum
791,2020-04-29,-67.26,81.87,ASCAT,0.0,0.0,False,False,False,False,length_below_openberg_minimum
792,2020-04-30,-67.26,81.87,ASCAT,0.0,0.0,False,False,False,False,length_below_openberg_minimum
793,2020-05-01,-67.26,81.87,ASCAT,14816.0,9260.0,False,False,False,False,length_exceeds_openberg_maximum
794,2020-05-02,-67.26,81.87,ASCAT,0.0,0.0,False,False,False,False,length_below_openberg_minimum
795,2020-05-03,-67.26,81.87,ASCAT,0.0,0.0,False,False,False,False,length_below_openberg_minimum
796,2020-05-04,-67.26,81.87,ASCAT,0.0,0.0,False,False,False,False,length_below_openberg_minimum
797,2020-05-05,-67.26,81.87,ASCAT,0.0,0.0,False,False,False,False,length_below_openberg_minimum
798,2020-05-06,-67.26,81.87,ASCAT,0.0,0.0,False,False,False,False,length_below_openberg_minimum
799,2020-05-07,-67.26,81.87,ASCAT,0.0,0.0,False,False,False,False,length_below_openberg_minimum
800,2020-05-08,-67.26,81.87,ASCAT,14816.0,9260.0,False,False,False,False,length_exceeds_openberg_maximum
801,2020-05-09,-67.26,81.87,ASCAT,0.0,0.0,False,False,False,False,length_below_openberg_minimum
802,2020-05-10,-67.26,81.87,ASCAT,0.0,0.0,False,False,False,False,length_below_openberg_minimum
803,2020-05-11,-67.26,81.8528,ASCAT,0.0,0.0,False,False,False,False,length_below_openberg_minimum
804,2020-05-12,-67.26,81.8103,ASCAT,0.0,0.0,False,False,False,False,length_below_openberg_minimum
805,2020-05-13,-67.26,81.7564,ASCAT,0.0,0.0,False,False,False,False,length_below_openberg_minimum
806,2020-05-14,-67.26,81.705,ASCAT,0.0,0.0,False,False,False,False,length_below_openberg_minimum
807,2020-05-15,-67.26,81.67,ASCAT,14816.0,9260.0,False,False,False,False,length_exceeds_openberg_maximum
808,2020-05-16,-67.2667,81.6667,NIC,0.0,0.0,False,False,False,False,length_below_openberg_minimum
809,2020-05-17,-67.2667,81.6667,NIC,0.0,0.0,False,False,False,False,length_below_openberg_minimum
810,2020-05-18,-67.2667,81.6667,NIC,0.0,0.0,False,False,False,False,length_below_openberg_minimum
811,2020-05-19,-67.2667,81.6667,NIC,0.0,0.0,False,False,False,False,length_below_openberg_minimum
812,2020-05-20,-67.2667,81.6667,NIC,0.0,0.0,False,False,False,False,length_below_openberg_minimum
813,2020-05-21,-67.2667,81.6667,NIC,0.0,0.0,False,False,False,False,length_below_openberg_minimum
814,2020-05-22,-67.2667,81.6667,NIC,14816.0,9260.0,False,False,False,False,length_exceeds_openberg_maximum
815,2020-05-23,-67.2676,81.6602,NIC,0.0,0.0,False,False,False,False,length_below_openberg_minimum
816,2020-05-24,-67.27,81.6436,NIC,0.0,0.0,False,False,False,False,length_below_openberg_minimum
817,2020-05-25,-67.2732,81.6208,NIC,0.0,0.0,False,False,False,False,length_below_openberg_minimum
818,2020-05-26,-67.2768,81.5959,NIC,0.0,0.0,False,False,False,False,length_below_openberg_minimum
819,2020-05-27,-67.28,81.5731,NIC,0.0,0.0,False,False,False,False,length_below_openberg_minimum
820,2020-05-28,-67.2824,81.5565,NIC,0.0,0.0,False,False,False,False,length_below_openberg_minimum
821,2020-05-29,-67.2833,81.55,NIC,14816.0,9260.0,False,False,False,False,length_exceeds_openberg_maximum
822,2020-05-30,-67.2833,81.55,NIC,0.0,0.0,False,False,False,False,length_below_openberg_minimum
823,2020-05-31,-67.2833,81.55,NIC,0.0,0.0,False,False,False,False,length_below_openberg_minimum
824,2020-06-01,-67.2833,81.55,NIC,0.0,0.0,False,False,False,False,length_below_openberg_minimum
825,2020-06-02,-67.2919,81.4272,ASCAT,0.0,0.0,False,False,False,False,length_below_openberg_minimum
826,2020-06-03,-67.2919,81.4272,ASCAT,0.0,0.0,False,False,False,False,length_below_openberg_minimum
827,2020-06-04,-67.2919,81.4272,ASCAT,0.0,0.0,False,False,False,False,length_below_openberg_minimum
828,2020-06-05,-67.2919,81.4272,ASCAT,14816.0,9260.0,False,False,False,False,length_exceeds_openberg_maximum
829,2020-06-06,-67.29,81.56,ASCAT,0.0,0.0,False,False,False,False,length_below_openberg_minimum
830,2020-06-07,-67.2853,81.4557,ASCAT,0.0,0.0,False,False,False,False,length_below_openberg_minimum
831,2020-06-08,-67.2853,81.4557,ASCAT,0.0,0.0,False,False,False,False,length_below_openberg_minimum
832,2020-06-09,-67.2853,81.4557,ASCAT,0.0,0.0,False,False,False,False,length_below_openberg_minimum
833,2020-06-10,-67.2853,81.4557,ASCAT,0.0,0.0,False,False,False,False,length_below_openberg_minimum
834,2020-06-11,-67.2853,81.4557,ASCAT,0.0,0.0,False,False,False,False,length_below_openberg_minimum
835,2020-06-12,-67.2769,81.1747,ASCAT,14816.0,9260.0,False,False,False,False,length_exceeds_openberg_maximum
836,2020-06-13,-67.2749,81.0632,ASCAT,0.0,0.0,False,False,False,False,length_below_openberg_minimum
837,2020-06-14,-67.2727,80.9692,ASCAT,0.0,0.0,False,False,False,False,length_below_openberg_minimum
838,2020-06-15,-67.2553,80.8211,ASCAT,0.0,0.0,False,False,False,False,length_below_openberg_minimum
839,2020-06-16,-67.2908,80.4693,ASCAT,0.0,0.0,False,False,False,False,length_below_openberg_minimum
840,2020-06-17,-67.2908,80.4693,ASCAT,0.0,0.0,False,False,False,False,length_below_openberg_minimum
841,2020-06-18,-67.3018,80.0492,ASCAT,0.0,0.0,False,False,False,False,length_below_openberg_minimum
842,2020-06-19,-67.3018,80.0492,ASCAT,14816.0,9260.0,False,False,False,False,length_exceeds_openberg_maximum
843,2020-06-20,-67.3332,79.8003,ASCAT,0.0,0.0,False,False,False,False,length_below_openberg_minimum
844,2020-06-21,-67.3909,79.6948,ASCAT,0.0,0.0,False,False,False,False,length_below_openberg_minimum
845,2020-06-22,-67.5237,79.474,ASCAT,0.0,0.0,False,False,False,False,length_below_openberg_minimum
846,2020-06-23,-67.5748,79.449,ASCAT,0.0,0.0,False,False,False,False,length_below_openberg_minimum
847,2020-06-24,-67.5748,79.449,ASCAT,0.0,0.0,False,False,False,False,length_below_openberg_minimum
848,2020-06-25,-67.5748,79.449,ASCAT,0.0,0.0,False,False,False,False,length_below_openberg_minimum
849,2020-06-26,-67.5748,79.449,ASCAT,14816.0,9260.0,False,False,False,False,length_exceeds_openberg_maximum
850,2020-06-27,-67.5748,79.449,ASCAT,0.0,0.0,False,False,False,False,length_below_openberg_minimum
851,2020-06-28,-67.5748,79.449,ASCAT,0.0,0.0,False,False,False,False,length_below_openberg_minimum
852,2020-06-29,-67.5748,79.449,ASCAT,0.0,0.0,False,False,False,False,length_below_openberg_minimum
853,2020-06-30,-67.5748,79.449,ASCAT,0.0,0.0,False,False,False,False,length_below_openberg_minimum
854,2020-07-01,-67.5737,79.4481,ASCAT,0.0,0.0,False,False,False,False,length_below_openberg_minimum
855,2020-07-02,-67.571,79.4456,ASCAT,0.0,0.0,False,False,False,False,length_below_openberg_minimum
856,2020-07-03,-67.5672,79.4423,ASCAT,14816.0,9260.0,False,False,False,False,length_exceeds_openberg_maximum
857,2020-07-04,-67.5632,79.4388,ASCAT,0.0,0.0,False,False,False,False,length_below_openberg_minimum
858,2020-07-05,-67.5594,79.4355,ASCAT,0.0,0.0,False,False,False,False,length_below_openberg_minimum
859,2020-07-06,-67.5567,79.433,ASCAT,0.0,0.0,False,False,False,False,length_below_openberg_minimum
860,2020-07-07,-67.5556,79.4321,ASCAT,0.0,0.0,False,False,False,False,length_below_openberg_minimum
861,2020-07-08,-67.5556,79.4321,ASCAT,0.0,0.0,False,False,False,False,length_below_openberg_minimum
862,2020-07-09,-67.5556,79.4321,ASCAT,0.0,0.0,False,False,False,False,length_below_openberg_minimum
863,2020-07-10,-67.5556,79.4321,ASCAT,14816.0,9260.0,False,False,False,False,length_exceeds_openberg_maximum
864,2020-07-11,-67.5556,79.4321,ASCAT,0.0,0.0,False,False,False,False,length_below_openberg_minimum
865,2020-07-12,-67.5556,79.4321,ASCAT,0.0,0.0,False,False,False,False,length_below_openberg_minimum
866,2020-07-13,-67.55,79.4167,NIC,0.0,0.0,False,False,False,False,length_below_openberg_minimum
867,2020-07-14,-67.55,79.4167,NIC,0.0,0.0,False,False,False,False,length_below_openberg_minimum
868,2020-07-15,-67.55,79.4167,NIC,0.0,0.0,False,False,False,False,length_below_openberg_minimum
869,2020-07-16,-67.55,79.4167,NIC,0.0,0.0,False,False,False,False,length_below_openberg_minimum
870,2020-07-17,-67.55,79.4167,NIC,14816.0,9260.0,False,False,False,False,length_exceeds_openberg_maximum
871,2020-07-18,-67.5509,79.4185,NIC,0.0,0.0,False,False,False,False,length_below_openberg_minimum
872,2020-07-19,-67.5533,79.4233,NIC,0.0,0.0,False,False,False,False,length_below_openberg_minimum
873,2020-07-20,-67.5566,79.4298,NIC,0.0,0.0,False,False,False,False,length_below_openberg_minimum
874,2020-07-21,-67.5601,79.4369,NIC,0.0,0.0,False,False,False,False,length_below_openberg_minimum
875,2020-07-22,-67.5634,79.4434,NIC,0.0,0.0,False,False,False,False,length_below_openberg_minimum
876,2020-07-23,-67.5658,79.4482,NIC,0.0,0.0,False,False,False,False,length_below_openberg_minimum
877,2020-07-24,-67.5667,79.45,NIC,14816.0,9260.0,False,False,False,False,length_exceeds_openberg_maximum
878,2020-07-25,-67.5667,79.45,NIC,0.0,0.0,False,False,False,False,length_below_openberg_minimum
879,2020-07-26,-67.5667,79.45,NIC,0.0,0.0,False,False,False,False,length_below_openberg_minimum
880,2020-07-27,-67.5667,79.45,NIC,0.0,0.0,False,False,False,False,length_below_openberg_minimum
881,2020-07-28,-67.5667,79.45,NIC,0.0,0.0,False,False,False,False,length_below_openberg_minimum
882,2020-07-29,-67.5667,79.45,NIC,0.0,0.0,False,False,False,False,length_below_openberg_minimum
883,2020-07-30,-67.5628,79.5337,ASCAT,0.0,0.0,False,False,False,False,length_below_openberg_minimum
884,2020-07-31,-67.5628,79.5337,ASCAT,14816.0,9260.0,False,False,False,False,length_exceeds_openberg_maximum
885,2020-08-01,-67.5735,79.4497,ASCAT,0.0,0.0,False,False,False,False,length_below_openberg_minimum
886,2020-08-02,-67.5735,79.4497,ASCAT,0.0,0.0,False,False,False,False,length_below_openberg_minimum
887,2020-08-03,-67.5735,79.4497,ASCAT,0.0,0.0,False,False,False,False,length_below_openberg_minimum
888,2020-08-04,-67.5735,79.4497,ASCAT,0.0,0.0,False,False,False,False,length_below_openberg_minimum
889,2020-08-05,-67.5735,79.4497,ASCAT,0.0,0.0,False,False,False,False,length_below_openberg_minimum
890,2020-08-06,-67.5735,79.4497,ASCAT,0.0,0.0,False,False,False,False,length_below_openberg_minimum
891,2020-08-07,-67.5735,79.4497,ASCAT,14816.0,9260.0,False,False,False,False,length_exceeds_openberg_maximum
892,2020-08-08,-67.5735,79.4497,ASCAT,0.0,0.0,False,False,False,False,length_below_openberg_minimum
893,2020-08-09,-67.5735,79.4497,ASCAT,0.0,0.0,False,False,False,False,length_below_openberg_minimum
894,2020-08-10,-67.5735,79.4497,ASCAT,0.0,0.0,False,False,False,False,length_below_openberg_minimum
895,2020-08-11,-67.5735,79.4497,ASCAT,0.0,0.0,False,False,False,False,length_below_openberg_minimum
896,2020-08-12,-67.5735,79.4497,ASCAT,0.0,0.0,False,False,False,False,length_below_openberg_minimum
897,2020-08-13,-67.5735,79.4497,ASCAT,0.0,0.0,False,False,False,False,length_below_openberg_minimum
898,2020-08-14,-67.5735,79.4497,ASCAT,14816.0,9260.0,False,False,False,False,length_exceeds_openberg_maximum
899,2020-08-15,-67.5735,79.4497,ASCAT,0.0,0.0,False,False,False,False,length_below_openberg_minimum
900,2020-08-16,-67.5735,79.4497,ASCAT,0.0,0.0,False,False,False,False,length_below_openberg_minimum
901,2020-08-17,-67.5735,79.4497,ASCAT,0.0,0.0,False,False,False,False,length_below_openberg_minimum
902,2020-08-18,-67.5735,79.4497,ASCAT,0.0,0.0,False,False,False,False,length_below_openberg_minimum
903,2020-08-19,-67.5735,79.4497,ASCAT,0.0,0.0,False,False,False,False,length_below_openberg_minimum
904,2020-08-20,-67.5735,79.4497,ASCAT,0.0,0.0,False,False,False,False,length_below_openberg_minimum
905,2020-08-21,-67.5735,79.4497,ASCAT,14816.0,9260.0,False,False,False,False,length_exceeds_openberg_maximum
906,2020-08-22,-67.5735,79.4497,ASCAT,0.0,0.0,False,False,False,False,length_below_openberg_minimum
907,2020-08-23,-67.5735,79.4497,ASCAT,0.0,0.0,False,False,False,False,length_below_openberg_minimum
908,2020-08-24,-67.5735,79.4497,ASCAT,0.0,0.0,False,False,False,False,length_below_openberg_minimum
909,2020-08-25,-67.5735,79.4497,ASCAT,0.0,0.0,False,False,False,False,length_below_openberg_minimum
910,2020-08-26,-67.5735,79.4497,ASCAT,0.0,0.0,False,False,False,False,length_below_openberg_minimum
911,2020-08-27,-67.5735,79.4497,ASCAT,0.0,0.0,False,False,False,False,length_below_openberg_minimum
912,2020-08-28,-67.5735,79.4497,ASCAT,14816.0,9260.0,False,False,False,False,length_exceeds_openberg_maximum
913,2020-08-29,-67.5735,79.4497,ASCAT,0.0,0.0,False,False,False,False,length_below_openberg_minimum
914,2020-08-30,-67.5735,79.4497,ASCAT,0.0,0.0,False,False,False,False,length_below_openberg_minimum
915,2020-08-31,-67.5735,79.4497,ASCAT,0.0,0.0,False,False,False,False,length_below_openberg_minimum
916,2020-09-01,-67.5735,79.4497,ASCAT,0.0,0.0,False,False,False,False,length_below_openberg_minimum
917,2020-09-02,-67.5735,79.4497,ASCAT,0.0,0.0,False,False,False,False,length_below_openberg_minimum
918,2020-09-03,-67.5735,79.4497,ASCAT,0.0,0.0,False,False,False,False,length_below_openberg_minimum
919,2020-09-04,-67.5735,79.4497,ASCAT,14816.0,9260.0,False,False,False,False,length_exceeds_openberg_maximum
920,2020-09-05,-67.5735,79.4497,ASCAT,0.0,0.0,False,False,False,False,length_below_openberg_minimum
921,2020-09-06,-67.5735,79.4497,ASCAT,0.0,0.0,False,False,False,False,length_below_openberg_minimum
922,2020-09-07,-67.5735,79.4497,ASCAT,0.0,0.0,False,False,False,False,length_below_openberg_minimum
923,2020-09-08,-67.5735,79.4497,ASCAT,0.0,0.0,False,False,False,False,length_below_openberg_minimum
924,2020-09-09,-67.5667,79.4333,NIC,0.0,0.0,False,False,False,False,length_below_openberg_minimum
925,2020-09-10,-67.5667,79.4333,NIC,0.0,0.0,False,False,False,False,length_below_openberg_minimum
926,2020-09-11,-67.5667,79.4333,NIC,14816.0,9260.0,False,False,False,False,length_exceeds_openberg_maximum
927,2020-09-12,-67.5667,79.4333,NIC,0.0,0.0,False,False,False,False,length_below_openberg_minimum
928,2020-09-13,-67.5667,79.4333,NIC,0.0,0.0,False,False,False,False,length_below_openberg_minimum
929,2020-09-14,-67.5667,79.4333,NIC,0.0,0.0,False,False,False,False,length_below_openberg_minimum
930,2020-09-15,-67.5667,79.4333,NIC,0.0,0.0,False,False,False,False,length_below_openberg_minimum
931,2020-09-16,-67.5667,79.4333,NIC,0.0,0.0,False,False,False,False,length_below_openberg_minimum
932,2020-09-17,-67.5667,79.4333,NIC,0.0,0.0,False,False,False,False,length_below_openberg_minimum
933,2020-09-18,-67.5667,79.4333,NIC,14816.0,9260.0,False,False,False,False,length_exceeds_openberg_maximum
934,2020-09-19,-67.5667,79.4333,NIC,0.0,0.0,False,False,False,False,length_below_openberg_minimum
935,2020-09-20,-67.5667,79.4333,NIC,0.0,0.0,False,False,False,False,length_below_openberg_minimum
936,2020-09-21,-67.5667,79.4333,NIC,0.0,0.0,False,False,False,False,length_below_openberg_minimum
937,2020-09-22,-67.5667,79.4333,NIC,0.0,0.0,False,False,False,False,length_below_openberg_minimum
938,2020-09-23,-67.5667,79.4333,NIC,0.0,0.0,False,False,False,False,length_below_openberg_minimum
939,2020-09-24,-67.5667,79.4333,NIC,0.0,0.0,False,False,False,False,length_below_openberg_minimum
940,2020-09-25,-67.5667,79.4333,NIC,14816.0,9260.0,False,False,False,False,length_exceeds_openberg_maximum
941,2020-09-26,-67.5735,79.4497,ASCAT,0.0,0.0,False,False,False,False,length_below_openberg_minimum
942,2020-09-27,-67.5735,79.4497,ASCAT,0.0,0.0,False,False,False,False,length_below_openberg_minimum
943,2020-09-28,-67.5806,79.5077,ASCAT,0.0,0.0,False,False,False,False,length_below_openberg_minimum
944,2020-09-29,-67.5939,79.6153,ASCAT,0.0,0.0,False,False,False,False,length_below_openberg_minimum
945,2020-09-30,-67.601,79.6733,ASCAT,0.0,0.0,False,False,False,False,length_below_openberg_minimum
946,2020-10-01,-67.601,79.6733,ASCAT,0.0,0.0,False,False,False,False,length_below_openberg_minimum
947,2020-10-02,-67.601,79.6733,ASCAT,0.0,0.0,False,False,False,False,length_below_openberg_minimum
948,2020-10-03,-67.601,79.6733,ASCAT,0.0,0.0,False,False,False,False,length_below_openberg_minimum
949,2020-10-04,-67.601,79.6733,ASCAT,0.0,0.0,False,False,False,False,length_below_openberg_minimum
950,2020-10-05,-67.601,79.6733,ASCAT,0.0,0.0,False,False,False,False,length_below_openberg_minimum
951,2020-10-06,-67.5955,79.5446,ASCAT,0.0,0.0,False,False,False,False,length_below_openberg_minimum
952,2020-10-07,-67.5955,79.5446,ASCAT,0.0,0.0,False,False,False,False,length_below_openberg_minimum
953,2020-10-08,-67.5955,79.5446,ASCAT,0.0,0.0,False,False,False,False,length_below_openberg_minimum
954,2020-10-09,-67.5955,79.5446,ASCAT,14816.0,9260.0,False,False,False,False,length_exceeds_openberg_maximum
955,2020-10-10,-67.5955,79.5446,ASCAT,0.0,0.0,False,False,False,False,length_below_openberg_minimum
956,2020-10-11,-67.5955,79.5446,ASCAT,0.0,0.0,False,False,False,False,length_below_openberg_minimum
957,2020-10-12,-67.5955,79.5446,ASCAT,0.0,0.0,False,False,False,False,length_below_openberg_minimum
958,2020-10-13,-67.5955,79.5446,ASCAT,0.0,0.0,False,False,False,False,length_below_openberg_minimum
959,2020-10-14,-67.5955,79.5446,ASCAT,0.0,0.0,False,False,False,False,length_below_openberg_minimum
960,2020-10-15,-67.5955,79.5446,ASCAT,0.0,0.0,False,False,False,False,length_below_openberg_minimum
961,2020-10-16,-67.5955,79.5446,ASCAT,14816.0,9260.0,False,False,False,False,length_exceeds_openberg_maximum
962,2020-10-17,-67.5955,79.5446,ASCAT,0.0,0.0,False,False,False,False,length_below_openberg_minimum
963,2020-10-18,-67.5955,79.5446,ASCAT,0.0,0.0,False,False,False,False,length_below_openberg_minimum
964,2020-10-19,-67.5955,79.5446,ASCAT,0.0,0.0,False,False,False,False,length_below_openberg_minimum
965,2020-10-20,-67.5955,79.5446,ASCAT,0.0,0.0,False,False,False,False,length_below_openberg_minimum
966,2020-10-21,-67.5955,79.5446,ASCAT,0.0,0.0,False,False,False,False,length_below_openberg_minimum
967,2020-10-22,-67.5955,79.5446,ASCAT,0.0,0.0,False,False,False,False,length_below_openberg_minimum
968,2020-10-23,-67.5955,79.5446,ASCAT,14816.0,9260.0,False,False,False,False,length_exceeds_openberg_maximum
969,2020-10-24,-67.5955,79.5446,ASCAT,0.0,0.0,False,False,False,False,length_below_openberg_minimum
970,2020-10-25,-67.5955,79.5446,ASCAT,0.0,0.0,False,False,False,False,length_below_openberg_minimum
971,2020-10-26,-67.5955,79.5446,ASCAT,0.0,0.0,False,False,False,False,length_below_openberg_minimum
972,2020-10-27,-67.5971,79.5386,ASCAT,0.0,0.0,False,False,False,False,length_below_openberg_minimum
973,2020-10-28,-67.6016,79.522,ASCAT,0.0,0.0,False,False,False,False,length_below_openberg_minimum
974,2020-10-29,-67.6084,79.4969,ASCAT,0.0,0.0,False,False,False,False,length_below_openberg_minimum
975,2020-10-30,-67.6169,79.4655,ASCAT,14816.0,9260.0,False,False,False,False,length_exceeds_openberg_maximum
976,2020-10-31,-67.6265,79.4298,ASCAT,0.0,0.0,False,False,False,False,length_below_openberg_minimum
977,2020-11-01,-67.6367,79.392,ASCAT,0.0,0.0,False,False,False,False,length_below_openberg_minimum
978,2020-11-02,-67.6469,79.3542,ASCAT,0.0,0.0,False,False,False,False,length_below_openberg_minimum
979,2020-11-03,-67.6565,79.3185,ASCAT,0.0,0.0,False,False,False,False,length_below_openberg_minimum
980,2020-11-04,-67.665,79.2871,ASCAT,0.0,0.0,False,False,False,False,length_below_openberg_minimum
981,2020-11-05,-67.6718,79.262,ASCAT,0.0,0.0,False,False,False,False,length_below_openberg_minimum
982,2020-11-06,-67.6763,79.2454,ASCAT,14816.0,9260.0,False,False,False,False,length_exceeds_openberg_maximum
983,2020-11-07,-67.6779,79.2394,ASCAT,0.0,0.0,False,False,False,False,length_below_openberg_minimum
984,2020-11-08,-67.6779,79.2394,ASCAT,0.0,0.0,False,False,False,False,length_below_openberg_minimum
985,2020-11-09,-67.6779,79.2394,ASCAT,0.0,0.0,False,False,False,False,length_below_openberg_minimum
986,2020-11-10,-67.6779,79.2394,ASCAT,0.0,0.0,False,False,False,False,length_below_openberg_minimum
987,2020-11-11,-67.6779,79.2394,ASCAT,0.0,0.0,False,False,False,False,length_below_openberg_minimum
988,2020-11-12,-67.6619,79.1152,ASCAT,0.0,0.0,False,False,False,False,length_below_openberg_minimum
989,2020-11-13,-67.6619,79.1152,ASCAT,0.0,0.0,False,False,False,False,length_below_openberg_minimum
990,2020-11-14,-67.6364,78.9957,ASCAT,0.0,0.0,False,False,False,False,length_below_openberg_minimum
991,2020-11-15,-67.6364,78.9957,ASCAT,0.0,0.0,False,False,False,False,length_below_openberg_minimum
992,2020-11-16,-67.6364,78.9957,ASCAT,0.0,0.0,False,False,False,False,length_below_openberg_minimum
993,2020-11-17,-67.6364,78.9957,ASCAT,0.0,0.0,False,False,False,False,length_below_openberg_minimum
994,2020-11-18,-67.6364,78.9957,ASCAT,0.0,0.0,False,False,False,False,length_below_openberg_minimum
995,2020-11-19,-67.6364,78.9957,ASCAT,0.0,0.0,False,False,False,False,length_below_openberg_minimum
996,2020-11-20,-67.6364,78.9957,ASCAT,0.0,0.0,False,False,False,False,length_below_openberg_minimum
997,2020-11-21,-67.6364,78.9957,ASCAT,0.0,0.0,False,False,False,False,length_below_openberg_minimum
998,2020-11-22,-67.6364,78.9957,ASCAT,0.0,0.0,False,False,False,False,length_below_openberg_minimum
999,2020-11-23,-67.6364,78.9957,ASCAT,0.0,0.0,False,False,False,False,length_below_openberg_minimum
1000,2020-11-24,-67.6364,78.9957,ASCAT,0.0,0.0,False,False,False,False,length_below_openberg_minimum
1001,2020-11-25,-67.6364,78.9957,ASCAT,0.0,0.0,False,False,False,False,length_below_openberg_minimum
1002,2020-11-26,-67.6364,78.9957,ASCAT,0.0,0.0,False,False,False,False,length_below_openberg_minimum
1003,2020-11-27,-67.6364,78.9957,ASCAT,0.0,0.0,False,False,False,False,length_below_openberg_minimum
1004,2020-11-28,-67.6548,78.9068,ASCAT,0.0,0.0,False,False,False,False,length_below_openberg_minimum
1005,2020-11-29,-67.6889,78.9156,ASCAT,0.0,0.0,False,False,False,False,length_below_openberg_minimum
1006,2020-11-30,-67.6889,78.9156,ASCAT,0.0,0.0,False,False,False,False,length_below_openberg_minimum
1007,2020-12-01,-67.6889,78.9156,ASCAT,0.0,0.0,False,False,False,False,length_below_openberg_minimum
1008,2020-12-02,-67.6918,78.861,ASCAT,0.0,0.0,False,False,False,False,length_below_openberg_minimum
1009,2020-12-03,-67.6918,78.861,ASCAT,0.0,0.0,False,False,False,False,length_below_openberg_minimum
1010,2020-12-04,-67.6918,78.861,ASCAT,0.0,0.0,False,False,False,False,length_below_openberg_minimum
1011,2020-12-05,-67.6918,78.861,ASCAT,0.0,0.0,False,False,False,False,length_below_openberg_minimum
1012,2020-12-06,-67.6918,78.861,ASCAT,0.0,0.0,False,False,False,False,length_below_openberg_minimum
1013,2020-12-07,-67.6918,78.861,ASCAT,0.0,0.0,False,False,False,False,length_below_openberg_minimum
1014,2020-12-08,-67.6918,78.861,ASCAT,0.0,0.0,False,False,False,False,length_below_openberg_minimum
1015,2020-12-09,-67.6918,78.861,ASCAT,0.0,0.0,False,False,False,False,length_below_openberg_minimum
1016,2020-12-10,-67.6918,78.861,ASCAT,0.0,0.0,False,False,False,False,length_below_openberg_minimum
1017,2020-12-11,-67.6837,78.8652,ASCAT,0.0,0.0,False,False,False,False,length_below_openberg_minimum
1018,2020-12-12,-67.6837,78.8652,ASCAT,0.0,0.0,False,False,False,False,length_below_openberg_minimum
1019,2020-12-13,-67.6837,78.8652,ASCAT,0.0,0.0,False,False,False,False,length_below_openberg_minimum
1020,2020-12-14,-67.6837,78.8652,ASCAT,0.0,0.0,False,False,False,False,length_below_openberg_minimum
1021,2020-12-15,-67.6837,78.8652,ASCAT,0.0,0.0,False,False,False,False,length_below_openberg_minimum
1022,2020-12-16,-67.6558,78.8267,ASCAT,0.0,0.0,False,False,False,False,length_below_openberg_minimum
1023,2020-12-17,-67.6854,78.7581,ASCAT,0.0,0.0,False,False,False,False,length_below_openberg_minimum
1024,2020-12-18,-67.7043,78.6951,ASCAT,0.0,0.0,False,False,False,False,length_below_openberg_minimum
1025,2020-12-19,-67.7043,78.6951,ASCAT,0.0,0.0,False,False,False,False,length_below_openberg_minimum
1026,2020-12-20,-67.7043,78.6951,ASCAT,0.0,0.0,False,False,False,False,length_below_openberg_minimum
1027,2020-12-21,-67.7353,78.5723,ASCAT,0.0,0.0,False,False,False,False,length_below_openberg_minimum
1028,2020-12-22,-67.7353,78.5723,ASCAT,0.0,0.0,False,False,False,False,length_below_openberg_minimum
1029,2020-12-23,-67.744,78.5941,ASCAT,0.0,0.0,False,False,False,False,length_below_openberg_minimum
1030,2020-12-24,-67.7622,78.5045,ASCAT,0.0,0.0,False,False,False,False,length_below_openberg_minimum
1031,2020-12-25,-67.7366,78.6246,ASCAT,0.0,0.0,False,False,False,False,length_below_openberg_minimum
1032,2020-12-26,-67.7366,78.6246,ASCAT,0.0,0.0,False,False,False,False,length_below_openberg_minimum
1033,2020-12-27,-67.7366,78.6246,ASCAT,0.0,0.0,False,False,False,False,length_below_openberg_minimum
1034,2020-12-28,-67.7366,78.6246,ASCAT,0.0,0.0,False,False,False,False,length_below_openberg_minimum
1035,2020-12-29,-67.7382,78.4109,ASCAT,0.0,0.0,False,False,False,False,length_below_openberg_minimum
1036,2020-12-30,-67.7382,78.4109,ASCAT,0.0,0.0,False,False,False,False,length_below_openberg_minimum
1037,2020-12-31,-67.7,78.4,NIC,14816.0,9260.0,False,False,False,False,length_exceeds_openberg_maximum
1038,2021-01-01,-67.6985,78.4032,NIC,0.0,0.0,False,False,False,False,length_below_openberg_minimum
1039,2021-01-02,-67.6875,78.426,NIC,0.0,0.0,False,False,False,False,length_below_openberg_minimum
1040,2021-01-03,-67.6689,78.4648,NIC,0.0,0.0,False,False,False,False,length_below_openberg_minimum
1041,2021-01-04,-67.646,78.5125,NIC,0.0,0.0,False,False,False,False,length_below_openberg_minimum
1042,2021-01-05,-67.6222,78.562,NIC,0.0,0.0,False,False,False,False,length_below_openberg_minimum
1043,2021-01-06,-67.601,78.6061,NIC,0.0,0.0,False,False,False,False,length_below_openberg_minimum
1044,2021-01-07,-67.5858,78.6379,NIC,0.0,0.0,False,False,False,False,length_below_openberg_minimum
1045,2021-01-08,-67.58,78.65,NIC,14816.0,9260.0,False,False,False,False,length_exceeds_openberg_maximum
1046,2021-01-09,-67.5889,78.6413,NIC,0.0,0.0,False,False,False,False,length_below_openberg_minimum
1047,2021-01-10,-67.6117,78.6183,NIC,0.0,0.0,False,False,False,False,length_below_openberg_minimum
1048,2021-01-11,-67.643,78.586,NIC,0.0,0.0,False,False,False,False,length_below_openberg_minimum
1049,2021-01-12,-67.677,78.5491,NIC,0.0,0.0,False,False,False,False,length_below_openberg_minimum
1050,2021-01-13,-67.7083,78.5126,NIC,0.0,0.0,False,False,False,False,length_below_openberg_minimum
1051,2021-01-14,-67.7311,78.4813,NIC,0.0,0.0,False,False,False,False,length_below_openberg_minimum
1052,2021-01-15,-67.74,78.46,NIC,14816.0,9260.0,False,False,False,False,length_exceeds_openberg_maximum
1053,2021-01-16,-67.7386,78.4466,NIC,0.0,0.0,False,False,False,False,length_below_openberg_minimum
1054,2021-01-17,-67.7349,78.4353,NIC,0.0,0.0,False,False,False,False,length_below_openberg_minimum
1055,2021-01-18,-67.7298,78.4255,NIC,0.0,0.0,False,False,False,False,length_below_openberg_minimum
1056,2021-01-19,-67.7239,78.4166,NIC,0.0,0.0,False,False,False,False,length_below_openberg_minimum
1057,2021-01-20,-67.7181,78.4081,NIC,0.0,0.0,False,False,False,False,length_below_openberg_minimum
1058,2021-01-21,-67.7132,78.3994,NIC,0.0,0.0,False,False,False,False,length_below_openberg_minimum
1059,2021-01-22,-67.71,78.39,NIC,14816.0,9260.0,False,False,False,False,length_exceeds_openberg_maximum
1060,2021-01-23,-67.7079,78.3791,NIC,0.0,0.0,False,False,False,False,length_below_openberg_minimum
1061,2021-01-24,-67.7058,78.3669,NIC,0.0,0.0,False,False,False,False,length_below_openberg_minimum
1062,2021-01-25,-67.704,78.3545,NIC,0.0,0.0,False,False,False,False,length_below_openberg_minimum
1063,2021-01-26,-67.7024,78.3427,NIC,0.0,0.0,False,False,False,False,length_below_openberg_minimum
1064,2021-01-27,-67.7011,78.3323,NIC,0.0,0.0,False,False,False,False,length_below_openberg_minimum
1065,2021-01-28,-67.7003,78.3245,NIC,0.0,0.0,False,False,False,False,length_below_openberg_minimum
1066,2021-01-29,-67.7,78.32,NIC,14816.0,9260.0,False,False,False,False,length_exceeds_openberg_maximum
1067,2021-01-30,-67.7007,78.3176,NIC,0.0,0.0,False,False,False,False,length_below_openberg_minimum
1068,2021-01-31,-67.6868,78.4118,ASCAT,0.0,0.0,False,False,False,False,length_below_openberg_minimum
1069,2021-02-01,-67.7154,78.4229,ASCAT,0.0,0.0,False,False,False,False,length_below_openberg_minimum
1070,2021-02-02,-67.7154,78.4229,ASCAT,0.0,0.0,False,False,False,False,length_below_openberg_minimum
1071,2021-02-03,-67.7154,78.4229,ASCAT,0.0,0.0,False,False,False,False,length_below_openberg_minimum
1072,2021-02-04,-67.7262,78.3639,ASCAT,0.0,0.0,False,False,False,False,length_below_openberg_minimum
1073,2021-02-05,-67.7262,78.3639,ASCAT,14816.0,9260.0,False,False,False,False,length_exceeds_openberg_maximum
1074,2021-02-06,-67.7262,78.3639,ASCAT,0.0,0.0,False,False,False,False,length_below_openberg_minimum
1075,2021-02-07,-67.7262,78.3639,ASCAT,0.0,0.0,False,False,False,False,length_below_openberg_minimum
1076,2021-02-08,-67.7081,78.4535,ASCAT,0.0,0.0,False,False,False,False,length_below_openberg_minimum
1077,2021-02-09,-67.7081,78.4535,ASCAT,0.0,0.0,False,False,False,False,length_below_openberg_minimum
1078,2021-02-10,-67.7395,78.4101,ASCAT,0.0,0.0,False,False,False,False,length_below_openberg_minimum
1079,2021-02-11,-67.7395,78.4101,ASCAT,0.0,0.0,False,False,False,False,length_below_openberg_minimum
1080,2021-02-12,-67.7823,78.3335,ASCAT,14816.0,9260.0,False,False,False,False,length_exceeds_openberg_maximum
1081,2021-02-13,-67.7823,78.3335,ASCAT,0.0,0.0,False,False,False,False,length_below_openberg_minimum
1082,2021-02-14,-67.7823,78.3335,ASCAT,0.0,0.0,False,False,False,False,length_below_openberg_minimum
1083,2021-02-15,-67.7817,78.2536,ASCAT,0.0,0.0,False,False,False,False,length_below_openberg_minimum
1084,2021-02-16,-67.7817,78.2536,ASCAT,0.0,0.0,False,False,False,False,length_below_openberg_minimum
1085,2021-02-17,-67.8018,78.2959,ASCAT,0.0,0.0,False,False,False,False,length_below_openberg_minimum
1086,2021-02-18,-67.8018,78.2959,ASCAT,0.0,0.0,False,False,False,False,length_below_openberg_minimum
1087,2021-02-19,-67.7897,78.2492,ASCAT,14816.0,9260.0,False,False,False,False,length_exceeds_openberg_maximum
1088,2021-02-20,-67.7957,78.2191,ASCAT,0.0,0.0,False,False,False,False,length_below_openberg_minimum
1089,2021-02-21,-67.7957,78.2191,ASCAT,0.0,0.0,False,False,False,False,length_below_openberg_minimum
1090,2021-02-22,-67.8637,78.0207,ASCAT,0.0,0.0,False,False,False,False,length_below_openberg_minimum
1091,2021-02-23,-67.9561,77.6449,ASCAT,0.0,0.0,False,False,False,False,length_below_openberg_minimum
1092,2021-02-24,-67.999,77.8086,ASCAT,0.0,0.0,False,False,False,False,length_below_openberg_minimum
1093,2021-02-25,-68.1355,77.648,ASCAT,0.0,0.0,False,False,False,False,length_below_openberg_minimum
1094,2021-02-26,-68.2296,77.4285,ASCAT,14816.0,9260.0,False,False,False,False,length_exceeds_openberg_maximum
1095,2021-02-27,-68.2296,77.4285,ASCAT,0.0,0.0,False,False,False,False,length_below_openberg_minimum
1096,2021-02-28,-68.175,76.9151,ASCAT,0.0,0.0,False,False,False,False,length_below_openberg_minimum
1097,2021-03-01,-68.1932,76.5472,ASCAT,0.0,0.0,False,False,False,False,length_below_openberg_minimum
1098,2021-03-02,-68.245,76.2937,ASCAT,0.0,0.0,False,False,False,False,length_below_openberg_minimum
1099,2021-03-03,-68.3121,76.3539,NIC,0.0,0.0,False,False,False,False,length_below_openberg_minimum
1100,2021-03-04,-68.323,76.1678,NIC,0.0,0.0,False,False,False,False,length_below_openberg_minimum
1101,2021-03-05,-68.33,76.03,NIC,14816.0,9260.0,False,False,False,False,length_exceeds_openberg_maximum
1102,2021-03-06,-68.3347,75.93,NIC,0.0,0.0,False,False,False,False,length_below_openberg_minimum
1103,2021-03-07,-68.339,75.844,NIC,0.0,0.0,False,False,False,False,length_below_openberg_minimum
1104,2021-03-08,-68.3427,75.7688,NIC,0.0,0.0,False,False,False,False,length_below_openberg_minimum
1105,2021-03-09,-68.3457,75.7011,NIC,0.0,0.0,False,False,False,False,length_below_openberg_minimum
1106,2021-03-10,-68.348,75.6376,NIC,0.0,0.0,False,False,False,False,length_below_openberg_minimum
1107,2021-03-11,-68.3495,75.575,NIC,0.0,0.0,False,False,False,False,length_below_openberg_minimum
1108,2021-03-12,-68.35,75.51,NIC,14816.0,9260.0,False,False,False,False,length_exceeds_openberg_maximum
1109,2021-03-13,-68.3446,75.4368,NIC,0.0,0.0,False,False,False,False,length_below_openberg_minimum
1110,2021-03-14,-68.33,75.3561,NIC,0.0,0.0,False,False,False,False,length_below_openberg_minimum
1111,2021-03-15,-68.3086,75.2749,NIC,0.0,0.0,False,False,False,False,length_below_openberg_minimum
1112,2021-03-16,-68.2825,75.1998,NIC,0.0,0.0,False,False,False,False,length_below_openberg_minimum
1113,2021-03-17,-68.2542,75.1378,NIC,0.0,0.0,False,False,False,False,length_below_openberg_minimum
1114,2021-03-18,-68.2259,75.0956,NIC,0.0,0.0,False,False,False,False,length_below_openberg_minimum
1115,2021-03-19,-68.2,75.08,NIC,14816.0,9260.0,False,False,False,False,length_exceeds_openberg_maximum
1116,2021-03-20,-68.1733,75.0872,NIC,0.0,0.0,False,False,False,False,length_below_openberg_minimum
1117,2021-03-21,-68.1425,75.1058,NIC,0.0,0.0,False,False,False,False,length_below_openberg_minimum
1118,2021-03-22,-68.1101,75.1312,NIC,0.0,0.0,False,False,False,False,length_below_openberg_minimum
1119,2021-03-23,-68.0783,75.1588,NIC,0.0,0.0,False,False,False,False,length_below_openberg_minimum
1120,2021-03-24,-68.0494,75.1842,NIC,0.0,0.0,False,False,False,False,length_below_openberg_minimum
1121,2021-03-25,-68.0259,75.2028,NIC,0.0,0.0,False,False,False,False,length_below_openberg_minimum
1122,2021-03-26,-68.01,75.21,NIC,14816.0,9260.0,False,False,False,False,length_exceeds_openberg_maximum
1123,2021-03-27,-67.9992,75.1935,NIC,0.0,0.0,False,False,False,False,length_below_openberg_minimum
1124,2021-03-28,-67.9895,75.1477,NIC,0.0,0.0,False,False,False,False,length_below_openberg_minimum
1125,2021-03-29,-67.981,75.0781,NIC,0.0,0.0,False,False,False,False,length_below_openberg_minimum
1126,2021-03-30,-67.9737,74.99,NIC,0.0,0.0,False,False,False,False,length_below_openberg_minimum
1127,2021-03-31,-67.9677,74.889,NIC,0.0,0.0,False,False,False,False,length_below_openberg_minimum
1128,2021-04-01,-67.9631,74.7805,NIC,0.0,0.0,False,False,False,False,length_below_openberg_minimum
1129,2021-04-02,-67.96,74.67,NIC,14816.0,9260.0,False,False,False,False,length_exceeds_openberg_maximum
1130,2021-04-03,-67.8921,74.4028,ASCAT,0.0,0.0,False,False,False,False,length_below_openberg_minimum
1131,2021-04-04,-67.8921,74.4028,ASCAT,0.0,0.0,False,False,False,False,length_below_openberg_minimum
1132,2021-04-05,-67.9535,74.1653,ASCAT,0.0,0.0,False,False,False,False,length_below_openberg_minimum
1133,2021-04-06,-67.9535,74.1653,ASCAT,0.0,0.0,False,False,False,False,length_below_openberg_minimum
1134,2021-04-07,-67.9682,73.8524,ASCAT,0.0,0.0,False,False,False,False,length_below_openberg_minimum
1135,2021-04-08,-67.9728,73.5188,ASCAT,0.0,0.0,False,False,False,False,length_below_openberg_minimum
1136,2021-04-09,-67.9297,73.2229,ASCAT,14816.0,9260.0,False,False,False,False,length_exceeds_openberg_maximum
1137,2021-04-10,-67.8167,72.9843,ASCAT,0.0,0.0,False,False,False,False,length_below_openberg_minimum
1138,2021-04-11,-67.7754,72.826,ASCAT,0.0,0.0,False,False,False,False,length_below_openberg_minimum
1139,2021-04-12,-67.7464,72.7129,ASCAT,0.0,0.0,False,False,False,False,length_below_openberg_minimum
1140,2021-04-13,-67.6316,72.3985,ASCAT,0.0,0.0,False,False,False,False,length_below_openberg_minimum
1141,2021-04-14,-67.4473,72.0639,ASCAT,0.0,0.0,False,False,False,False,length_below_openberg_minimum
1142,2021-04-15,-67.363,71.8377,ASCAT,0.0,0.0,False,False,False,False,length_below_openberg_minimum
1143,2021-04-16,-67.3345,71.7268,ASCAT,14816.0,9260.0,False,False,False,False,length_exceeds_openberg_maximum
1144,2021-04-17,-67.3019,71.6738,ASCAT,0.0,0.0,False,False,False,False,length_below_openberg_minimum
1145,2021-04-18,-67.1477,71.4036,ASCAT,0.0,0.0,False,False,False,False,length_below_openberg_minimum
1146,2021-04-19,-66.9375,70.653,ASCAT,0.0,0.0,False,False,False,False,length_below_openberg_minimum
1147,2021-04-20,-66.8074,70.3425,ASCAT,0.0,0.0,False,False,False,False,length_below_openberg_minimum
1148,2021-04-21,-66.8155,70.0429,ASCAT,0.0,0.0,False,False,False,False,length_below_openberg_minimum
1149,2021-04-22,-66.8354,69.6039,ASCAT,0.0,0.0,False,False,False,False,length_below_openberg_minimum
1150,2021-04-23,-66.869,69.0614,ASCAT,14816.0,9260.0,False,False,False,False,length_exceeds_openberg_maximum
1151,2021-04-24,-66.913,68.5032,ASCAT,0.0,0.0,False,False,False,False,length_below_openberg_minimum
1152,2021-04-25,-66.9636,68.0167,ASCAT,0.0,0.0,False,False,False,False,length_below_openberg_minimum
1153,2021-04-26,-67.0374,67.6378,ASCAT,0.0,0.0,False,False,False,False,length_below_openberg_minimum
1154,2021-04-27,-66.9696,67.5179,ASCAT,0.0,0.0,False,False,False,False,length_below_openberg_minimum
1155,2021-04-28,-66.8844,67.0624,ASCAT,0.0,0.0,False,False,False,False,length_below_openberg_minimum
1156,2021-04-29,-66.832,66.5754,ASCAT,0.0,0.0,False,False,False,False,length_below_openberg_minimum
1157,2021-04-30,-66.8307,66.4265,ASCAT,14816.0,9260.0,False,False,False,False,length_exceeds_openberg_maximum
1158,2021-05-01,-66.8293,66.2493,ASCAT,0.0,0.0,False,False,False,False,length_below_openberg_minimum
1159,2021-05-02,-66.7747,65.3518,ASCAT,0.0,0.0,False,False,False,False,length_below_openberg_minimum
1160,2021-05-03,-66.7926,64.7785,ASCAT,0.0,0.0,False,False,False,False,length_below_openberg_minimum
1161,2021-05-04,-66.7709,64.4446,ASCAT,0.0,0.0,False,False,False,False,length_below_openberg_minimum
1162,2021-05-05,-66.6956,64.3419,ASCAT,0.0,0.0,False,False,False,False,length_below_openberg_minimum
1163,2021-05-06,-66.6306,64.0346,ASCAT,0.0,0.0,False,False,False,False,length_below_openberg_minimum
1164,2021-05-07,-66.6416,63.3964,ASCAT,14816.0,9260.0,False,False,False,False,length_exceeds_openberg_maximum
1165,2021-05-08,-66.6525,62.8129,ASCAT,0.0,0.0,False,False,False,False,length_below_openberg_minimum
1166,2021-05-09,-66.6118,62.613,ASCAT,0.0,0.0,False,False,False,False,length_below_openberg_minimum
1167,2021-05-10,-66.6572,62.7784,NIC,0.0,0.0,False,False,False,False,length_below_openberg_minimum
1168,2021-05-11,-66.6828,62.3791,NIC,0.0,0.0,False,False,False,False,length_below_openberg_minimum
1169,2021-05-12,-66.7062,61.9968,NIC,0.0,0.0,False,False,False,False,length_below_openberg_minimum
1170,2021-05-13,-66.7234,61.6381,NIC,0.0,0.0,False,False,False,False,length_below_openberg_minimum
1171,2021-05-14,-66.73,61.31,NIC,14816.0,9260.0,False,False,False,False,length_exceeds_openberg_maximum
1172,2021-05-15,-66.7274,61.003,NIC,0.0,0.0,False,False,False,False,length_below_openberg_minimum
1173,2021-05-16,-66.72,60.7055,NIC,0.0,0.0,False,False,False,False,length_below_openberg_minimum
1174,2021-05-17,-66.7087,60.4213,NIC,0.0,0.0,False,False,False,False,length_below_openberg_minimum
1175,2021-05-18,-66.6943,60.154,NIC,0.0,0.0,False,False,False,False,length_below_openberg_minimum
1176,2021-05-19,-66.6775,59.9073,NIC,0.0,0.0,False,False,False,False,length_below_openberg_minimum
1177,2021-05-20,-66.6592,59.6847,NIC,0.0,0.0,False,False,False,False,length_below_openberg_minimum
1178,2021-05-21,-66.64,59.49,NIC,14816.0,9260.0,False,False,False,False,length_exceeds_openberg_maximum
1179,2021-05-22,-66.6167,59.323,NIC,0.0,0.0,False,False,False,False,length_below_openberg_minimum
1180,2021-05-23,-66.5861,59.1767,NIC,0.0,0.0,False,False,False,False,length_below_openberg_minimum
1181,2021-05-24,-66.5497,59.0448,NIC,0.0,0.0,False,False,False,False,length_below_openberg_minimum
1182,2021-05-25,-66.5085,58.9206,NIC,0.0,0.0,False,False,False,False,length_below_openberg_minimum
1183,2021-05-26,-66.464,58.7977,NIC,0.0,0.0,False,False,False,False,length_below_openberg_minimum
1184,2021-05-27,-66.4174,58.6697,NIC,0.0,0.0,False,False,False,False,length_below_openberg_minimum
1185,2021-05-28,-66.37,58.53,NIC,14816.0,9260.0,False,False,False,False,length_exceeds_openberg_maximum
1186,2021-05-29,-66.3475,58.5113,ASCAT,0.0,0.0,False,False,False,False,length_below_openberg_minimum
1187,2021-05-30,-66.2803,58.3578,ASCAT,0.0,0.0,False,False,False,False,length_below_openberg_minimum
1188,2021-05-31,-66.2081,58.0977,ASCAT,0.0,0.0,False,False,False,False,length_below_openberg_minimum
1189,2021-06-01,-66.1203,57.8563,ASCAT,0.0,0.0,False,False,False,False,length_below_openberg_minimum
1190,2021-06-02,-66.0226,57.6253,ASCAT,0.0,0.0,False,False,False,False,length_below_openberg_minimum
1191,2021-06-03,-65.9351,57.394,ASCAT,0.0,0.0,False,False,False,False,length_below_openberg_minimum
1192,2021-06-04,-65.8782,57.1515,ASCAT,14816.0,9260.0,False,False,False,False,length_exceeds_openberg_maximum
1193,2021-06-05,-65.8532,56.8961,ASCAT,0.0,0.0,False,False,False,False,length_below_openberg_minimum
1194,2021-06-06,-65.8306,56.6214,ASCAT,0.0,0.0,False,False,False,False,length_below_openberg_minimum
1195,2021-06-07,-65.7895,56.3276,ASCAT,0.0,0.0,False,False,False,False,length_below_openberg_minimum
1196,2021-06-08,-65.7318,56.0242,ASCAT,0.0,0.0,False,False,False,False,length_below_openberg_minimum
1197,2021-06-09,-65.6659,55.7087,ASCAT,0.0,0.0,False,False,False,False,length_below_openberg_minimum
1198,2021-06-10,-65.6002,55.3781,ASCAT,0.0,0.0,False,False,False,False,length_below_openberg_minimum
1199,2021-06-11,-65.543,55.0298,ASCAT,14816.0,9260.0,False,False,False,False,length_exceeds_openberg_maximum
1200,2021-06-12,-65.5025,54.661,ASCAT,0.0,0.0,False,False,False,False,length_below_openberg_minimum
1201,2021-06-13,-65.4872,54.269,ASCAT,0.0,0.0,False,False,False,False,length_below_openberg_minimum
1202,2021-06-14,-65.5014,53.7785,ASCAT,0.0,0.0,False,False,False,False,length_below_openberg_minimum
1203,2021-06-15,-65.5309,53.2382,ASCAT,0.0,0.0,False,False,False,False,length_below_openberg_minimum
1204,2021-06-16,-65.5555,52.8311,ASCAT,0.0,0.0,False,False,False,False,length_below_openberg_minimum
1205,2021-06-17,-65.5682,52.6158,ASCAT,0.0,0.0,False,False,False,False,length_below_openberg_minimum
1206,2021-06-18,-65.6978,51.8474,ASCAT,14816.0,9260.0,False,False,False,False,length_exceeds_openberg_maximum
1207,2021-06-19,-65.739,51.4685,ASCAT,0.0,0.0,False,False,False,False,length_below_openberg_minimum
1208,2021-06-20,-65.8133,51.2709,ASCAT,0.0,0.0,False,False,False,False,length_below_openberg_minimum
1209,2021-06-21,-65.8374,51.0654,ASCAT,0.0,0.0,False,False,False,False,length_below_openberg_minimum
1210,2021-06-22,-65.8374,51.0654,ASCAT,0.0,0.0,False,False,False,False,length_below_openberg_minimum
1211,2021-06-23,-65.8313,50.9607,ASCAT,0.0,0.0,False,False,False,False,length_below_openberg_minimum
1212,2021-06-24,-65.9264,50.7042,ASCAT,0.0,0.0,False,False,False,False,length_below_openberg_minimum
1213,2021-06-25,-66.0373,50.355,ASCAT,14816.0,9260.0,False,False,False,False,length_exceeds_openberg_maximum
1214,2021-06-26,-66.0373,50.355,ASCAT,0.0,0.0,False,False,False,False,length_below_openberg_minimum
1215,2021-06-27,-66.0373,50.355,ASCAT,0.0,0.0,False,False,False,False,length_below_openberg_minimum
1216,2021-06-28,-66.0373,50.355,ASCAT,0.0,0.0,False,False,False,False,length_below_openberg_minimum
1217,2021-06-29,-66.0826,50.1687,ASCAT,0.0,0.0,False,False,False,False,length_below_openberg_minimum
1218,2021-06-30,-66.0826,50.1687,ASCAT,0.0,0.0,False,False,False,False,length_below_openberg_minimum
1219,2021-07-01,-66.0826,50.1687,ASCAT,0.0,0.0,False,False,False,False,length_below_openberg_minimum
1220,2021-07-02,-66.04,50.31,ASCAT,14816.0,9260.0,False,False,False,False,length_exceeds_openberg_maximum
1221,2021-07-03,-66.0449,49.9866,ASCAT,0.0,0.0,False,False,False,False,length_below_openberg_minimum
1222,2021-07-04,-66.0142,49.8005,ASCAT,0.0,0.0,False,False,False,False,length_below_openberg_minimum
1223,2021-07-05,-66.0406,49.5818,ASCAT,0.0,0.0,False,False,False,False,length_below_openberg_minimum
1224,2021-07-06,-66.0988,49.3411,ASCAT,0.0,0.0,False,False,False,False,length_below_openberg_minimum
1225,2021-07-07,-66.157,49.1467,ASCAT,0.0,0.0,False,False,False,False,length_below_openberg_minimum
1226,2021-07-08,-66.1834,49.0667,ASCAT,0.0,0.0,False,False,False,False,length_below_openberg_minimum
1227,2021-07-09,-66.1834,49.0667,ASCAT,14816.0,9260.0,False,False,False,False,length_exceeds_openberg_maximum
1228,2021-07-10,-66.2168,49.3922,ASCAT,0.0,0.0,False,False,False,False,length_below_openberg_minimum
1229,2021-07-11,-66.2333,49.4145,ASCAT,0.0,0.0,False,False,False,False,length_below_openberg_minimum
1230,2021-07-12,-66.2446,49.4299,ASCAT,0.0,0.0,False,False,False,False,length_below_openberg_minimum
1231,2021-07-13,-66.2539,49.4395,ASCAT,0.0,0.0,False,False,False,False,length_below_openberg_minimum
1232,2021-07-14,-66.2642,49.4444,ASCAT,0.0,0.0,False,False,False,False,length_below_openberg_minimum
1233,2021-07-15,-66.2784,49.4458,ASCAT,0.0,0.0,False,False,False,False,length_below_openberg_minimum
1234,2021-07-16,-66.2989,49.4097,ASCAT,14816.0,9260.0,False,False,False,False,length_exceeds_openberg_maximum
1235,2021-07-17,-66.325,49.3087,ASCAT,0.0,0.0,False,False,False,False,length_below_openberg_minimum
1236,2021-07-18,-66.3554,49.1539,ASCAT,0.0,0.0,False,False,False,False,length_below_openberg_minimum
1237,2021-07-19,-66.3886,48.9562,ASCAT,0.0,0.0,False,False,False,False,length_below_openberg_minimum
1238,2021-07-20,-66.4234,48.7268,ASCAT,0.0,0.0,False,False,False,False,length_below_openberg_minimum
1239,2021-07-21,-66.4584,48.4766,ASCAT,0.0,0.0,False,False,False,False,length_below_openberg_minimum
1240,2021-07-22,-66.4966,48.0732,ASCAT,0.0,0.0,False,False,False,False,length_below_openberg_minimum
1241,2021-07-23,-66.4966,48.0732,ASCAT,14816.0,9260.0,False,False,False,False,length_exceeds_openberg_maximum
1242,2021-07-24,-66.4966,48.0732,ASCAT,0.0,0.0,False,False,False,False,length_below_openberg_minimum
1243,2021-07-25,-66.5078,47.7964,ASCAT,0.0,0.0,False,False,False,False,length_below_openberg_minimum
1244,2021-07-26,-66.5268,47.7335,ASCAT,0.0,0.0,False,False,False,False,length_below_openberg_minimum
1245,2021-07-27,-66.574,47.5888,ASCAT,0.0,0.0,False,False,False,False,length_below_openberg_minimum
1246,2021-07-28,-66.6372,47.4304,ASCAT,0.0,0.0,False,False,False,False,length_below_openberg_minimum
1247,2021-07-29,-66.6989,47.3372,ASCAT,0.0,0.0,False,False,False,False,length_below_openberg_minimum
1248,2021-07-30,-66.67,47.31,NIC,14816.0,9260.0,False,False,False,False,length_exceeds_openberg_maximum
1249,2021-07-31,-66.6743,47.2436,NIC,0.0,0.0,False,False,False,False,length_below_openberg_minimum
1250,2021-08-01,-66.6773,47.19,NIC,0.0,0.0,False,False,False,False,length_below_openberg_minimum
1251,2021-08-02,-66.6795,47.1435,NIC,0.0,0.0,False,False,False,False,length_below_openberg_minimum
1252,2021-08-03,-66.6813,47.0982,NIC,0.0,0.0,False,False,False,False,length_below_openberg_minimum
1253,2021-08-04,-66.6834,47.0481,NIC,0.0,0.0,False,False,False,False,length_below_openberg_minimum
1254,2021-08-05,-66.6861,46.9873,NIC,0.0,0.0,False,False,False,False,length_below_openberg_minimum
1255,2021-08-06,-66.69,46.91,NIC,14816.0,9260.0,False,False,False,False,length_exceeds_openberg_maximum
1256,2021-08-07,-66.6959,46.7941,NIC,0.0,0.0,False,False,False,False,length_below_openberg_minimum
1257,2021-08-08,-66.7042,46.631,NIC,0.0,0.0,False,False,False,False,length_below_openberg_minimum
1258,2021-08-09,-66.7149,46.4348,NIC,0.0,0.0,False,False,False,False,length_below_openberg_minimum
1259,2021-08-10,-66.7279,46.2194,NIC,0.0,0.0,False,False,False,False,length_below_openberg_minimum
1260,2021-08-11,-66.7431,45.9992,NIC,0.0,0.0,False,False,False,False,length_below_openberg_minimum
1261,2021-08-12,-66.7605,45.788,NIC,0.0,0.0,False,False,False,False,length_below_openberg_minimum
1262,2021-08-13,-66.78,45.6,NIC,14816.0,9260.0,False,False,False,False,length_exceeds_openberg_maximum
1263,2021-08-14,-66.813,45.4186,NIC,0.0,0.0,False,False,False,False,length_below_openberg_minimum
1264,2021-08-15,-66.8655,45.2254,NIC,0.0,0.0,False,False,False,False,length_below_openberg_minimum
1265,2021-08-16,-66.9295,45.032,NIC,0.0,0.0,False,False,False,False,length_below_openberg_minimum
1266,2021-08-17,-66.997,44.8502,NIC,0.0,0.0,False,False,False,False,length_below_openberg_minimum
1267,2021-08-18,-67.1397,44.5517,ASCAT,0.0,0.0,False,False,False,False,length_below_openberg_minimum
1268,2021-08-19,-67.1397,44.5517,ASCAT,0.0,0.0,False,False,False,False,length_below_openberg_minimum
1269,2021-08-20,-67.1397,44.5517,ASCAT,14816.0,9260.0,False,False,False,False,length_exceeds_openberg_maximum
1270,2021-08-21,-67.1477,44.5195,ASCAT,0.0,0.0,False,False,False,False,length_below_openberg_minimum
1271,2021-08-22,-67.1652,44.4487,ASCAT,0.0,0.0,False,False,False,False,length_below_openberg_minimum
1272,2021-08-23,-67.1826,44.3779,ASCAT,0.0,0.0,False,False,False,False,length_below_openberg_minimum
1273,2021-08-24,-67.1906,44.3457,ASCAT,0.0,0.0,False,False,False,False,length_below_openberg_minimum
1274,2021-08-25,-67.1906,44.3457,ASCAT,0.0,0.0,False,False,False,False,length_below_openberg_minimum
1275,2021-08-26,-67.2264,44.2146,ASCAT,0.0,0.0,False,False,False,False,length_below_openberg_minimum
1276,2021-08-27,-67.2567,44.2071,ASCAT,14816.0,9260.0,False,False,False,False,length_exceeds_openberg_maximum
1277,2021-08-28,-67.2567,44.2071,ASCAT,0.0,0.0,False,False,False,False,length_below_openberg_minimum
1278,2021-08-29,-67.2567,44.2071,ASCAT,0.0,0.0,False,False,False,False,length_below_openberg_minimum
1279,2021-08-30,-67.2567,44.2071,ASCAT,0.0,0.0,False,False,False,False,length_below_openberg_minimum
1280,2021-08-31,-67.2327,44.4168,ASCAT,0.0,0.0,False,False,False,False,length_below_openberg_minimum
1281,2021-09-01,-67.2577,44.2048,ASCAT,0.0,0.0,False,False,False,False,length_below_openberg_minimum
1282,2021-09-02,-67.2577,44.2048,ASCAT,0.0,0.0,False,False,False,False,length_below_openberg_minimum
1283,2021-09-03,-67.2641,44.183,ASCAT,14816.0,9260.0,False,False,False,False,length_exceeds_openberg_maximum
1284,2021-09-04,-67.281,44.1245,ASCAT,0.0,0.0,False,False,False,False,length_below_openberg_minimum
1285,2021-09-05,-67.305,44.0398,ASCAT,0.0,0.0,False,False,False,False,length_below_openberg_minimum
1286,2021-09-06,-67.3326,43.9394,ASCAT,0.0,0.0,False,False,False,False,length_below_openberg_minimum
1287,2021-09-07,-67.3605,43.8336,ASCAT,0.0,0.0,False,False,False,False,length_below_openberg_minimum
1288,2021-09-08,-67.3852,43.7331,ASCAT,0.0,0.0,False,False,False,False,length_below_openberg_minimum
1289,2021-09-09,-67.4033,43.6481,ASCAT,0.0,0.0,False,False,False,False,length_below_openberg_minimum
1290,2021-09-10,-67.4113,43.5892,ASCAT,14816.0,9260.0,False,False,False,False,length_exceeds_openberg_maximum
1291,2021-09-11,-67.4131,43.5459,ASCAT,0.0,0.0,False,False,False,False,length_below_openberg_minimum
1292,2021-09-12,-67.4144,43.5057,ASCAT,0.0,0.0,False,False,False,False,length_below_openberg_minimum
1293,2021-09-13,-67.4154,43.476,ASCAT,0.0,0.0,False,False,False,False,length_below_openberg_minimum
1294,2021-09-14,-67.4157,43.4645,ASCAT,0.0,0.0,False,False,False,False,length_below_openberg_minimum
1295,2021-09-15,-67.4157,43.4645,ASCAT,0.0,0.0,False,False,False,False,length_below_openberg_minimum
1296,2021-09-16,-67.427,43.2639,ASCAT,0.0,0.0,False,False,False,False,length_below_openberg_minimum
1297,2021-09-17,-67.4252,43.1183,ASCAT,14816.0,9260.0,False,False,False,False,length_exceeds_openberg_maximum
1298,2021-09-18,-67.4252,43.1183,ASCAT,0.0,0.0,False,False,False,False,length_below_openberg_minimum
1299,2021-09-19,-67.4252,43.1183,ASCAT,0.0,0.0,False,False,False,False,length_below_openberg_minimum
1300,2021-09-20,-67.4354,43.0897,ASCAT,0.0,0.0,False,False,False,False,length_below_openberg_minimum
1301,2021-09-21,-67.4808,43.0008,ASCAT,0.0,0.0,False,False,False,False,length_below_openberg_minimum
1302,2021-09-22,-67.5199,42.6632,ASCAT,0.0,0.0,False,False,False,False,length_below_openberg_minimum
1303,2021-09-23,-67.5199,42.6632,ASCAT,0.0,0.0,False,False,False,False,length_below_openberg_minimum
1304,2021-09-24,-67.49,42.7,ASCAT,14816.0,9260.0,False,False,False,False,length_exceeds_openberg_maximum
1305,2021-09-25,-67.5846,42.3632,ASCAT,0.0,0.0,False,False,False,False,length_below_openberg_minimum
1306,2021-09-26,-67.6196,42.1466,ASCAT,0.0,0.0,False,False,False,False,length_below_openberg_minimum
1307,2021-09-27,-67.6196,42.1466,ASCAT,0.0,0.0,False,False,False,False,length_below_openberg_minimum
1308,2021-09-28,-67.7463,41.7365,ASCAT,0.0,0.0,False,False,False,False,length_below_openberg_minimum
1309,2021-09-29,-67.7554,41.4344,ASCAT,0.0,0.0,False,False,False,False,length_below_openberg_minimum
1310,2021-09-30,-67.8657,41.1812,ASCAT,0.0,0.0,False,False,False,False,length_below_openberg_minimum
1311,2021-10-01,-67.9398,40.7945,ASCAT,14816.0,9260.0,False,False,False,False,length_exceeds_openberg_maximum
1312,2021-10-02,-68.0045,40.4721,ASCAT,0.0,0.0,False,False,False,False,length_below_openberg_minimum
1313,2021-10-03,-68.0415,40.3653,ASCAT,0.0,0.0,False,False,False,False,length_below_openberg_minimum
1314,2021-10-04,-68.0698,40.3065,ASCAT,0.0,0.0,False,False,False,False,length_below_openberg_minimum
1315,2021-10-05,-68.094,40.2504,ASCAT,0.0,0.0,False,False,False,False,length_below_openberg_minimum
1316,2021-10-06,-68.119,40.1518,ASCAT,0.0,0.0,False,False,False,False,length_below_openberg_minimum
1317,2021-10-07,-68.145,39.9038,ASCAT,0.0,0.0,False,False,False,False,length_below_openberg_minimum
1318,2021-10-08,-68.1786,39.5871,ASCAT,14816.0,9260.0,False,False,False,False,length_exceeds_openberg_maximum
1319,2021-10-09,-68.1751,39.2994,ASCAT,0.0,0.0,False,False,False,False,length_below_openberg_minimum
1320,2021-10-10,-68.1661,39.0192,ASCAT,0.0,0.0,False,False,False,False,length_below_openberg_minimum
1321,2021-10-11,-68.1539,38.7484,ASCAT,0.0,0.0,False,False,False,False,length_below_openberg_minimum
1322,2021-10-12,-68.1405,38.4888,ASCAT,0.0,0.0,False,False,False,False,length_below_openberg_minimum
1323,2021-10-13,-68.1283,38.2423,ASCAT,0.0,0.0,False,False,False,False,length_below_openberg_minimum
1324,2021-10-14,-68.1193,38.011,ASCAT,0.0,0.0,False,False,False,False,length_below_openberg_minimum
1325,2021-10-15,-68.1158,37.7966,ASCAT,14816.0,9260.0,False,False,False,False,length_exceeds_openberg_maximum
1326,2021-10-16,-68.1316,37.6004,ASCAT,0.0,0.0,False,False,False,False,length_below_openberg_minimum
1327,2021-10-17,-68.1709,37.4195,ASCAT,0.0,0.0,False,False,False,False,length_below_openberg_minimum
1328,2021-10-18,-68.2222,37.2494,ASCAT,0.0,0.0,False,False,False,False,length_below_openberg_minimum
1329,2021-10-19,-68.2734,37.0857,ASCAT,0.0,0.0,False,False,False,False,length_below_openberg_minimum
1330,2021-10-20,-68.3127,36.924,ASCAT,0.0,0.0,False,False,False,False,length_below_openberg_minimum
1331,2021-10-21,-68.3285,36.7598,ASCAT,0.0,0.0,False,False,False,False,length_below_openberg_minimum
1332,2021-10-22,-68.275,36.5964,ASCAT,14816.0,9260.0,False,False,False,False,length_exceeds_openberg_maximum
1333,2021-10-23,-68.3027,36.2681,ASCAT,0.0,0.0,False,False,False,False,length_below_openberg_minimum
1334,2021-10-24,-68.2506,36.0996,ASCAT,0.0,0.0,False,False,False,False,length_below_openberg_minimum
1335,2021-10-25,-68.2253,35.8295,ASCAT,0.0,0.0,False,False,False,False,length_below_openberg_minimum
1336,2021-10-26,-68.2253,35.8295,ASCAT,0.0,0.0,False,False,False,False,length_below_openberg_minimum
1337,2021-10-27,-68.2503,35.2307,ASCAT,0.0,0.0,False,False,False,False,length_below_openberg_minimum
1338,2021-10-28,-68.2512,34.9946,ASCAT,0.0,0.0,False,False,False,False,length_below_openberg_minimum
1339,2021-10-29,-68.2514,34.8038,ASCAT,14816.0,9260.0,False,False,False,False,length_exceeds_openberg_maximum
1340,2021-10-30,-68.1293,34.534,ASCAT,0.0,0.0,False,False,False,False,length_below_openberg_minimum
1341,2021-10-31,-68.1293,34.534,ASCAT,0.0,0.0,False,False,False,False,length_below_openberg_minimum
1342,2021-11-01,-68.2229,35.5826,NIC,0.0,0.0,False,False,False,False,length_below_openberg_minimum
1343,2021-11-02,-68.2179,34.9606,NIC,0.0,0.0,False,False,False,False,length_below_openberg_minimum
1344,2021-11-03,-68.2138,34.3358,NIC,0.0,0.0,False,False,False,False,length_below_openberg_minimum
1345,2021-11-04,-68.211,33.7862,NIC,0.0,0.0,False,False,False,False,length_below_openberg_minimum
1346,2021-11-05,-68.21,33.39,NIC,14816.0,9260.0,False,False,False,False,length_exceeds_openberg_maximum
1347,2021-11-06,-68.2285,33.092,NIC,0.0,0.0,False,False,False,False,length_below_openberg_minimum
1348,2021-11-07,-68.2763,32.7954,NIC,0.0,0.0,False,False,False,False,length_below_openberg_minimum
1349,2021-11-08,-68.3418,32.5162,NIC,0.0,0.0,False,False,False,False,length_below_openberg_minimum
1350,2021-11-09,-68.4135,32.2703,NIC,0.0,0.0,False,False,False,False,length_below_openberg_minimum
1351,2021-11-10,-68.4798,32.0733,NIC,0.0,0.0,False,False,False,False,length_below_openberg_minimum
1352,2021-11-11,-68.5291,31.9413,NIC,0.0,0.0,False,False,False,False,length_below_openberg_minimum
1353,2021-11-12,-68.55,31.89,NIC,14816.0,9260.0,False,False,False,False,length_exceeds_openberg_maximum
1354,2021-11-13,-68.5524,31.8854,NIC,0.0,0.0,False,False,False,False,length_below_openberg_minimum
1355,2021-11-14,-68.5542,31.8825,NIC,0.0,0.0,False,False,False,False,length_below_openberg_minimum
1356,2021-11-15,-68.5556,31.8805,NIC,0.0,0.0,False,False,False,False,length_below_openberg_minimum
1357,2021-11-16,-68.5567,31.8789,NIC,0.0,0.0,False,False,False,False,length_below_openberg_minimum
1358,2021-11-17,-68.5577,31.8771,NIC,0.0,0.0,False,False,False,False,length_below_openberg_minimum
1359,2021-11-18,-68.5587,31.8743,NIC,0.0,0.0,False,False,False,False,length_below_openberg_minimum
1360,2021-11-19,-68.56,31.87,NIC,14816.0,9260.0,False,False,False,False,length_exceeds_openberg_maximum
1361,2021-11-20,-68.5613,31.8593,NIC,0.0,0.0,False,False,False,False,length_below_openberg_minimum
1362,2021-11-21,-68.5747,31.8972,ASCAT,0.0,0.0,False,False,False,False,length_below_openberg_minimum
1363,2021-11-22,-68.6295,31.5782,ASCAT,0.0,0.0,False,False,False,False,length_below_openberg_minimum
1364,2021-11-23,-68.6236,31.3964,ASCAT,0.0,0.0,False,False,False,False,length_below_openberg_minimum
1365,2021-11-24,-68.6547,31.2106,ASCAT,0.0,0.0,False,False,False,False,length_below_openberg_minimum
1366,2021-11-25,-68.7231,31.018,ASCAT,0.0,0.0,False,False,False,False,length_below_openberg_minimum
1367,2021-11-26,-68.7914,30.8671,ASCAT,14816.0,9260.0,False,False,False,False,length_exceeds_openberg_maximum
1368,2021-11-27,-68.8225,30.806,ASCAT,0.0,0.0,False,False,False,False,length_below_openberg_minimum
1369,2021-11-28,-68.8225,30.806,ASCAT,0.0,0.0,False,False,False,False,length_below_openberg_minimum
1370,2021-11-29,-68.8504,30.6224,ASCAT,0.0,0.0,False,False,False,False,length_below_openberg_minimum
1371,2021-11-30,-68.8822,30.4187,ASCAT,0.0,0.0,False,False,False,False,length_below_openberg_minimum
1372,2021-12-01,-68.9223,30.2282,ASCAT,0.0,0.0,False,False,False,False,length_below_openberg_minimum
1373,2021-12-02,-68.9223,30.2282,ASCAT,0.0,0.0,False,False,False,False,length_below_openberg_minimum
1374,2021-12-03,-69.0509,29.8534,ASCAT,14816.0,9260.0,False,False,False,False,length_exceeds_openberg_maximum
1375,2021-12-04,-69.1794,29.4785,ASCAT,0.0,0.0,False,False,False,False,length_below_openberg_minimum
1376,2021-12-05,-69.1794,29.4785,ASCAT,0.0,0.0,False,False,False,False,length_below_openberg_minimum
1377,2021-12-06,-69.1794,29.4785,ASCAT,0.0,0.0,False,False,False,False,length_below_openberg_minimum
1378,2021-12-07,-69.1271,29.2277,ASCAT,0.0,0.0,False,False,False,False,length_below_openberg_minimum
1379,2021-12-08,-69.1551,28.971,ASCAT,0.0,0.0,False,False,False,False,length_below_openberg_minimum
1380,2021-12-09,-69.2007,28.6801,ASCAT,0.0,0.0,False,False,False,False,length_below_openberg_minimum
1381,2021-12-10,-69.2622,28.3633,ASCAT,14816.0,9260.0,False,False,False,False,length_exceeds_openberg_maximum
1382,2021-12-11,-69.3359,28.0306,ASCAT,0.0,0.0,False,False,False,False,length_below_openberg_minimum
1383,2021-12-12,-69.4184,27.6919,ASCAT,0.0,0.0,False,False,False,False,length_below_openberg_minimum
1384,2021-12-13,-69.5063,27.3573,ASCAT,0.0,0.0,False,False,False,False,length_below_openberg_minimum
1385,2021-12-14,-69.596,27.0367,ASCAT,0.0,0.0,False,False,False,False,length_below_openberg_minimum
1386,2021-12-15,-69.6842,26.7401,ASCAT,0.0,0.0,False,False,False,False,length_below_openberg_minimum
1387,2021-12-16,-69.7672,26.4775,ASCAT,0.0,0.0,False,False,False,False,length_below_openberg_minimum
1388,2021-12-17,-69.8619,26.2688,ASCAT,14816.0,9260.0,False,False,False,False,length_exceeds_openberg_maximum
1389,2021-12-18,-69.9676,26.0946,ASCAT,0.0,0.0,False,False,False,False,length_below_openberg_minimum
1390,2021-12-19,-70.0549,25.9062,ASCAT,0.0,0.0,False,False,False,False,length_below_openberg_minimum
1391,2021-12-20,-70.0941,25.6548,ASCAT,0.0,0.0,False,False,False,False,length_below_openberg_minimum
1392,2021-12-21,-70.0974,25.2255,ASCAT,0.0,0.0,False,False,False,False,length_below_openberg_minimum
1393,2021-12-22,-70.0974,25.2255,ASCAT,0.0,0.0,False,False,False,False,length_below_openberg_minimum
1394,2021-12-23,-70.08,25.06,ASCAT,0.0,0.0,False,False,False,False,length_below_openberg_minimum
1395,2021-12-24,-69.9583,24.7867,ASCAT,14816.0,9260.0,False,False,False,False,length_exceeds_openberg_maximum
1396,2021-12-25,-69.899,24.606,ASCAT,0.0,0.0,False,False,False,False,length_below_openberg_minimum
1397,2021-12-26,-69.7953,24.2897,ASCAT,0.0,0.0,False,False,False,False,length_below_openberg_minimum
1398,2021-12-27,-69.5837,24.1758,ASCAT,0.0,0.0,False,False,False,False,length_below_openberg_minimum
1399,2021-12-28,-69.4977,23.9587,ASCAT,0.0,0.0,False,False,False,False,length_below_openberg_minimum
1400,2021-12-29,-69.48,23.6,ASCAT,0.0,0.0,False,False,False,False,length_below_openberg_minimum
1401,2021-12-30,-69.5514,23.1443,ASCAT,0.0,0.0,False,False,False,False,length_below_openberg_minimum
1402,2021-12-31,-69.707,23.043,ASCAT,14816.0,9260.0,False,False,False,False,length_exceeds_openberg_maximum
1403,2022-01-01,-69.8014,23.064,ASCAT,0.0,0.0,False,False,False,False,length_below_openberg_minimum
1404,2022-01-02,-69.7738,23.397,ASCAT,0.0,0.0,False,False,False,False,length_below_openberg_minimum
1405,2022-01-03,-69.6771,23.5439,ASCAT,0.0,0.0,False,False,False,False,length_below_openberg_minimum
1406,2022-01-04,-69.5794,23.6063,ASCAT,0.0,0.0,False,False,False,False,length_below_openberg_minimum
1407,2022-01-05,-69.55,23.58,ASCAT,0.0,0.0,False,False,False,False,length_below_openberg_minimum
1408,2022-01-06,-69.6202,23.3358,ASCAT,0.0,0.0,False,False,False,False,length_below_openberg_minimum
1409,2022-01-07,-69.6498,23.3551,ASCAT,14816.0,9260.0,False,False,False,False,length_exceeds_openberg_maximum
1410,2022-01-08,-69.6498,23.3551,ASCAT,0.0,0.0,False,False,False,False,length_below_openberg_minimum
1411,2022-01-09,-69.6684,23.6624,ASCAT,0.0,0.0,False,False,False,False,length_below_openberg_minimum
1412,2022-01-10,-69.6608,23.5636,ASCAT,0.0,0.0,False,False,False,False,length_below_openberg_minimum
1413,2022-01-11,-69.6442,23.3462,ASCAT,0.0,0.0,False,False,False,False,length_below_openberg_minimum
1414,2022-01-12,-69.6276,23.1288,ASCAT,0.0,0.0,False,False,False,False,length_below_openberg_minimum
1415,2022-01-13,-69.62,23.03,ASCAT,0.0,0.0,False,False,False,False,length_below_openberg_minimum
1416,2022-01-14,-69.6538,23.0377,ASCAT,14816.0,9260.0,False,False,False,False,length_exceeds_openberg_maximum
1417,2022-01-15,-69.6538,23.0377,ASCAT,0.0,0.0,False,False,False,False,length_below_openberg_minimum
1418,2022-01-16,-69.6536,23.0441,ASCAT,0.0,0.0,False,False,False,False,length_below_openberg_minimum
1419,2022-01-17,-69.6528,23.0618,ASCAT,0.0,0.0,False,False,False,False,length_below_openberg_minimum
1420,2022-01-18,-69.6517,23.0892,ASCAT,0.0,0.0,False,False,False,False,length_below_openberg_minimum
1421,2022-01-19,-69.6501,23.1242,ASCAT,0.0,0.0,False,False,False,False,length_below_openberg_minimum
1422,2022-01-20,-69.6481,23.1649,ASCAT,0.0,0.0,False,False,False,False,length_below_openberg_minimum
1423,2022-01-21,-69.6457,23.2095,ASCAT,14816.0,9260.0,False,False,False,False,length_exceeds_openberg_maximum
1424,2022-01-22,-69.643,23.2561,ASCAT,0.0,0.0,False,False,False,False,length_below_openberg_minimum
1425,2022-01-23,-69.6382,23.3287,ASCAT,0.0,0.0,False,False,False,False,length_below_openberg_minimum
1426,2022-01-24,-69.6291,23.4379,ASCAT,0.0,0.0,False,False,False,False,length_below_openberg_minimum
1427,2022-01-25,-69.6152,23.5615,ASCAT,0.0,0.0,False,False,False,False,length_below_openberg_minimum
1428,2022-01-26,-69.596,23.6773,ASCAT,0.0,0.0,False,False,False,False,length_below_openberg_minimum
1429,2022-01-27,-69.5708,23.763,ASCAT,0.0,0.0,False,False,False,False,length_below_openberg_minimum
1430,2022-01-28,-69.5392,23.7965,ASCAT,14816.0,9260.0,False,False,False,False,length_exceeds_openberg_maximum
1431,2022-01-29,-69.4445,23.7759,ASCAT,0.0,0.0,False,False,False,False,length_below_openberg_minimum
1432,2022-01-30,-69.4445,23.7759,ASCAT,0.0,0.0,False,False,False,False,length_below_openberg_minimum
1433,2022-01-31,-69.5517,23.8553,ASCAT,0.0,0.0,False,False,False,False,length_below_openberg_minimum
1434,2022-02-01,-69.4136,23.8353,ASCAT,0.0,0.0,False,False,False,False,length_below_openberg_minimum
1435,2022-02-02,-69.2627,23.6178,ASCAT,0.0,0.0,False,False,False,False,length_below_openberg_minimum
1436,2022-02-03,-69.22,23.14,ASCAT,0.0,0.0,False,False,False,False,length_below_openberg_minimum
1437,2022-02-04,-69.3315,22.9868,ASCAT,14816.0,9260.0,False,False,False,False,length_exceeds_openberg_maximum
1438,2022-02-05,-69.4429,22.9272,ASCAT,0.0,0.0,False,False,False,False,length_below_openberg_minimum
1439,2022-02-06,-69.3587,23.0583,ASCAT,0.0,0.0,False,False,False,False,length_below_openberg_minimum
1440,2022-02-07,-69.2989,22.9529,ASCAT,0.0,0.0,False,False,False,False,length_below_openberg_minimum
1441,2022-02-08,-69.3837,23.1521,NIC,0.0,0.0,False,False,False,False,length_below_openberg_minimum
1442,2022-02-09,-69.4365,23.1577,NIC,0.0,0.0,False,False,False,False,length_below_openberg_minimum
1443,2022-02-10,-69.475,23.1638,NIC,0.0,0.0,False,False,False,False,length_below_openberg_minimum
1444,2022-02-11,-69.49,23.17,NIC,14816.0,9260.0,False,False,False,False,length_exceeds_openberg_maximum
1445,2022-02-12,-69.49,23.179,NIC,0.0,0.0,False,False,False,False,length_below_openberg_minimum
1446,2022-02-13,-69.49,23.1922,NIC,0.0,0.0,False,False,False,False,length_below_openberg_minimum
1447,2022-02-14,-69.49,23.2076,NIC,0.0,0.0,False,False,False,False,length_below_openberg_minimum
1448,2022-02-15,-69.49,23.2231,NIC,0.0,0.0,False,False,False,False,length_below_openberg_minimum
1449,2022-02-16,-69.49,23.2367,NIC,0.0,0.0,False,False,False,False,length_below_openberg_minimum
1450,2022-02-17,-69.49,23.2463,NIC,0.0,0.0,False,False,False,False,length_below_openberg_minimum
1451,2022-02-18,-69.49,23.25,NIC,14816.0,9260.0,False,False,False,False,length_exceeds_openberg_maximum
1452,2022-02-19,-69.491,23.2179,NIC,0.0,0.0,False,False,False,False,length_below_openberg_minimum
1453,2022-02-20,-69.494,23.135,NIC,0.0,0.0,False,False,False,False,length_below_openberg_minimum
1454,2022-02-21,-69.4987,23.0217,NIC,0.0,0.0,False,False,False,False,length_below_openberg_minimum
1455,2022-02-22,-69.3527,22.6633,ASCAT,0.0,0.0,False,False,False,False,length_below_openberg_minimum
1456,2022-02-23,-69.3666,22.6836,ASCAT,0.0,0.0,False,False,False,False,length_below_openberg_minimum
1457,2022-02-24,-69.3923,22.742,ASCAT,0.0,0.0,False,False,False,False,length_below_openberg_minimum
1458,2022-02-25,-69.428,22.8345,ASCAT,14816.0,9260.0,False,False,False,False,length_exceeds_openberg_maximum
1459,2022-02-26,-69.4718,22.9572,ASCAT,0.0,0.0,False,False,False,False,length_below_openberg_minimum
1460,2022-02-27,-69.5218,23.1062,ASCAT,0.0,0.0,False,False,False,False,length_below_openberg_minimum
1461,2022-02-28,-69.5761,23.2775,ASCAT,0.0,0.0,False,False,False,False,length_below_openberg_minimum
1462,2022-03-01,-69.6329,23.4671,ASCAT,0.0,0.0,False,False,False,False,length_below_openberg_minimum
1463,2022-03-02,-69.7104,23.8149,ASCAT,0.0,0.0,False,False,False,False,length_below_openberg_minimum
1464,2022-03-03,-69.7724,24.1202,ASCAT,0.0,0.0,False,False,False,False,length_below_openberg_minimum
1465,2022-03-04,-69.7597,24.2482,ASCAT,12964.0,7408.0,False,False,False,False,length_exceeds_openberg_maximum
1466,2022-03-05,-69.7317,24.3466,ASCAT,0.0,0.0,False,False,False,False,length_below_openberg_minimum
1467,2022-03-06,-69.7037,24.4097,ASCAT,0.0,0.0,False,False,False,False,length_below_openberg_minimum
1468,2022-03-07,-69.691,24.432,ASCAT,0.0,0.0,False,False,False,False,length_below_openberg_minimum
1469,2022-03-08,-69.7184,24.3982,ASCAT,0.0,0.0,False,False,False,False,length_below_openberg_minimum
1470,2022-03-09,-69.7613,24.4021,ASCAT,0.0,0.0,False,False,False,False,length_below_openberg_minimum
1471,2022-03-10,-69.8372,24.4757,ASCAT,0.0,0.0,False,False,False,False,length_below_openberg_minimum
1472,2022-03-11,-69.8918,24.3374,ASCAT,12964.0,7408.0,False,False,False,False,length_exceeds_openberg_maximum
1473,2022-03-12,-69.9845,24.0197,ASCAT,0.0,0.0,False,False,False,False,length_below_openberg_minimum
1474,2022-03-13,-69.921,23.2387,ASCAT,0.0,0.0,False,False,False,False,length_below_openberg_minimum
1475,2022-03-14,-69.8576,22.3038,ASCAT,0.0,0.0,False,False,False,False,length_below_openberg_minimum
1476,2022-03-15,-69.8873,21.6237,ASCAT,0.0,0.0,False,False,False,False,length_below_openberg_minimum
1477,2022-03-16,-69.8191,20.365,ASCAT,0.0,0.0,False,False,False,False,length_below_openberg_minimum
1478,2022-03-17,-69.8163,19.54,ASCAT,0.0,0.0,False,False,False,False,length_below_openberg_minimum
1479,2022-03-18,-69.7501,18.595,ASCAT,12964.0,7408.0,False,False,False,False,length_exceeds_openberg_maximum
1480,2022-03-19,-69.8114,19.2292,NIC,0.0,0.0,False,False,False,False,length_below_openberg_minimum
1481,2022-03-20,-69.6219,17.1707,ASCAT,0.0,0.0,False,False,False,False,length_below_openberg_minimum
1482,2022-03-21,-69.5591,16.5305,ASCAT,0.0,0.0,False,False,False,False,length_below_openberg_minimum
1483,2022-03-22,-69.4963,15.9374,ASCAT,0.0,0.0,False,False,False,False,length_below_openberg_minimum
1484,2022-03-23,-69.3837,16.5555,NIC,0.0,0.0,False,False,False,False,length_below_openberg_minimum
1485,2022-03-24,-69.2763,15.9614,NIC,0.0,0.0,False,False,False,False,length_below_openberg_minimum
1486,2022-03-25,-69.3019,14.435,ASCAT,12964.0,7408.0,False,False,False,False,length_exceeds_openberg_maximum
1487,2022-03-26,-69.2329,14.0244,ASCAT,0.0,0.0,False,False,False,False,length_below_openberg_minimum
1488,2022-03-27,-69.1458,13.64,ASCAT,0.0,0.0,False,False,False,False,length_below_openberg_minimum
1489,2022-03-28,-69.0459,13.2847,ASCAT,0.0,0.0,False,False,False,False,length_below_openberg_minimum
1490,2022-03-29,-68.9635,12.9901,ASCAT,0.0,0.0,False,False,False,False,length_below_openberg_minimum
1491,2022-03-30,-68.9293,12.7876,ASCAT,0.0,0.0,False,False,False,False,length_below_openberg_minimum
1492,2022-03-31,-68.9379,12.6797,ASCAT,0.0,0.0,False,False,False,False,length_below_openberg_minimum
1493,2022-04-01,-68.9194,12.5315,ASCAT,12964.0,7408.0,False,False,False,False,length_exceeds_openberg_maximum
1494,2022-04-02,-68.9147,12.4623,ASCAT,0.0,0.0,False,False,False,False,length_below_openberg_minimum
1495,2022-04-03,-68.8782,12.5371,ASCAT,0.0,0.0,False,False,False,False,length_below_openberg_minimum
1496,2022-04-04,-68.7963,12.669,ASCAT,0.0,0.0,False,False,False,False,length_below_openberg_minimum
1497,2022-04-05,-68.6251,12.6483,ASCAT,0.0,0.0,False,False,False,False,length_below_openberg_minimum
1498,2022-04-06,-68.6183,12.479,ASCAT,0.0,0.0,False,False,False,False,length_below_openberg_minimum
1499,2022-04-07,-68.6794,12.4775,ASCAT,0.0,0.0,False,False,False,False,length_below_openberg_minimum
1500,2022-04-08,-68.6794,12.4775,ASCAT,12964.0,7408.0,False,False,False,False,length_exceeds_openberg_maximum
1501,2022-04-09,-68.61,12.51,ASCAT,0.0,0.0,False,False,False,False,length_below_openberg_minimum
1502,2022-04-10,-68.3974,12.6959,ASCAT,0.0,0.0,False,False,False,False,length_below_openberg_minimum
1503,2022-04-11,-68.3894,12.5431,ASCAT,0.0,0.0,False,False,False,False,length_below_openberg_minimum
1504,2022-04-12,-68.3486,12.545,ASCAT,0.0,0.0,False,False,False,False,length_below_openberg_minimum
1505,2022-04-13,-68.2836,12.6159,ASCAT,0.0,0.0,False,False,False,False,length_below_openberg_minimum
1506,2022-04-14,-68.2384,12.7697,ASCAT,0.0,0.0,False,False,False,False,length_below_openberg_minimum
1507,2022-04-15,-68.2345,13.0545,ASCAT,12964.0,7408.0,False,False,False,False,length_exceeds_openberg_maximum
1508,2022-04-16,-68.1859,13.4925,ASCAT,0.0,0.0,False,False,False,False,length_below_openberg_minimum
1509,2022-04-17,-68.1859,13.4925,ASCAT,0.0,0.0,False,False,False,False,length_below_openberg_minimum
1510,2022-04-18,-68.1778,13.6956,ASCAT,0.0,0.0,False,False,False,False,length_below_openberg_minimum
1511,2022-04-19,-68.1648,13.8384,ASCAT,0.0,0.0,False,False,False,False,length_below_openberg_minimum
1512,2022-04-20,-68.1422,13.8003,ASCAT,0.0,0.0,False,False,False,False,length_below_openberg_minimum
1513,2022-04-21,-68.1107,13.7166,ASCAT,0.0,0.0,False,False,False,False,length_below_openberg_minimum
1514,2022-04-22,-68.0736,13.6328,ASCAT,12964.0,7408.0,False,False,False,False,length_exceeds_openberg_maximum
1515,2022-04-23,-68.034,13.5947,ASCAT,0.0,0.0,False,False,False,False,length_below_openberg_minimum
1516,2022-04-24,-67.9875,13.6583,ASCAT,0.0,0.0,False,False,False,False,length_below_openberg_minimum
1517,2022-04-25,-67.8223,13.6823,ASCAT,0.0,0.0,False,False,False,False,length_below_openberg_minimum
1518,2022-04-26,-67.7874,13.6736,ASCAT,0.0,0.0,False,False,False,False,length_below_openberg_minimum
1519,2022-04-27,-67.7624,13.6492,ASCAT,0.0,0.0,False,False,False,False,length_below_openberg_minimum
1520,2022-04-28,-67.7449,13.6123,ASCAT,0.0,0.0,False,False,False,False,length_below_openberg_minimum
1521,2022-04-29,-67.7322,13.5655,ASCAT,12964.0,7408.0,False,False,False,False,length_exceeds_openberg_maximum
1522,2022-04-30,-67.7219,13.5118,ASCAT,0.0,0.0,False,False,False,False,length_below_openberg_minimum
1523,2022-05-01,-67.7113,13.4541,ASCAT,0.0,0.0,True,False,False,False,length_below_openberg_minimum
1524,2022-05-02,-67.6979,13.3953,ASCAT,0.0,0.0,True,False,False,False,length_below_openberg_minimum
1525,2022-05-03,-67.6792,13.3382,ASCAT,0.0,0.0,True,False,False,False,length_below_openberg_minimum
1526,2022-05-04,-67.6548,13.2668,ASCAT,0.0,0.0,True,False,False,False,length_below_openberg_minimum
1527,2022-05-05,-67.6269,13.1733,ASCAT,0.0,0.0,True,False,False,False,length_below_openberg_minimum
1528,2022-05-06,-67.597,13.0734,ASCAT,12964.0,7408.0,True,False,False,False,length_exceeds_openberg_maximum
1529,2022-05-07,-67.5662,12.9828,ASCAT,0.0,0.0,True,False,False,False,length_below_openberg_minimum
1530,2022-05-08,-67.5359,12.9169,ASCAT,0.0,0.0,True,False,False,False,length_below_openberg_minimum
1531,2022-05-09,-67.5074,12.8915,ASCAT,0.0,0.0,True,False,False,False,length_below_openberg_minimum
1532,2022-05-10,-67.4811,13.1761,ASCAT,0.0,0.0,True,False,False,False,length_below_openberg_minimum
1533,2022-05-11,-67.3431,13.4306,ASCAT,0.0,0.0,True,False,False,False,length_below_openberg_minimum
1534,2022-05-12,-67.2365,13.2633,ASCAT,0.0,0.0,True,False,False,False,length_below_openberg_minimum
1535,2022-05-13,-67.201,12.7658,ASCAT,12964.0,7408.0,True,False,False,False,length_exceeds_openberg_maximum
1536,2022-05-14,-67.298,12.5125,ASCAT,0.0,0.0,True,False,False,False,length_below_openberg_minimum
1537,2022-05-15,-67.2543,12.6325,ASCAT,0.0,0.0,True,False,False,False,length_below_openberg_minimum
1538,2022-05-16,-67.1242,12.7052,ASCAT,0.0,0.0,True,False,False,False,length_below_openberg_minimum
1539,2022-05-17,-67.116,12.4786,ASCAT,0.0,0.0,True,False,False,False,length_below_openberg_minimum
1540,2022-05-18,-67.2059,12.2775,ASCAT,0.0,0.0,True,False,False,False,length_below_openberg_minimum
1541,2022-05-19,-67.2059,12.2775,ASCAT,0.0,0.0,True,False,False,False,length_below_openberg_minimum
1542,2022-05-20,-67.2076,12.2429,ASCAT,0.0,0.0,True,False,False,False,length_below_openberg_minimum
1543,2022-05-21,-67.212,12.1501,ASCAT,0.0,0.0,True,False,False,False,length_below_openberg_minimum
1544,2022-05-22,-67.2184,12.0157,ASCAT,0.0,0.0,True,False,False,False,length_below_openberg_minimum
1545,2022-05-23,-67.226,11.8564,ASCAT,0.0,0.0,True,False,False,False,length_below_openberg_minimum
1546,2022-05-24,-67.234,11.6887,ASCAT,0.0,0.0,True,True,True,False,length_below_openberg_minimum
1547,2022-05-25,-67.2416,11.5294,ASCAT,0.0,0.0,True,True,True,False,length_below_openberg_minimum
1548,2022-05-26,-67.248,11.395,ASCAT,0.0,0.0,True,True,True,False,length_below_openberg_minimum
1549,2022-05-27,-67.2524,11.3022,ASCAT,12964.0,7408.0,True,True,True,False,length_exceeds_openberg_maximum
1550,2022-05-28,-67.2541,11.2676,ASCAT,0.0,0.0,True,True,True,False,length_below_openberg_minimum
1551,2022-05-29,-67.2369,11.3701,ASCAT,0.0,0.0,True,True,True,False,length_below_openberg_minimum
1552,2022-05-30,-67.139,11.5748,ASCAT,0.0,0.0,True,True,True,False,length_below_openberg_minimum
1553,2022-05-31,-67.0375,11.5771,ASCAT,0.0,0.0,True,True,True,False,length_below_openberg_minimum
1554,2022-06-01,-67.0114,11.2789,ASCAT,0.0,0.0,True,True,True,False,length_below_openberg_minimum
1555,2022-06-02,-67.1496,10.974,ASCAT,0.0,0.0,True,True,True,False,length_below_openberg_minimum
1556,2022-06-03,-67.1738,11.0215,ASCAT,0.0,0.0,True,True,True,False,length_below_openberg_minimum
1557,2022-06-04,-67.1033,11.267,ASCAT,0.0,0.0,True,True,True,False,length_below_openberg_minimum
1558,2022-06-05,-67.0558,11.3585,ASCAT,0.0,0.0,True,True,True,False,length_below_openberg_minimum
1559,2022-06-06,-66.9382,11.5512,ASCAT,0.0,0.0,True,True,True,False,length_below_openberg_minimum
1560,2022-06-07,-66.8162,11.5644,ASCAT,0.0,0.0,True,True,True,False,length_below_openberg_minimum
1561,2022-06-08,-66.7137,11.4644,ASCAT,0.0,0.0,True,True,True,False,length_below_openberg_minimum
1562,2022-06-09,-66.7051,11.2096,ASCAT,0.0,0.0,True,True,True,False,length_below_openberg_minimum
1563,2022-06-10,-66.7004,11.0624,ASCAT,12964.0,7408.0,True,True,True,False,length_exceeds_openberg_maximum
1564,2022-06-11,-66.6982,10.9272,ASCAT,0.0,0.0,True,True,True,False,length_below_openberg_minimum
1565,2022-06-12,-66.7074,10.7241,ASCAT,0.0,0.0,True,True,True,False,length_below_openberg_minimum
1566,2022-06-13,-66.7333,10.4638,ASCAT,0.0,0.0,True,True,True,False,length_below_openberg_minimum
1567,2022-06-14,-66.7735,10.1785,ASCAT,0.0,0.0,True,True,True,False,length_below_openberg_minimum
1568,2022-06-15,-66.8257,9.9006,ASCAT,0.0,0.0,True,True,True,False,length_below_openberg_minimum
1569,2022-06-16,-66.8873,9.6621,ASCAT,0.0,0.0,True,True,True,False,length_below_openberg_minimum
1570,2022-06-17,-66.956,9.4954,ASCAT,12964.0,7408.0,True,True,True,False,length_exceeds_openberg_maximum
1571,2022-06-18,-67.0293,9.4327,ASCAT,0.0,0.0,True,True,True,False,length_below_openberg_minimum
1572,2022-06-19,-67.1443,9.4786,ASCAT,0.0,0.0,True,True,True,False,length_below_openberg_minimum
1573,2022-06-20,-67.29,9.5633,ASCAT,0.0,0.0,True,True,True,False,length_below_openberg_minimum
1574,2022-06-21,-67.3885,9.5588,ASCAT,0.0,0.0,True,True,True,False,length_below_openberg_minimum
1575,2022-06-22,-67.4739,9.5442,ASCAT,0.0,0.0,True,True,True,False,length_below_openberg_minimum
1576,2022-06-23,-67.5383,9.518,ASCAT,0.0,0.0,True,True,True,False,length_below_openberg_minimum
1577,2022-06-24,-67.5741,9.4784,ASCAT,12964.0,7408.0,True,True,True,False,length_exceeds_openberg_maximum
1578,2022-06-25,-67.5868,9.2425,ASCAT,0.0,0.0,True,True,True,False,length_below_openberg_minimum
1579,2022-06-26,-67.5638,9.1324,ASCAT,0.0,0.0,True,True,True,False,length_below_openberg_minimum
1580,2022-06-27,-67.5486,9.0431,ASCAT,0.0,0.0,True,True,True,False,length_below_openberg_minimum
1581,2022-06-28,-67.5332,8.9757,ASCAT,0.0,0.0,True,True,True,False,length_below_openberg_minimum
1582,2022-06-29,-67.5332,8.9757,ASCAT,0.0,0.0,True,True,True,False,length_below_openberg_minimum
1583,2022-06-30,-67.5937,8.8252,ASCAT,0.0,0.0,True,True,True,False,length_below_openberg_minimum
1584,2022-07-01,-67.575,8.7801,ASCAT,12964.0,7408.0,True,True,True,False,length_exceeds_openberg_maximum
1585,2022-07-02,-67.5562,8.7629,ASCAT,0.0,0.0,True,True,True,False,length_below_openberg_minimum
1586,2022-07-03,-67.5931,8.8343,ASCAT,0.0,0.0,True,True,True,False,length_below_openberg_minimum
1587,2022-07-04,-67.5888,9.2274,ASCAT,0.0,0.0,True,True,True,False,length_below_openberg_minimum
1588,2022-07-05,-67.5524,9.4783,ASCAT,0.0,0.0,True,True,True,False,length_below_openberg_minimum
1589,2022-07-06,-67.5757,9.4353,ASCAT,0.0,0.0,True,True,True,False,length_below_openberg_minimum
1590,2022-07-07,-67.5756,9.392,ASCAT,0.0,0.0,True,True,True,False,length_below_openberg_minimum
1591,2022-07-08,-67.5753,9.3498,ASCAT,12964.0,7408.0,True,True,True,False,length_exceeds_openberg_maximum
1592,2022-07-09,-67.5748,9.3082,ASCAT,0.0,0.0,True,True,True,False,length_below_openberg_minimum
1593,2022-07-10,-67.5742,9.2668,ASCAT,0.0,0.0,True,True,True,False,length_below_openberg_minimum
1594,2022-07-11,-67.5735,9.2251,ASCAT,0.0,0.0,True,True,True,False,length_below_openberg_minimum
1595,2022-07-12,-67.5728,9.1825,ASCAT,0.0,0.0,True,True,True,False,length_below_openberg_minimum
1596,2022-07-13,-67.572,9.1386,ASCAT,0.0,0.0,True,True,True,False,length_below_openberg_minimum
1597,2022-07-14,-67.5713,9.0928,ASCAT,0.0,0.0,True,True,True,False,length_below_openberg_minimum
1598,2022-07-15,-67.5707,9.0447,ASCAT,12964.0,7408.0,True,True,True,False,length_exceeds_openberg_maximum
1599,2022-07-16,-67.5702,8.9937,ASCAT,0.0,0.0,True,True,True,False,length_below_openberg_minimum
1600,2022-07-17,-67.5699,8.9394,ASCAT,0.0,0.0,True,True,True,False,length_below_openberg_minimum
1601,2022-07-18,-67.5698,8.8812,ASCAT,0.0,0.0,True,True,True,False,length_below_openberg_minimum
1602,2022-07-19,-67.5136,8.8526,NIC,0.0,0.0,True,True,True,False,length_below_openberg_minimum
1603,2022-07-20,-67.5019,8.6657,NIC,0.0,0.0,True,True,True,False,length_below_openberg_minimum
1604,2022-07-21,-67.4933,8.5093,NIC,0.0,0.0,True,True,True,False,length_below_openberg_minimum
1605,2022-07-22,-67.49,8.41,NIC,12964.0,7408.0,True,True,True,False,length_exceeds_openberg_maximum
1606,2022-07-23,-67.5007,8.3564,NIC,0.0,0.0,True,True,True,False,length_below_openberg_minimum
1607,2022-07-24,-67.5299,8.3162,NIC,0.0,0.0,True,True,True,False,length_below_openberg_minimum
1608,2022-07-25,-67.5731,8.284,NIC,0.0,0.0,True,True,True,False,length_below_openberg_minimum
1609,2022-07-26,-67.6262,8.2547,NIC,0.0,0.0,True,True,True,False,length_below_openberg_minimum
1610,2022-07-27,-67.6845,8.2228,NIC,0.0,0.0,True,True,True,False,length_below_openberg_minimum
1611,2022-07-28,-67.744,8.183,NIC,0.0,0.0,True,True,True,False,length_below_openberg_minimum
1612,2022-07-29,-67.8,8.13,NIC,12964.0,7408.0,True,True,True,False,length_exceeds_openberg_maximum
1613,2022-07-30,-67.8644,8.0521,NIC,0.0,0.0,True,True,True,False,length_below_openberg_minimum
1614,2022-07-31,-67.9452,7.9453,NIC,0.0,0.0,True,True,True,False,length_below_openberg_minimum
1615,2022-08-01,-68.22,7.6388,ASCAT,0.0,0.0,True,True,True,False,length_below_openberg_minimum
1616,2022-08-02,-68.2579,7.3896,ASCAT,0.0,0.0,True,True,True,False,length_below_openberg_minimum
1617,2022-08-03,-68.2787,7.1829,ASCAT,0.0,0.0,True,True,True,False,length_below_openberg_minimum
1618,2022-08-04,-68.261,7.1462,ASCAT,0.0,0.0,True,True,True,False,length_below_openberg_minimum
1619,2022-08-05,-68.1792,6.9391,ASCAT,12964.0,7408.0,True,True,True,False,length_exceeds_openberg_maximum
1620,2022-08-06,-68.1516,6.9172,ASCAT,0.0,0.0,True,True,True,False,length_below_openberg_minimum
1621,2022-08-07,-68.1435,6.8922,ASCAT,0.0,0.0,True,True,True,False,length_below_openberg_minimum
1622,2022-08-08,-68.1609,6.4947,ASCAT,0.0,0.0,True,True,True,False,length_below_openberg_minimum
1623,2022-08-09,-68.1936,6.1668,ASCAT,0.0,0.0,True,True,True,False,length_below_openberg_minimum
1624,2022-08-10,-68.2391,5.8684,ASCAT,0.0,0.0,True,True,True,False,length_below_openberg_minimum
1625,2022-08-11,-68.2867,5.599,ASCAT,0.0,0.0,True,True,True,False,length_below_openberg_minimum
1626,2022-08-12,-68.3254,5.3582,ASCAT,12964.0,7408.0,True,True,True,False,length_exceeds_openberg_maximum
1627,2022-08-13,-68.3516,5.1585,ASCAT,0.0,0.0,True,True,True,False,length_below_openberg_minimum
1628,2022-08-14,-68.3684,4.9241,ASCAT,0.0,0.0,True,True,True,False,length_below_openberg_minimum
1629,2022-08-15,-68.4031,4.7214,ASCAT,0.0,0.0,True,True,True,False,length_below_openberg_minimum
1630,2022-08-16,-68.4579,4.5386,ASCAT,0.0,0.0,True,True,True,False,length_below_openberg_minimum
1631,2022-08-17,-68.5264,4.3687,ASCAT,0.0,0.0,True,True,True,False,length_below_openberg_minimum
1632,2022-08-18,-68.602,4.2047,ASCAT,0.0,0.0,True,True,True,False,length_below_openberg_minimum
1633,2022-08-19,-68.6784,4.0399,ASCAT,12964.0,7408.0,True,True,True,False,length_exceeds_openberg_maximum
1634,2022-08-20,-68.749,3.8673,ASCAT,0.0,0.0,True,True,True,False,length_below_openberg_minimum
1635,2022-08-21,-68.8074,3.68,ASCAT,0.0,0.0,True,True,True,False,length_below_openberg_minimum
1636,2022-08-22,-68.8472,3.471,ASCAT,0.0,0.0,True,True,True,False,length_below_openberg_minimum
1637,2022-08-23,-68.8619,3.2336,ASCAT,0.0,0.0,True,True,True,False,length_below_openberg_minimum
1638,2022-08-24,-68.8602,2.9764,ASCAT,0.0,0.0,True,True,True,False,length_below_openberg_minimum
1639,2022-08-25,-68.8559,2.7004,ASCAT,0.0,0.0,True,True,True,False,length_below_openberg_minimum
1640,2022-08-26,-68.8504,2.3865,ASCAT,12964.0,7408.0,True,True,True,False,length_exceeds_openberg_maximum
1641,2022-08-27,-68.8448,2.0162,ASCAT,0.0,0.0,True,True,True,False,length_below_openberg_minimum
1642,2022-08-28,-68.8405,1.5704,ASCAT,0.0,0.0,True,True,True,False,length_below_openberg_minimum
1643,2022-08-29,-68.8388,1.0304,ASCAT,0.0,0.0,True,True,True,False,length_below_openberg_minimum
1644,2022-08-30,-69.0247,0.0747,ASCAT,0.0,0.0,True,True,True,False,length_below_openberg_minimum
1645,2022-08-31,-69.0445,-0.3752,ASCAT,0.0,0.0,True,True,True,False,length_below_openberg_minimum
1646,2022-09-01,-68.9279,-0.5688,ASCAT,0.0,0.0,True,True,True,False,length_below_openberg_minimum
1647,2022-09-02,-68.8522,-0.8142,ASCAT,12964.0,7408.0,True,True,True,False,length_exceeds_openberg_maximum
1648,2022-09-03,-68.8522,-0.9526,ASCAT,0.0,0.0,True,True,True,False,length_below_openberg_minimum
1649,2022-09-04,-68.8155,-1.1152,ASCAT,0.0,0.0,True,True,True,False,length_below_openberg_minimum
1650,2022-09-05,-68.8102,-1.2803,ASCAT,0.0,0.0,True,True,True,False,length_below_openberg_minimum
1651,2022-09-06,-69.0193,-1.8165,ASCAT,0.0,0.0,True,True,True,False,length_below_openberg_minimum
1652,2022-09-07,-69.1097,-2.2442,ASCAT,0.0,0.0,True,True,True,False,length_below_openberg_minimum
1653,2022-09-08,-69.0979,-2.3853,ASCAT,0.0,0.0,True,True,True,False,length_below_openberg_minimum
1654,2022-09-09,-69.1049,-2.5275,ASCAT,12964.0,7408.0,True,True,True,False,length_exceeds_openberg_maximum
1655,2022-09-10,-69.1118,-2.6388,ASCAT,0.0,0.0,True,True,True,False,length_below_openberg_minimum
1656,2022-09-11,-69.1019,-2.6928,ASCAT,0.0,0.0,True,True,True,False,length_below_openberg_minimum
1657,2022-09-12,-69.1625,-2.8127,ASCAT,0.0,0.0,True,True,True,False,length_below_openberg_minimum
1658,2022-09-13,-69.3014,-3.0004,ASCAT,0.0,0.0,True,True,True,False,length_below_openberg_minimum
1659,2022-09-14,-69.3544,-3.2051,ASCAT,0.0,0.0,True,True,True,False,length_below_openberg_minimum
1660,2022-09-15,-69.3855,-3.3992,ASCAT,0.0,0.0,True,True,True,False,length_below_openberg_minimum
1661,2022-09-16,-69.3235,-3.4259,ASCAT,12964.0,7408.0,True,True,True,False,length_exceeds_openberg_maximum
1662,2022-09-17,-69.3327,-3.5218,ASCAT,0.0,0.0,True,True,True,False,length_below_openberg_minimum
1663,2022-09-18,-69.3501,-3.6615,ASCAT,0.0,0.0,True,True,True,False,length_below_openberg_minimum
1664,2022-09-19,-69.4156,-3.8815,ASCAT,0.0,0.0,True,True,True,False,length_below_openberg_minimum
1665,2022-09-20,-69.4157,-4.2032,ASCAT,0.0,0.0,True,True,True,False,length_below_openberg_minimum
1666,2022-09-21,-69.3219,-4.2631,ASCAT,0.0,0.0,True,True,True,False,length_below_openberg_minimum
1667,2022-09-22,-69.2279,-4.4497,ASCAT,0.0,0.0,True,True,True,False,length_below_openberg_minimum
1668,2022-09-23,-69.2588,-4.6414,ASCAT,12964.0,7408.0,True,True,True,False,length_exceeds_openberg_maximum
1669,2022-09-24,-69.2896,-4.8724,ASCAT,0.0,0.0,True,True,True,False,length_below_openberg_minimum
1670,2022-09-25,-69.2761,-5.2362,ASCAT,0.0,0.0,True,True,True,False,length_below_openberg_minimum
1671,2022-09-26,-69.2273,-5.4673,ASCAT,0.0,0.0,True,True,True,False,length_below_openberg_minimum
1672,2022-09-27,-69.28,-5.7546,ASCAT,0.0,0.0,True,True,True,False,length_below_openberg_minimum
1673,2022-09-28,-69.3919,-6.0088,ASCAT,0.0,0.0,True,True,True,False,length_below_openberg_minimum
1674,2022-09-29,-69.4399,-6.0131,ASCAT,0.0,0.0,True,True,True,False,length_below_openberg_minimum
1675,2022-09-30,-69.4583,-6.0425,ASCAT,0.0,0.0,True,True,True,False,length_below_openberg_minimum
1676,2022-10-01,-69.4583,-6.0425,ASCAT,0.0,0.0,True,True,True,False,length_below_openberg_minimum
1677,2022-10-02,-69.5405,-6.0434,ASCAT,0.0,0.0,True,True,True,False,length_below_openberg_minimum
1678,2022-10-03,-69.663,-6.0086,ASCAT,0.0,0.0,True,True,True,False,length_below_openberg_minimum
1679,2022-10-04,-69.7357,-6.1807,ASCAT,0.0,0.0,True,True,True,False,length_below_openberg_minimum
1680,2022-10-05,-69.7413,-6.2498,ASCAT,0.0,0.0,True,True,True,False,length_below_openberg_minimum
1681,2022-10-06,-69.7396,-6.2925,ASCAT,0.0,0.0,True,True,True,False,length_below_openberg_minimum
1682,2022-10-07,-69.7313,-6.2415,ASCAT,12964.0,7408.0,True,True,True,False,length_exceeds_openberg_maximum
1683,2022-10-08,-69.7674,-6.3739,ASCAT,0.0,0.0,True,True,True,False,length_below_openberg_minimum
1684,2022-10-09,-69.7776,-6.3478,ASCAT,0.0,0.0,True,True,True,False,length_below_openberg_minimum
1685,2022-10-10,-69.871,-6.3294,ASCAT,0.0,0.0,True,True,True,False,length_below_openberg_minimum
1686,2022-10-11,-69.9958,-6.7424,ASCAT,0.0,0.0,True,True,True,False,length_below_openberg_minimum
1687,2022-10-12,-70.1222,-7.3382,ASCAT,0.0,0.0,True,True,True,False,length_below_openberg_minimum
1688,2022-10-13,-70.2144,-7.9428,ASCAT,0.0,0.0,True,True,True,False,length_below_openberg_minimum
1689,2022-10-14,-70.1196,-8.1251,ASCAT,12964.0,7408.0,True,True,True,False,length_exceeds_openberg_maximum
1690,2022-10-15,-70.1341,-8.3995,ASCAT,0.0,0.0,True,True,True,False,length_below_openberg_minimum
1691,2022-10-16,-70.1718,-8.7766,ASCAT,0.0,0.0,True,True,True,False,length_below_openberg_minimum
1692,2022-10-17,-70.2936,-9.3617,ASCAT,0.0,0.0,True,True,True,False,length_below_openberg_minimum
1693,2022-10-18,-70.4402,-9.8164,ASCAT,0.0,0.0,True,True,True,False,length_below_openberg_minimum
1694,2022-10-19,-70.6674,-10.4766,ASCAT,0.0,0.0,True,True,True,False,length_below_openberg_minimum
1695,2022-10-20,-70.7792,-10.9045,ASCAT,0.0,0.0,True,True,True,False,length_below_openberg_minimum
1696,2022-10-21,-70.8842,-11.3421,ASCAT,12964.0,7408.0,True,True,True,False,length_exceeds_openberg_maximum
1697,2022-10-22,-70.9879,-11.7881,ASCAT,0.0,0.0,True,True,True,False,length_below_openberg_minimum
1698,2022-10-23,-71.0902,-12.2403,ASCAT,0.0,0.0,True,True,True,False,length_below_openberg_minimum
1699,2022-10-24,-71.191,-12.6963,ASCAT,0.0,0.0,True,True,True,False,length_below_openberg_minimum
1700,2022-10-25,-71.2902,-13.1537,ASCAT,0.0,0.0,True,True,True,False,length_below_openberg_minimum
1701,2022-10-26,-71.3878,-13.6102,ASCAT,0.0,0.0,True,True,True,False,length_below_openberg_minimum
1702,2022-10-27,-71.4835,-14.0634,ASCAT,0.0,0.0,True,True,True,False,length_below_openberg_minimum
1703,2022-10-28,-71.5775,-14.5109,ASCAT,12964.0,7408.0,True,True,True,False,length_exceeds_openberg_maximum
1704,2022-10-29,-71.6695,-14.9503,ASCAT,0.0,0.0,True,True,True,False,length_below_openberg_minimum
1705,2022-10-30,-71.7594,-15.3794,ASCAT,0.0,0.0,True,True,True,False,length_below_openberg_minimum
1706,2022-10-31,-71.8472,-15.7958,ASCAT,0.0,0.0,True,True,True,False,length_below_openberg_minimum
1707,2022-11-01,-71.9328,-16.197,ASCAT,0.0,0.0,True,True,True,False,length_below_openberg_minimum
1708,2022-11-02,-72.0903,-16.3423,NIC,0.0,0.0,True,True,True,False,length_below_openberg_minimum
1709,2022-11-03,-72.1748,-16.5709,NIC,0.0,0.0,True,True,True,False,length_below_openberg_minimum
1710,2022-11-04,-72.24,-16.8,NIC,12964.0,7408.0,True,True,True,False,length_exceeds_openberg_maximum
1711,2022-11-05,-72.2874,-17.0181,NIC,0.0,0.0,True,True,True,False,length_below_openberg_minimum
1712,2022-11-06,-72.3245,-17.2152,NIC,0.0,0.0,True,True,True,False,length_below_openberg_minimum
1713,2022-11-07,-72.3554,-17.4016,NIC,0.0,0.0,True,True,True,False,length_below_openberg_minimum
1714,2022-11-08,-72.3842,-17.5871,NIC,0.0,0.0,True,True,True,False,length_below_openberg_minimum
1715,2022-11-09,-72.4152,-17.782,NIC,0.0,0.0,True,True,True,False,length_below_openberg_minimum
1716,2022-11-10,-72.4524,-17.9963,NIC,0.0,0.0,True,True,True,False,length_below_openberg_minimum
1717,2022-11-11,-72.5,-18.24,NIC,12964.0,7408.0,True,True,True,False,length_exceeds_openberg_maximum
1718,2022-11-12,-72.5719,-18.5486,NIC,0.0,0.0,True,True,True,False,length_below_openberg_minimum
1719,2022-11-13,-72.6719,-18.9288,NIC,0.0,0.0,True,True,True,False,length_below_openberg_minimum
1720,2022-11-14,-72.7888,-19.348,NIC,0.0,0.0,True,True,True,False,length_below_openberg_minimum
1721,2022-11-15,-72.981,-21.1307,ASCAT,0.0,0.0,True,True,True,False,length_below_openberg_minimum
1722,2022-11-16,-73.0281,-20.1724,NIC,0.0,0.0,True,True,True,False,length_below_openberg_minimum
1723,2022-11-17,-73.1281,-20.5121,NIC,0.0,0.0,True,True,True,False,length_below_openberg_minimum
1724,2022-11-18,-73.2,-20.76,NIC,12964.0,7408.0,True,True,True,False,length_exceeds_openberg_maximum
1725,2022-11-19,-73.25,-20.9328,NIC,0.0,0.0,True,True,True,False,length_below_openberg_minimum
1726,2022-11-20,-73.2929,-21.0754,NIC,0.0,0.0,True,False,False,False,length_below_openberg_minimum
1727,2022-11-21,-73.3304,-21.1974,NIC,0.0,0.0,True,False,False,False,length_below_openberg_minimum
1728,2022-11-22,-73.3641,-21.3084,NIC,0.0,0.0,True,False,False,False,length_below_openberg_minimum
1729,2022-11-23,-73.3958,-21.4178,NIC,0.0,0.0,True,False,False,False,length_below_openberg_minimum
1730,2022-11-24,-73.4272,-21.5351,NIC,0.0,0.0,True,False,False,False,length_below_openberg_minimum
1731,2022-11-25,-73.46,-21.67,NIC,12964.0,7408.0,True,False,False,False,length_exceeds_openberg_maximum
1732,2022-11-26,-73.4969,-21.8322,NIC,0.0,0.0,True,False,False,False,length_below_openberg_minimum
1733,2022-11-27,-73.5372,-22.017,NIC,0.0,0.0,True,False,False,False,length_below_openberg_minimum
1734,2022-11-28,-73.5779,-22.2121,NIC,0.0,0.0,True,False,False,False,length_below_openberg_minimum
1735,2022-11-29,-73.6157,-22.4052,NIC,0.0,0.0,True,False,False,False,length_below_openberg_minimum
1736,2022-11-30,-73.6475,-22.5841,NIC,0.0,0.0,True,False,False,False,length_below_openberg_minimum
1737,2022-12-01,-73.67,-22.7365,NIC,0.0,0.0,False,False,False,False,length_below_openberg_minimum
1738,2022-12-02,-73.68,-22.85,NIC,12964.0,7408.0,False,False,False,False,length_exceeds_openberg_maximum
1739,2022-12-03,-73.6826,-22.9304,NIC,0.0,0.0,False,False,False,False,length_below_openberg_minimum
1740,2022-12-04,-73.6848,-22.9953,NIC,0.0,0.0,False,False,False,False,length_below_openberg_minimum
1741,2022-12-05,-73.6866,-23.0501,NIC,0.0,0.0,False,False,False,False,length_below_openberg_minimum
1742,2022-12-06,-73.6881,-23.1004,NIC,0.0,0.0,False,False,False,False,length_below_openberg_minimum
1743,2022-12-07,-73.6891,-23.1518,NIC,0.0,0.0,False,False,False,False,length_below_openberg_minimum
1744,2022-12-08,-73.6719,-23.1501,ASCAT,0.0,0.0,False,False,False,False,length_below_openberg_minimum
1745,2022-12-09,-73.6718,-23.2922,ASCAT,12964.0,7408.0,False,False,False,False,length_exceeds_openberg_maximum
1746,2022-12-10,-73.6716,-23.4633,ASCAT,0.0,0.0,False,False,False,False,length_below_openberg_minimum
1747,2022-12-11,-73.6712,-23.6496,ASCAT,0.0,0.0,False,False,False,False,length_below_openberg_minimum
1748,2022-12-12,-73.6707,-23.8374,ASCAT,0.0,0.0,False,False,False,False,length_below_openberg_minimum
1749,2022-12-13,-73.6701,-24.0129,ASCAT,0.0,0.0,False,False,False,False,length_below_openberg_minimum
1750,2022-12-14,-73.6693,-24.1624,ASCAT,0.0,0.0,False,False,False,False,length_below_openberg_minimum
1751,2022-12-15,-73.6668,-24.3096,ASCAT,0.0,0.0,False,False,False,False,length_below_openberg_minimum
1752,2022-12-16,-73.6648,-24.3908,ASCAT,12964.0,7408.0,False,False,False,False,length_exceeds_openberg_maximum
1753,2022-12-17,-73.6648,-24.3908,ASCAT,0.0,0.0,False,False,False,False,length_below_openberg_minimum
1754,2022-12-18,-73.6648,-24.3908,ASCAT,0.0,0.0,False,False,False,False,length_below_openberg_minimum
1755,2022-12-19,-73.7055,-24.5353,ASCAT,0.0,0.0,False,False,False,False,length_below_openberg_minimum
1756,2022-12-20,-73.7006,-24.7248,ASCAT,0.0,0.0,False,False,False,False,length_below_openberg_minimum
1757,2022-12-21,-73.7283,-24.9683,ASCAT,0.0,0.0,False,False,False,False,length_below_openberg_minimum
1758,2022-12-22,-73.7559,-25.1731,ASCAT,0.0,0.0,False,False,False,False,length_below_openberg_minimum
1759,2022-12-23,-73.7591,-25.2978,ASCAT,12964.0,7408.0,False,False,False,False,length_exceeds_openberg_maximum
1760,2022-12-24,-73.7624,-25.4228,ASCAT,0.0,0.0,False,False,False,False,length_below_openberg_minimum
1761,2022-12-25,-73.7743,-25.4828,ASCAT,0.0,0.0,False,False,False,False,length_below_openberg_minimum
1762,2022-12-26,-73.7695,-25.5547,ASCAT,0.0,0.0,False,False,False,False,length_below_openberg_minimum
1763,2022-12-27,-73.734,-25.5942,ASCAT,0.0,0.0,False,False,False,False,length_below_openberg_minimum
1764,2022-12-28,-73.6747,-25.6316,ASCAT,0.0,0.0,False,False,False,False,length_below_openberg_minimum
1765,2022-12-29,-73.61,-25.69,ASCAT,0.0,0.0,False,False,False,False,length_below_openberg_minimum
1766,2022-12-30,-73.61,-25.69,ASCAT,12964.0,7408.0,False,False,False,False,length_exceeds_openberg_maximum
1767,2022-12-31,-73.5952,-25.6592,ASCAT,0.0,0.0,False,False,False,False,length_below_openberg_minimum
1768,2023-01-01,-73.5508,-25.6024,ASCAT,0.0,0.0,False,False,False,False,length_below_openberg_minimum
1769,2023-01-02,-73.5269,-25.6836,ASCAT,0.0,0.0,False,False,False,False,length_below_openberg_minimum
1770,2023-01-03,-73.4976,-25.8411,ASCAT,0.0,0.0,False,False,False,False,length_below_openberg_minimum
1771,2023-01-04,-73.4475,-26.0372,ASCAT,0.0,0.0,False,False,False,False,length_below_openberg_minimum
1772,2023-01-05,-73.3982,-26.6391,ASCAT,0.0,0.0,False,False,False,False,length_below_openberg_minimum
1773,2023-01-06,-73.36,-27.2,ASCAT,12964.0,7408.0,False,False,False,False,length_exceeds_openberg_maximum
1774,2023-01-07,-73.3417,-27.3282,ASCAT,0.0,0.0,False,False,False,False,length_below_openberg_minimum
1775,2023-01-08,-73.3874,-27.5693,ASCAT,0.0,0.0,False,False,False,False,length_below_openberg_minimum
1776,2023-01-09,-73.4332,-27.48,ASCAT,0.0,0.0,False,False,False,False,length_below_openberg_minimum
1777,2023-01-10,-73.4332,-27.48,ASCAT,0.0,0.0,False,False,False,False,length_below_openberg_minimum
1778,2023-01-11,-73.4115,-27.5471,ASCAT,0.0,0.0,False,False,False,False,length_below_openberg_minimum
1779,2023-01-12,-73.4138,-27.8435,ASCAT,0.0,0.0,False,False,False,False,length_below_openberg_minimum
1780,2023-01-13,-73.3962,-28.1269,ASCAT,12964.0,7408.0,False,False,False,False,length_exceeds_openberg_maximum
1781,2023-01-14,-73.3686,-28.4377,ASCAT,0.0,0.0,False,False,False,False,length_below_openberg_minimum
1782,2023-01-15,-73.35,-28.8492,ASCAT,0.0,0.0,False,False,False,False,length_below_openberg_minimum
1783,2023-01-16,-73.4086,-29.1427,ASCAT,0.0,0.0,False,False,False,False,length_below_openberg_minimum
1784,2023-01-17,-73.5229,-28.9193,ASCAT,0.0,0.0,False,False,False,False,length_below_openberg_minimum
1785,2023-01-18,-73.5456,-28.9173,ASCAT,0.0,0.0,False,False,False,False,length_below_openberg_minimum
1786,2023-01-19,-73.6467,-28.6383,ASCAT,0.0,0.0,False,False,False,False,length_below_openberg_minimum
1787,2023-01-20,-73.68,-28.38,ASCAT,12964.0,7408.0,False,False,False,False,length_exceeds_openberg_maximum
1788,2023-01-21,-73.7257,-27.8738,ASCAT,0.0,0.0,False,False,False,False,length_below_openberg_minimum
1789,2023-01-22,-73.7297,-27.5372,ASCAT,0.0,0.0,False,False,False,False,length_below_openberg_minimum
1790,2023-01-23,-73.7668,-27.4511,ASCAT,0.0,0.0,False,False,False,False,length_below_openberg_minimum
1791,2023-01-24,-73.7974,-27.3116,ASCAT,0.0,0.0,False,False,False,False,length_below_openberg_minimum
1792,2023-01-25,-73.9057,-27.0425,ASCAT,0.0,0.0,False,False,False,False,length_below_openberg_minimum
1793,2023-01-26,-74.0323,-26.7843,ASCAT,0.0,0.0,False,False,False,False,length_below_openberg_minimum
1794,2023-01-27,-74.1436,-26.6322,ASCAT,12964.0,7408.0,False,False,False,False,length_exceeds_openberg_maximum
1795,2023-01-28,-74.235,-26.5382,ASCAT,0.0,0.0,False,False,False,False,length_below_openberg_minimum
1796,2023-01-29,-74.2792,-26.2873,ASCAT,0.0,0.0,False,False,False,False,length_below_openberg_minimum
1797,2023-01-30,-74.2776,-26.1259,ASCAT,0.0,0.0,False,False,False,False,length_below_openberg_minimum
1798,2023-01-31,-74.2788,-25.9733,ASCAT,0.0,0.0,False,False,False,False,length_below_openberg_minimum
1799,2023-02-01,-74.28,-25.89,ASCAT,0.0,0.0,False,False,False,False,length_below_openberg_minimum
1800,2023-02-02,-74.28,-25.89,ASCAT,0.0,0.0,False,False,False,False,length_below_openberg_minimum
1801,2023-02-03,-74.3774,-26.0785,ASCAT,12964.0,7408.0,False,False,False,False,length_exceeds_openberg_maximum
1802,2023-02-04,-74.3931,-26.107,ASCAT,0.0,0.0,False,False,False,False,length_below_openberg_minimum
1803,2023-02-05,-74.4149,-26.1699,ASCAT,0.0,0.0,False,False,False,False,length_below_openberg_minimum
1804,2023-02-06,-74.4414,-26.2653,ASCAT,0.0,0.0,False,False,False,False,length_below_openberg_minimum
1805,2023-02-07,-74.4705,-26.3884,ASCAT,0.0,0.0,False,False,False,False,length_below_openberg_minimum
1806,2023-02-08,-74.5037,-26.5527,ASCAT,0.0,0.0,False,False,False,False,length_below_openberg_minimum
1807,2023-02-09,-74.5435,-26.7653,ASCAT,0.0,0.0,False,False,False,False,length_below_openberg_minimum
1808,2023-02-10,-74.5988,-27.112,ASCAT,12964.0,7408.0,False,False,False,False,length_exceeds_openberg_maximum
1809,2023-02-11,-74.6469,-27.0826,ASCAT,0.0,0.0,False,False,False,False,length_below_openberg_minimum
1810,2023-02-12,-74.6336,-27.1717,ASCAT,0.0,0.0,False,False,False,False,length_below_openberg_minimum
1811,2023-02-13,-74.6122,-27.1583,ASCAT,0.0,0.0,False,False,False,False,length_below_openberg_minimum
1812,2023-02-14,-74.6194,-27.2074,ASCAT,0.0,0.0,False,False,False,False,length_below_openberg_minimum
1813,2023-02-15,-74.6367,-27.3287,ASCAT,0.0,0.0,False,False,False,False,length_below_openberg_minimum
1814,2023-02-16,-74.6575,-27.4835,ASCAT,0.0,0.0,False,False,False,False,length_below_openberg_minimum
1815,2023-02-17,-74.6754,-27.6329,ASCAT,12964.0,7408.0,False,False,False,False,length_exceeds_openberg_maximum
1816,2023-02-18,-74.6922,-27.7878,ASCAT,0.0,0.0,False,False,False,False,length_below_openberg_minimum
1817,2023-02-19,-74.7018,-27.9305,ASCAT,0.0,0.0,False,False,False,False,length_below_openberg_minimum
1818,2023-02-20,-74.7016,-28.0405,ASCAT,0.0,0.0,False,False,False,False,length_below_openberg_minimum
1819,2023-02-21,-74.7009,-28.1505,ASCAT,0.0,0.0,False,False,False,False,length_below_openberg_minimum
1820,2023-02-22,-74.6998,-28.2587,ASCAT,0.0,0.0,False,False,False,False,length_below_openberg_minimum
1821,2023-02-23,-74.6983,-28.3632,ASCAT,0.0,0.0,False,False,False,False,length_below_openberg_minimum
1822,2023-02-24,-74.6964,-28.4622,ASCAT,12964.0,7408.0,False,False,False,False,length_exceeds_openberg_maximum
1823,2023-02-25,-74.6941,-28.5539,ASCAT,0.0,0.0,False,False,False,False,length_below_openberg_minimum
1824,2023-02-26,-74.6915,-28.6365,ASCAT,0.0,0.0,False,False,False,False,length_below_openberg_minimum
1825,2023-02-27,-74.6885,-28.7082,ASCAT,0.0,0.0,False,False,False,False,length_below_openberg_minimum
1826,2023-02-28,-74.6851,-28.767,ASCAT,0.0,0.0,False,False,False,False,length_below_openberg_minimum
1827,2023-03-01,-74.6814,-28.8114,ASCAT,0.0,0.0,False,False,False,False,length_below_openberg_minimum
1828,2023-03-02,-74.6773,-28.8393,ASCAT,0.0,0.0,False,False,False,False,length_below_openberg_minimum
1829,2023-03-03,-74.673,-28.849,ASCAT,12964.0,7408.0,False,False,False,False,length_exceeds_openberg_maximum
1830,2023-03-04,-74.6665,-28.8438,ASCAT,0.0,0.0,False,False,False,False,length_below_openberg_minimum
1831,2023-03-05,-74.6561,-28.8285,ASCAT,0.0,0.0,False,False,False,False,length_below_openberg_minimum
1832,2023-03-06,-74.6422,-28.804,ASCAT,0.0,0.0,False,False,False,False,length_below_openberg_minimum
1833,2023-03-07,-74.6253,-28.7708,ASCAT,0.0,0.0,False,False,False,False,length_below_openberg_minimum
1834,2023-03-08,-74.5946,-28.6529,ASCAT,0.0,0.0,False,False,False,False,length_below_openberg_minimum
1835,2023-03-09,-74.5606,-28.501,ASCAT,0.0,0.0,False,False,False,False,length_below_openberg_minimum
1836,2023-03-10,-74.5396,-28.3903,ASCAT,12964.0,7408.0,False,False,False,False,length_exceeds_openberg_maximum
1837,2023-03-11,-74.5232,-28.2835,ASCAT,0.0,0.0,False,False,False,False,length_below_openberg_minimum
1838,2023-03-12,-74.5059,-28.203,ASCAT,0.0,0.0,False,False,False,False,length_below_openberg_minimum
1839,2023-03-13,-74.4823,-28.1712,ASCAT,0.0,0.0,False,False,False,False,length_below_openberg_minimum
1840,2023-03-14,-74.439,-28.1858,ASCAT,0.0,0.0,False,False,False,False,length_below_openberg_minimum
1841,2023-03-15,-74.3706,-28.2255,ASCAT,0.0,0.0,False,False,False,False,length_below_openberg_minimum
1842,2023-03-16,-74.2841,-28.2847,ASCAT,0.0,0.0,False,False,False,False,length_below_openberg_minimum
1843,2023-03-17,-74.1865,-28.3574,ASCAT,12964.0,7408.0,False,False,False,False,length_exceeds_openberg_maximum
1844,2023-03-18,-74.0849,-28.4378,ASCAT,0.0,0.0,False,False,False,False,length_below_openberg_minimum
1845,2023-03-19,-73.986,-28.52,ASCAT,0.0,0.0,False,False,False,False,length_below_openberg_minimum
1846,2023-03-20,-73.897,-28.5982,ASCAT,0.0,0.0,False,False,False,False,length_below_openberg_minimum
1847,2023-03-21,-73.8248,-28.6666,ASCAT,0.0,0.0,False,False,False,False,length_below_openberg_minimum
1848,2023-03-22,-73.7763,-28.7193,ASCAT,0.0,0.0,False,False,False,False,length_below_openberg_minimum
1849,2023-03-23,-73.7586,-28.7504,ASCAT,0.0,0.0,False,False,False,False,length_below_openberg_minimum
1850,2023-03-24,-73.76,-28.6,NIC,12964.0,7408.0,False,False,False,False,length_exceeds_openberg_maximum
1851,2023-03-25,-73.7711,-28.7574,NIC,0.0,0.0,False,False,False,False,length_below_openberg_minimum
1852,2023-03-26,-73.7997,-28.9678,NIC,0.0,0.0,False,False,False,False,length_below_openberg_minimum
1853,2023-03-27,-73.8387,-29.2031,NIC,0.0,0.0,False,False,False,False,length_below_openberg_minimum
1854,2023-03-28,-73.8813,-29.4352,NIC,0.0,0.0,False,False,False,False,length_below_openberg_minimum
1855,2023-03-29,-73.9203,-29.6357,NIC,0.0,0.0,False,False,False,False,length_below_openberg_minimum
1856,2023-03-30,-73.9489,-29.7767,NIC,0.0,0.0,False,False,False,False,length_below_openberg_minimum
1857,2023-03-31,-73.96,-29.83,NIC,12964.0,7408.0,False,False,False,False,length_exceeds_openberg_maximum
1858,2023-04-01,-73.9572,-29.8226,NIC,0.0,0.0,False,False,False,False,length_below_openberg_minimum
1859,2023-04-02,-73.9501,-29.8022,NIC,0.0,0.0,False,False,False,False,length_below_openberg_minimum
1860,2023-04-03,-73.9403,-29.7712,NIC,0.0,0.0,False,False,False,False,length_below_openberg_minimum
1861,2023-04-04,-73.9297,-29.732,NIC,0.0,0.0,False,False,False,False,length_below_openberg_minimum
1862,2023-04-05,-73.9199,-29.6871,NIC,0.0,0.0,False,False,False,False,length_below_openberg_minimum
1863,2023-04-06,-73.9128,-29.6389,NIC,0.0,0.0,False,False,False,False,length_below_openberg_minimum
1864,2023-04-07,-73.91,-29.59,NIC,12964.0,7408.0,False,False,False,False,length_exceeds_openberg_maximum
1865,2023-04-08,-73.9139,-29.5222,NIC,0.0,0.0,False,False,False,False,length_below_openberg_minimum
1866,2023-04-09,-73.9239,-29.4255,NIC,0.0,0.0,False,False,False,False,length_below_openberg_minimum
1867,2023-04-10,-73.9376,-29.3142,NIC,0.0,0.0,False,False,False,False,length_below_openberg_minimum
1868,2023-04-11,-73.9524,-29.2026,NIC,0.0,0.0,False,False,False,False,length_below_openberg_minimum
1869,2023-04-12,-73.9661,-29.1052,NIC,0.0,0.0,False,False,False,False,length_below_openberg_minimum
1870,2023-04-13,-73.9761,-29.0362,NIC,0.0,0.0,False,False,False,False,length_below_openberg_minimum
1871,2023-04-14,-73.98,-29.01,NIC,12964.0,7408.0,False,False,False,False,length_exceeds_openberg_maximum
1872,2023-04-15,-73.8209,-28.975,ASCAT,0.0,0.0,False,False,False,False,length_below_openberg_minimum
1873,2023-04-16,-73.8245,-29.0003,ASCAT,0.0,0.0,False,False,False,False,length_below_openberg_minimum
1874,2023-04-17,-73.828,-29.0375,ASCAT,0.0,0.0,False,False,False,False,length_below_openberg_minimum
1875,2023-04-18,-73.8317,-29.0865,ASCAT,0.0,0.0,False,False,False,False,length_below_openberg_minimum
1876,2023-04-19,-73.8364,-29.1472,ASCAT,0.0,0.0,False,False,False,False,length_below_openberg_minimum
1877,2023-04-20,-73.8425,-29.2194,ASCAT,0.0,0.0,False,False,False,False,length_below_openberg_minimum
1878,2023-04-21,-73.8505,-29.303,ASCAT,12964.0,7408.0,False,False,False,False,length_exceeds_openberg_maximum
1879,2023-04-22,-73.8612,-29.3979,ASCAT,0.0,0.0,False,False,False,False,length_below_openberg_minimum
1880,2023-04-23,-73.8962,-29.5665,ASCAT,0.0,0.0,False,False,False,False,length_below_openberg_minimum
1881,2023-04-24,-73.9619,-29.7668,ASCAT,0.0,0.0,False,False,False,False,length_below_openberg_minimum
1882,2023-04-25,-74.0776,-29.9174,ASCAT,0.0,0.0,False,False,False,False,length_below_openberg_minimum
1883,2023-04-26,-74.1358,-29.905,ASCAT,0.0,0.0,False,False,False,False,length_below_openberg_minimum
1884,2023-04-27,-74.1833,-29.873,ASCAT,0.0,0.0,False,False,False,False,length_below_openberg_minimum
1885,2023-04-28,-74.2222,-29.8292,ASCAT,12964.0,7408.0,False,False,False,False,length_exceeds_openberg_maximum
1886,2023-04-29,-74.2547,-29.7816,ASCAT,0.0,0.0,False,False,False,False,length_below_openberg_minimum
1887,2023-04-30,-74.2831,-29.7378,ASCAT,0.0,0.0,False,False,False,False,length_below_openberg_minimum
1888,2023-05-01,-74.3096,-29.7058,ASCAT,0.0,0.0,False,False,False,False,length_below_openberg_minimum
1889,2023-05-02,-74.3364,-29.6934,ASCAT,0.0,0.0,False,False,False,False,length_below_openberg_minimum
1890,2023-05-03,-74.3604,-29.7006,ASCAT,0.0,0.0,False,False,False,False,length_below_openberg_minimum
1891,2023-05-04,-74.3957,-29.9276,ASCAT,0.0,0.0,False,False,False,False,length_below_openberg_minimum
1892,2023-05-05,-74.4884,-30.2682,ASCAT,12964.0,7408.0,False,False,False,False,length_exceeds_openberg_maximum
1893,2023-05-06,-74.6107,-30.6378,ASCAT,0.0,0.0,False,False,False,False,length_below_openberg_minimum
1894,2023-05-07,-74.6717,-30.8111,ASCAT,0.0,0.0,False,False,False,False,length_below_openberg_minimum
1895,2023-05-08,-74.6717,-30.8111,ASCAT,0.0,0.0,False,False,False,False,length_below_openberg_minimum
1896,2023-05-09,-74.6717,-30.8111,ASCAT,0.0,0.0,False,False,False,False,length_below_openberg_minimum
1897,2023-05-10,-74.667,-30.5703,ASCAT,0.0,0.0,False,False,False,False,length_below_openberg_minimum
1898,2023-05-11,-74.621,-30.5867,ASCAT,0.0,0.0,False,False,False,False,length_below_openberg_minimum
1899,2023-05-12,-74.5789,-30.6032,ASCAT,12964.0,7408.0,False,False,False,False,length_exceeds_openberg_maximum
1900,2023-05-13,-74.5789,-30.6032,ASCAT,0.0,0.0,False,False,False,False,length_below_openberg_minimum
1901,2023-05-14,-74.6299,-30.7463,ASCAT,0.0,0.0,False,False,False,False,length_below_openberg_minimum
1902,2023-05-15,-74.6299,-30.7463,ASCAT,0.0,0.0,False,False,False,False,length_below_openberg_minimum
1903,2023-05-16,-74.6993,-30.6798,ASCAT,0.0,0.0,False,False,False,False,length_below_openberg_minimum
1904,2023-05-17,-74.7219,-30.4413,ASCAT,0.0,0.0,False,False,False,False,length_below_openberg_minimum
1905,2023-05-18,-74.6014,-30.3743,ASCAT,0.0,0.0,False,False,False,False,length_below_openberg_minimum
1906,2023-05-19,-74.5215,-30.2356,ASCAT,12964.0,7408.0,False,False,False,False,length_exceeds_openberg_maximum
1907,2023-05-20,-74.4618,-30.062,ASCAT,0.0,0.0,False,False,False,False,length_below_openberg_minimum
1908,2023-05-21,-74.4202,-29.8999,ASCAT,0.0,0.0,False,False,False,False,length_below_openberg_minimum
1909,2023-05-22,-74.4153,-29.9177,ASCAT,0.0,0.0,False,False,False,False,length_below_openberg_minimum
1910,2023-05-23,-74.4137,-29.9583,ASCAT,0.0,0.0,False,False,False,False,length_below_openberg_minimum
1911,2023-05-24,-74.4354,-30.0413,ASCAT,0.0,0.0,False,False,False,False,length_below_openberg_minimum
1912,2023-05-25,-74.3911,-30.0241,ASCAT,0.0,0.0,False,False,False,False,length_below_openberg_minimum
1913,2023-05-26,-74.3467,-29.9879,ASCAT,12964.0,7408.0,False,False,False,False,length_exceeds_openberg_maximum
1914,2023-05-27,-74.4006,-29.9129,ASCAT,0.0,0.0,False,False,False,False,length_below_openberg_minimum
1915,2023-05-28,-74.4545,-29.8569,ASCAT,0.0,0.0,False,False,False,False,length_below_openberg_minimum
1916,2023-05-29,-74.4454,-29.8882,ASCAT,0.0,0.0,False,False,False,False,length_below_openberg_minimum
1917,2023-05-30,-74.4219,-29.969,ASCAT,0.0,0.0,False,False,False,False,length_below_openberg_minimum
1918,2023-05-31,-74.3899,-30.0795,ASCAT,0.0,0.0,False,False,False,False,length_below_openberg_minimum
1919,2023-06-01,-74.3549,-30.1999,ASCAT,0.0,0.0,False,False,False,False,length_below_openberg_minimum
1920,2023-06-02,-74.3229,-30.3104,ASCAT,12964.0,7408.0,False,False,False,False,length_exceeds_openberg_maximum
1921,2023-06-03,-74.2994,-30.3912,ASCAT,0.0,0.0,False,False,False,False,length_below_openberg_minimum
1922,2023-06-04,-74.2903,-30.4225,ASCAT,0.0,0.0,False,False,False,False,length_below_openberg_minimum
1923,2023-06-05,-74.2903,-30.4225,ASCAT,0.0,0.0,False,False,False,False,length_below_openberg_minimum
1924,2023-06-06,-74.2406,-30.4491,ASCAT,0.0,0.0,False,False,False,False,length_below_openberg_minimum
1925,2023-06-07,-74.192,-30.4963,ASCAT,0.0,0.0,False,False,False,False,length_below_openberg_minimum
1926,2023-06-08,-74.1556,-30.5449,ASCAT,0.0,0.0,False,False,False,False,length_below_openberg_minimum
1927,2023-06-09,-74.14,-30.5751,ASCAT,14816.0,9260.0,False,False,False,False,length_exceeds_openberg_maximum
1928,2023-06-10,-74.1317,-30.7003,ASCAT,0.0,0.0,False,False,False,False,length_below_openberg_minimum
1929,2023-06-11,-74.1355,-30.8997,ASCAT,0.0,0.0,False,False,False,False,length_below_openberg_minimum
1930,2023-06-12,-74.1473,-31.1939,ASCAT,0.0,0.0,False,False,False,False,length_below_openberg_minimum
1931,2023-06-13,-74.2624,-31.7193,ASCAT,0.0,0.0,False,False,False,False,length_below_openberg_minimum
1932,2023-06-14,-74.4045,-32.1496,ASCAT,0.0,0.0,False,False,False,False,length_below_openberg_minimum
1933,2023-06-15,-74.5503,-32.5613,ASCAT,0.0,0.0,False,False,False,False,length_below_openberg_minimum
1934,2023-06-16,-74.5503,-32.5613,ASCAT,0.0,0.0,False,False,False,False,length_below_openberg_minimum
1935,2023-06-17,-74.5503,-32.5613,ASCAT,0.0,0.0,False,False,False,False,length_below_openberg_minimum
1936,2023-06-18,-74.6014,-32.873,ASCAT,0.0,0.0,False,False,False,False,length_below_openberg_minimum
1937,2023-06-19,-74.5986,-33.1608,ASCAT,0.0,0.0,False,False,False,False,length_below_openberg_minimum
1938,2023-06-20,-74.6204,-33.4555,ASCAT,0.0,0.0,False,False,False,False,length_below_openberg_minimum
1939,2023-06-21,-74.6422,-33.825,ASCAT,0.0,0.0,False,False,False,False,length_below_openberg_minimum
1940,2023-06-22,-74.6345,-34.4729,ASCAT,0.0,0.0,False,False,False,False,length_below_openberg_minimum
1941,2023-06-23,-74.5593,-35.1321,ASCAT,0.0,0.0,False,False,False,False,length_below_openberg_minimum
1942,2023-06-24,-74.54,-35.9025,ASCAT,0.0,0.0,False,False,False,False,length_below_openberg_minimum
1943,2023-06-25,-74.5216,-36.2406,ASCAT,0.0,0.0,False,False,False,False,length_below_openberg_minimum
1944,2023-06-26,-74.4444,-36.5594,ASCAT,0.0,0.0,False,False,False,False,length_below_openberg_minimum
1945,2023-06-27,-74.3517,-36.8157,ASCAT,0.0,0.0,False,False,False,False,length_below_openberg_minimum
1946,2023-06-28,-74.2736,-36.9582,ASCAT,0.0,0.0,False,False,False,False,length_below_openberg_minimum
1947,2023-06-29,-74.2345,-36.9724,ASCAT,0.0,0.0,False,False,False,False,length_below_openberg_minimum
1948,2023-06-30,-74.1863,-36.9501,ASCAT,14816.0,9260.0,False,False,False,False,length_exceeds_openberg_maximum
1949,2023-07-01,-74.1367,-36.8877,ASCAT,0.0,0.0,False,False,False,False,length_below_openberg_minimum
1950,2023-07-02,-74.0933,-36.6077,ASCAT,0.0,0.0,False,False,False,False,length_below_openberg_minimum
1951,2023-07-03,-74.039,-36.3174,ASCAT,0.0,0.0,False,False,False,False,length_below_openberg_minimum
1952,2023-07-04,-74.0464,-36.4212,ASCAT,0.0,0.0,False,False,False,False,length_below_openberg_minimum
1953,2023-07-05,-73.9873,-36.7106,ASCAT,0.0,0.0,False,False,False,False,length_below_openberg_minimum
1954,2023-07-06,-74.0059,-36.7146,ASCAT,0.0,0.0,False,False,False,False,length_below_openberg_minimum
1955,2023-07-07,-74.0244,-36.7186,ASCAT,14816.0,9260.0,False,False,False,False,length_exceeds_openberg_maximum
1956,2023-07-08,-73.9781,-36.9362,ASCAT,0.0,0.0,False,False,False,False,length_below_openberg_minimum
1957,2023-07-09,-73.8927,-37.2204,ASCAT,0.0,0.0,False,False,False,False,length_below_openberg_minimum
1958,2023-07-10,-73.7079,-37.1186,ASCAT,0.0,0.0,False,False,False,False,length_below_openberg_minimum
1959,2023-07-11,-73.6714,-37.0717,ASCAT,0.0,0.0,False,False,False,False,length_below_openberg_minimum
1960,2023-07-12,-73.6422,-37.1459,ASCAT,0.0,0.0,False,False,False,False,length_below_openberg_minimum
1961,2023-07-13,-73.6151,-37.2201,ASCAT,0.0,0.0,False,False,False,False,length_below_openberg_minimum
1962,2023-07-14,-73.5804,-37.1378,ASCAT,14816.0,9260.0,False,False,False,False,length_exceeds_openberg_maximum
1963,2023-07-15,-73.5596,-37.0555,ASCAT,0.0,0.0,False,False,False,False,length_below_openberg_minimum
1964,2023-07-16,-73.5596,-37.0555,ASCAT,0.0,0.0,False,False,False,False,length_below_openberg_minimum
1965,2023-07-17,-73.5596,-37.0555,ASCAT,0.0,0.0,False,False,False,False,length_below_openberg_minimum
1966,2023-07-18,-73.5311,-37.1303,ASCAT,0.0,0.0,False,False,False,False,length_below_openberg_minimum
1967,2023-07-19,-73.4898,-37.2782,ASCAT,0.0,0.0,False,False,False,False,length_below_openberg_minimum
1968,2023-07-20,-73.4676,-37.4589,ASCAT,0.0,0.0,False,False,False,False,length_below_openberg_minimum
1969,2023-07-21,-73.4494,-37.6934,ASCAT,14816.0,9260.0,False,False,False,False,length_exceeds_openberg_maximum
1970,2023-07-22,-73.4304,-37.9588,ASCAT,0.0,0.0,False,False,False,False,length_below_openberg_minimum
1971,2023-07-23,-73.4085,-38.2787,ASCAT,0.0,0.0,False,False,False,False,length_below_openberg_minimum
1972,2023-07-24,-73.3888,-38.3553,ASCAT,0.0,0.0,False,False,False,False,length_below_openberg_minimum
1973,2023-07-25,-73.3692,-38.3969,ASCAT,0.0,0.0,False,False,False,False,length_below_openberg_minimum
1974,2023-07-26,-73.3434,-38.4496,ASCAT,0.0,0.0,False,False,False,False,length_below_openberg_minimum
1975,2023-07-27,-73.2866,-38.5279,ASCAT,0.0,0.0,False,False,False,False,length_below_openberg_minimum
1976,2023-07-28,-73.2453,-38.6474,ASCAT,12964.0,7408.0,False,False,False,False,length_exceeds_openberg_maximum
1977,2023-07-29,-73.2721,-38.9699,ASCAT,0.0,0.0,False,False,False,False,length_below_openberg_minimum
1978,2023-07-30,-73.3308,-39.4949,ASCAT,0.0,0.0,False,False,False,False,length_below_openberg_minimum
1979,2023-07-31,-73.3895,-40.0269,ASCAT,0.0,0.0,False,False,False,False,length_below_openberg_minimum
1980,2023-08-01,-73.4372,-40.5049,ASCAT,0.0,0.0,False,False,False,False,length_below_openberg_minimum
1981,2023-08-02,-73.4367,-40.6641,ASCAT,0.0,0.0,False,False,False,False,length_below_openberg_minimum
1982,2023-08-03,-73.4355,-40.784,ASCAT,0.0,0.0,False,False,False,False,length_below_openberg_minimum
1983,2023-08-04,-73.4338,-40.8741,ASCAT,14816.0,9260.0,False,False,False,False,length_exceeds_openberg_maximum
1984,2023-08-05,-73.4319,-40.9444,ASCAT,0.0,0.0,False,False,False,False,length_below_openberg_minimum
1985,2023-08-06,-73.4302,-41.0044,ASCAT,0.0,0.0,False,False,False,False,length_below_openberg_minimum
1986,2023-08-07,-73.429,-41.0638,ASCAT,0.0,0.0,False,False,False,False,length_below_openberg_minimum
1987,2023-08-08,-73.4285,-41.1324,ASCAT,0.0,0.0,False,False,False,False,length_below_openberg_minimum
1988,2023-08-09,-73.4703,-41.1972,ASCAT,0.0,0.0,False,False,False,False,length_below_openberg_minimum
1989,2023-08-10,-73.5481,-41.2568,ASCAT,0.0,0.0,False,False,False,False,length_below_openberg_minimum
1990,2023-08-11,-73.5899,-41.3384,ASCAT,14816.0,9260.0,False,False,False,False,length_exceeds_openberg_maximum
1991,2023-08-12,-73.5564,-41.5176,ASCAT,0.0,0.0,False,False,False,False,length_below_openberg_minimum
1992,2023-08-13,-73.4991,-41.6888,ASCAT,0.0,0.0,False,False,False,False,length_below_openberg_minimum
1993,2023-08-14,-73.4385,-41.7688,ASCAT,0.0,0.0,False,False,False,False,length_below_openberg_minimum
1994,2023-08-15,-73.3758,-41.8277,ASCAT,0.0,0.0,False,False,False,False,length_below_openberg_minimum
1995,2023-08-16,-73.347,-41.8507,ASCAT,0.0,0.0,False,False,False,False,length_below_openberg_minimum
1996,2023-08-17,-73.347,-41.8507,ASCAT,0.0,0.0,False,False,False,False,length_below_openberg_minimum
1997,2023-08-18,-73.4047,-41.6906,ASCAT,14816.0,9260.0,False,False,False,False,length_exceeds_openberg_maximum
1998,2023-08-19,-73.4804,-41.391,ASCAT,0.0,0.0,False,False,False,False,length_below_openberg_minimum
1999,2023-08-20,-73.35,-41.84,NIC,0.0,0.0,False,False,False,False,length_below_openberg_minimum
2000,2023-08-21,-73.35,-41.84,NIC,0.0,0.0,False,False,False,False,length_below_openberg_minimum
2001,2023-08-22,-73.35,-41.84,NIC,0.0,0.0,False,False,False,False,length_below_openberg_minimum
2002,2023-08-23,-73.35,-41.84,NIC,0.0,0.0,False,False,False,False,length_below_openberg_minimum
2003,2023-08-24,-73.35,-41.84,NIC,0.0,0.0,False,False,False,False,length_below_openberg_minimum
2004,2023-08-25,-73.35,-41.84,NIC,14816.0,9260.0,False,False,False,False,length_exceeds_openberg_maximum
