source_index,timestamp,latitude,longitude,sensor_source,length_m,width_m,era5_covered,glorys_covered,environment_matched,openberg_geometry_compatible,geometry_compatibility_reason
0,2019-09-23,-68.6103,72.3159,ASCAT,53708.0,35188.0,False,False,False,False,length_exceeds_openberg_maximum
1,2019-09-24,-68.5909,72.3335,ASCAT,53708.0,35188.0,False,False,False,False,length_exceeds_openberg_maximum
2,2019-09-25,-68.5584,72.1911,ASCAT,53708.0,35188.0,False,False,False,False,length_exceeds_openberg_maximum
3,2019-09-26,-68.55,72.1255,ASCAT,53708.0,35188.0,False,False,False,False,length_exceeds_openberg_maximum
4,2019-09-27,-68.55,72.1255,ASCAT,53708.0,35188.0,False,False,False,False,length_exceeds_openberg_maximum
5,2019-09-28,-68.55,72.1255,ASCAT,0.0,0.0,False,False,False,False,length_below_openberg_minimum
6,2019-09-29,-68.4808,72.1607,ASCAT,0.0,0.0,False,False,False,False,length_below_openberg_minimum
7,2019-09-30,-68.4808,72.1607,ASCAT,0.0,0.0,False,False,False,False,length_below_openberg_minimum
8,2019-10-01,-68.416,72.1041,ASCAT,0.0,0.0,False,False,False,False,length_below_openberg_minimum
9,2019-10-02,-68.4119,71.9944,ASCAT,0.0,0.0,False,False,False,False,length_below_openberg_minimum
10,2019-10-03,-68.4119,71.9944,ASCAT,0.0,0.0,False,False,False,False,length_below_openberg_minimum
11,2019-10-04,-68.395,71.854,ASCAT,53708.0,35188.0,False,False,False,False,length_exceeds_openberg_maximum
12,2019-10-05,-68.3643,71.8101,ASCAT,0.0,0.0,False,False,False,False,length_below_openberg_minimum
13,2019-10-06,-68.3427,71.6323,ASCAT,0.0,0.0,False,False,False,False,length_below_openberg_minimum
14,2019-10-07,-68.3427,71.6323,ASCAT,0.0,0.0,False,False,False,False,length_below_openberg_minimum
15,2019-10-08,-68.3394,71.606,ASCAT,0.0,0.0,False,False,False,False,length_below_openberg_minimum
16,2019-10-09,-68.3383,71.4937,ASCAT,0.0,0.0,False,False,False,False,length_below_openberg_minimum
17,2019-10-10,-68.3257,71.392,ASCAT,0.0,0.0,False,False,False,False,length_below_openberg_minimum
18,2019-10-11,-68.3257,71.392,ASCAT,0.0,0.0,False,False,False,False,length_below_openberg_minimum
19,2019-10-12,-68.2969,71.2631,ASCAT,0.0,0.0,False,False,False,False,length_below_openberg_minimum
20,2019-10-13,-68.2841,71.1616,ASCAT,0.0,0.0,False,False,False,False,length_below_openberg_minimum
21,2019-10-14,-68.2712,71.0603,ASCAT,0.0,0.0,False,False,False,False,length_below_openberg_minimum
22,2019-10-15,-68.2712,71.0603,ASCAT,0.0,0.0,False,False,False,False,length_below_openberg_minimum
23,2019-10-16,-68.2679,71.0341,ASCAT,0.0,0.0,False,False,False,False,length_below_openberg_minimum
24,2019-10-17,-68.2679,71.0341,ASCAT,0.0,0.0,False,False,False,False,length_below_openberg_minimum
25,2019-10-18,-68.2679,71.0341,ASCAT,0.0,0.0,False,False,False,False,length_below_openberg_minimum
26,2019-10-19,-68.2679,71.0341,ASCAT,0.0,0.0,False,False,False,False,length_below_openberg_minimum
27,2019-10-20,-68.2679,71.0341,ASCAT,0.0,0.0,False,False,False,False,length_below_openberg_minimum
28,2019-10-21,-68.2679,71.0341,ASCAT,0.0,0.0,False,False,False,False,length_below_openberg_minimum
29,2019-10-22,-68.2679,71.0341,ASCAT,0.0,0.0,False,False,False,False,length_below_openberg_minimum
30,2019-10-23,-68.2679,71.0341,ASCAT,0.0,0.0,False,False,False,False,length_below_openberg_minimum
31,2019-10-24,-68.2745,70.986,ASCAT,0.0,0.0,False,False,False,False,length_below_openberg_minimum
32,2019-10-25,-68.2142,71.0127,ASCAT,0.0,0.0,False,False,False,False,length_below_openberg_minimum
33,2019-10-26,-68.2142,71.0127,ASCAT,0.0,0.0,False,False,False,False,length_below_openberg_minimum
34,2019-10-27,-68.2142,71.0127,ASCAT,0.0,0.0,False,False,False,False,length_below_openberg_minimum
35,2019-10-28,-68.2531,70.9766,ASCAT,0.0,0.0,False,False,False,False,length_below_openberg_minimum
36,2019-10-29,-68.2531,70.9766,ASCAT,0.0,0.0,False,False,False,False,length_below_openberg_minimum
37,2019-10-30,-68.2531,70.9766,ASCAT,0.0,0.0,False,False,False,False,length_below_openberg_minimum
38,2019-10-31,-68.2531,70.9766,ASCAT,0.0,0.0,False,False,False,False,length_below_openberg_minimum
39,2019-11-01,-68.2531,70.9766,ASCAT,0.0,0.0,False,False,False,False,length_below_openberg_minimum
40,2019-11-02,-68.2531,70.9766,ASCAT,0.0,0.0,False,False,False,False,length_below_openberg_minimum
41,2019-11-03,-68.2531,70.9766,ASCAT,0.0,0.0,False,False,False,False,length_below_openberg_minimum
42,2019-11-04,-68.2531,70.9766,ASCAT,0.0,0.0,False,False,False,False,length_below_openberg_minimum
43,2019-11-05,-68.2531,70.9766,ASCAT,0.0,0.0,False,False,False,False,length_below_openberg_minimum
44,2019-11-06,-68.2531,70.9766,ASCAT,0.0,0.0,False,False,False,False,length_below_openberg_minimum
45,2019-11-07,-68.2531,70.9766,ASCAT,0.0,0.0,False,False,False,False,length_below_openberg_minimum
46,2019-11-08,-68.2531,70.9766,ASCAT,53708.0,35188.0,False,False,False,False,length_exceeds_openberg_maximum
47,2019-11-09,-68.2531,70.9766,ASCAT,0.0,0.0,False,False,False,False,length_below_openberg_minimum
48,2019-11-10,-68.2531,70.9766,ASCAT,0.0,0.0,False,False,False,False,length_below_openberg_minimum
49,2019-11-11,-68.2531,70.9766,ASCAT,0.0,0.0,False,False,False,False,length_below_openberg_minimum
50,2019-11-12,-68.2531,70.9766,ASCAT,0.0,0.0,False,False,False,False,length_below_openberg_minimum
51,2019-11-13,-68.2531,70.9766,ASCAT,0.0,0.0,False,False,False,False,length_below_openberg_minimum
52,2019-11-14,-68.2531,70.9766,ASCAT,0.0,0.0,False,False,False,False,length_below_openberg_minimum
53,2019-11-15,-68.2531,70.9766,ASCAT,53708.0,35188.0,False,False,False,False,length_exceeds_openberg_maximum
54,2019-11-16,-68.2531,70.9766,ASCAT,0.0,0.0,False,False,False,False,length_below_openberg_minimum
55,2019-11-17,-68.2531,70.9766,ASCAT,0.0,0.0,False,False,False,False,length_below_openberg_minimum
56,2019-11-18,-68.2531,70.9766,ASCAT,0.0,0.0,False,False,False,False,length_below_openberg_minimum
57,2019-11-19,-68.2531,70.9766,ASCAT,0.0,0.0,False,False,False,False,length_below_openberg_minimum
58,2019-11-20,-68.2441,70.9482,ASCAT,0.0,0.0,False,False,False,False,length_below_openberg_minimum
59,2019-11-21,-68.2241,70.9198,ASCAT,0.0,0.0,False,False,False,False,length_below_openberg_minimum
60,2019-11-22,-68.1713,70.9491,ASCAT,53708.0,35188.0,False,False,False,False,length_exceeds_openberg_maximum
61,2019-11-23,-68.1296,70.9783,ASCAT,0.0,0.0,False,False,False,False,length_below_openberg_minimum
62,2019-11-24,-68.1296,70.9783,ASCAT,0.0,0.0,False,False,False,False,length_below_openberg_minimum
63,2019-11-25,-68.1296,70.9783,ASCAT,0.0,0.0,False,False,False,False,length_below_openberg_minimum
64,2019-11-26,-68.1636,70.9886,ASCAT,0.0,0.0,False,False,False,False,length_below_openberg_minimum
65,2019-11-27,-68.1976,70.9989,ASCAT,0.0,0.0,False,False,False,False,length_below_openberg_minimum
66,2019-11-28,-68.1976,70.9989,ASCAT,0.0,0.0,False,False,False,False,length_below_openberg_minimum
67,2019-11-29,-68.1976,70.9989,ASCAT,53708.0,35188.0,False,False,False,False,length_exceeds_openberg_maximum
68,2019-11-30,-68.1976,70.9989,ASCAT,0.0,0.0,False,False,False,False,length_below_openberg_minimum
69,2019-12-01,-68.1976,70.9989,ASCAT,0.0,0.0,False,False,False,False,length_below_openberg_minimum
70,2019-12-02,-68.1978,70.9715,ASCAT,0.0,0.0,False,False,False,False,length_below_openberg_minimum
71,2019-12-03,-68.198,70.9441,ASCAT,0.0,0.0,False,False,False,False,length_below_openberg_minimum
72,2019-12-04,-68.198,70.9441,ASCAT,0.0,0.0,False,False,False,False,length_below_openberg_minimum
73,2019-12-05,-68.198,70.9441,ASCAT,0.0,0.0,False,False,False,False,length_below_openberg_minimum
74,2019-12-06,-68.198,70.9441,ASCAT,53708.0,35188.0,False,False,False,False,length_exceeds_openberg_maximum
75,2019-12-07,-68.198,70.9441,ASCAT,0.0,0.0,False,False,False,False,length_below_openberg_minimum
76,2019-12-08,-68.198,70.9441,ASCAT,0.0,0.0,False,False,False,False,length_below_openberg_minimum
77,2019-12-09,-68.198,70.9441,ASCAT,0.0,0.0,False,False,False,False,length_below_openberg_minimum
78,2019-12-10,-68.1945,71.0164,ASCAT,0.0,0.0,False,False,False,False,length_below_openberg_minimum
79,2019-12-11,-68.191,71.0886,ASCAT,0.0,0.0,False,False,False,False,length_below_openberg_minimum
80,2019-12-12,-68.191,71.0886,ASCAT,0.0,0.0,False,False,False,False,length_below_openberg_minimum
81,2019-12-13,-68.191,71.0886,ASCAT,53708.0,35188.0,False,False,False,False,length_exceeds_openberg_maximum
82,2019-12-14,-68.191,71.0886,ASCAT,0.0,0.0,False,False,False,False,length_below_openberg_minimum
83,2019-12-15,-68.191,71.0886,ASCAT,0.0,0.0,False,False,False,False,length_below_openberg_minimum
84,2019-12-16,-68.191,71.0886,ASCAT,0.0,0.0,False,False,False,False,length_below_openberg_minimum
85,2019-12-17,-68.191,71.0886,ASCAT,0.0,0.0,False,False,False,False,length_below_openberg_minimum
86,2019-12-18,-68.1701,71.0744,ASCAT,0.0,0.0,False,False,False,False,length_below_openberg_minimum
87,2019-12-19,-68.1491,71.0602,ASCAT,0.0,0.0,False,False,False,False,length_below_openberg_minimum
88,2019-12-20,-68.1491,71.0602,ASCAT,53708.0,35188.0,False,False,False,False,length_exceeds_openberg_maximum
89,2019-12-21,-68.1491,71.0602,ASCAT,0.0,0.0,False,False,False,False,length_below_openberg_minimum
90,2019-12-22,-68.1491,71.0602,ASCAT,0.0,0.0,False,False,False,False,length_below_openberg_minimum
91,2019-12-23,-68.1491,71.0602,ASCAT,0.0,0.0,False,False,False,False,length_below_openberg_minimum
92,2019-12-24,-68.1491,71.0602,ASCAT,0.0,0.0,False,False,False,False,length_below_openberg_minimum
93,2019-12-25,-68.1491,71.0602,ASCAT,0.0,0.0,False,False,False,False,length_below_openberg_minimum
94,2019-12-26,-68.1491,71.0602,ASCAT,0.0,0.0,False,False,False,False,length_below_openberg_minimum
95,2019-12-27,-68.1491,71.0602,ASCAT,53708.0,35188.0,False,False,False,False,length_exceeds_openberg_maximum
96,2019-12-28,-68.1491,71.0602,ASCAT,0.0,0.0,False,False,False,False,length_below_openberg_minimum
97,2019-12-29,-68.1491,71.0602,ASCAT,0.0,0.0,False,False,False,False,length_below_openberg_minimum
98,2019-12-30,-68.1491,71.0602,ASCAT,0.0,0.0,False,False,False,False,length_below_openberg_minimum
99,2019-12-31,-68.1491,71.0602,ASCAT,0.0,0.0,False,False,False,False,length_below_openberg_minimum
100,2020-01-01,-68.1491,71.0602,ASCAT,0.0,0.0,False,False,False,False,length_below_openberg_minimum
101,2020-01-02,-68.1083,71.0687,ASCAT,0.0,0.0,False,False,False,False,length_below_openberg_minimum
102,2020-01-03,-68.0892,71.0819,ASCAT,53708.0,35188.0,False,False,False,False,length_exceeds_openberg_maximum
103,2020-01-04,-68.0759,71.0963,ASCAT,0.0,0.0,False,False,False,False,length_below_openberg_minimum
104,2020-01-05,-68.0708,71.1031,ASCAT,0.0,0.0,False,False,False,False,length_below_openberg_minimum
105,2020-01-06,-68.0708,71.1031,ASCAT,0.0,0.0,False,False,False,False,length_below_openberg_minimum
106,2020-01-07,-68.0611,71.112,ASCAT,0.0,0.0,False,False,False,False,length_below_openberg_minimum
107,2020-01-08,-68.043,71.1285,ASCAT,0.0,0.0,False,False,False,False,length_below_openberg_minimum
108,2020-01-09,-68.0333,71.1374,ASCAT,0.0,0.0,False,False,False,False,length_below_openberg_minimum
109,2020-01-10,-68.0333,71.1374,ASCAT,53708.0,35188.0,False,False,False,False,length_exceeds_openberg_maximum
110,2020-01-11,-68.0333,71.1374,ASCAT,0.0,0.0,False,False,False,False,length_below_openberg_minimum
111,2020-01-12,-68.0333,71.1374,ASCAT,0.0,0.0,False,False,False,False,length_below_openberg_minimum
112,2020-01-13,-68.0333,71.1374,ASCAT,0.0,0.0,False,False,False,False,length_below_openberg_minimum
113,2020-01-14,-68.0333,71.1374,ASCAT,0.0,0.0,False,False,False,False,length_below_openberg_minimum
114,2020-01-15,-68.0135,71.1447,ASCAT,0.0,0.0,False,False,False,False,length_below_openberg_minimum
115,2020-01-16,-67.9766,71.1583,ASCAT,0.0,0.0,False,False,False,False,length_below_openberg_minimum
116,2020-01-17,-67.9568,71.1656,ASCAT,53708.0,35188.0,False,False,False,False,length_exceeds_openberg_maximum
117,2020-01-18,-67.9568,71.1656,ASCAT,0.0,0.0,False,False,False,False,length_below_openberg_minimum
118,2020-01-19,-67.9568,71.1656,ASCAT,0.0,0.0,False,False,False,False,length_below_openberg_minimum
119,2020-01-20,-67.9568,71.1656,ASCAT,0.0,0.0,False,False,False,False,length_below_openberg_minimum
120,2020-01-21,-67.9568,71.1656,ASCAT,0.0,0.0,False,False,False,False,length_below_openberg_minimum
121,2020-01-22,-67.9288,71.2034,ASCAT,0.0,0.0,False,False,False,False,length_below_openberg_minimum
122,2020-01-23,-67.9072,71.2206,ASCAT,0.0,0.0,False,False,False,False,length_below_openberg_minimum
123,2020-01-24,-67.8882,71.2325,ASCAT,53708.0,35188.0,False,False,False,False,length_exceeds_openberg_maximum
124,2020-01-25,-67.8685,71.2579,ASCAT,0.0,0.0,False,False,False,False,length_below_openberg_minimum
125,2020-01-26,-67.8464,71.4419,ASCAT,0.0,0.0,False,False,False,False,length_below_openberg_minimum
126,2020-01-27,-67.8464,71.4419,ASCAT,0.0,0.0,False,False,False,False,length_below_openberg_minimum
127,2020-01-28,-67.8464,71.4419,ASCAT,0.0,0.0,False,False,False,False,length_below_openberg_minimum
128,2020-01-29,-67.8464,71.4419,ASCAT,0.0,0.0,False,False,False,False,length_below_openberg_minimum
129,2020-01-30,-67.8464,71.4419,ASCAT,0.0,0.0,False,False,False,False,length_below_openberg_minimum
130,2020-01-31,-67.8391,71.4724,ASCAT,53708.0,35188.0,False,False,False,False,length_exceeds_openberg_maximum
131,2020-02-01,-67.821,71.5344,ASCAT,0.0,0.0,False,False,False,False,length_below_openberg_minimum
132,2020-02-02,-67.7972,71.5837,ASCAT,0.0,0.0,False,False,False,False,length_below_openberg_minimum
133,2020-02-03,-67.7582,71.6056,ASCAT,0.0,0.0,False,False,False,False,length_below_openberg_minimum
134,2020-02-04,-67.7498,71.6595,ASCAT,0.0,0.0,False,False,False,False,length_below_openberg_minimum
135,2020-02-05,-67.7456,71.737,ASCAT,0.0,0.0,False,False,False,False,length_below_openberg_minimum
136,2020-02-06,-67.7375,71.803,ASCAT,0.0,0.0,False,False,False,False,length_below_openberg_minimum
137,2020-02-07,-67.7046,71.8438,ASCAT,53708.0,35188.0,False,False,False,False,length_exceeds_openberg_maximum
138,2020-02-08,-67.6831,71.8605,ASCAT,0.0,0.0,False,False,False,False,length_below_openberg_minimum
139,2020-02-09,-67.6659,71.8713,ASCAT,0.0,0.0,False,False,False,False,length_below_openberg_minimum
140,2020-02-10,-67.6522,71.8889,ASCAT,0.0,0.0,False,False,False,False,length_below_openberg_minimum
141,2020-02-11,-67.642,71.9382,ASCAT,0.0,0.0,False,False,False,False,length_below_openberg_minimum
142,2020-02-12,-67.6322,71.9767,ASCAT,0.0,0.0,False,False,False,False,length_below_openberg_minimum
143,2020-02-13,-67.6228,72.0124,ASCAT,0.0,0.0,False,False,False,False,length_below_openberg_minimum
144,2020-02-14,-67.6105,72.0388,ASCAT,53708.0,35188.0,False,False,False,False,length_exceeds_openberg_maximum
145,2020-02-15,-67.5925,72.0491,ASCAT,0.0,0.0,False,False,False,False,length_below_openberg_minimum
146,2020-02-16,-67.547,72.0474,ASCAT,0.0,0.0,False,False,False,False,length_below_openberg_minimum
147,2020-02-17,-67.5093,72.0792,ASCAT,0.0,0.0,False,False,False,False,length_below_openberg_minimum
148,2020-02-18,-67.4716,72.0956,ASCAT,0.0,0.0,False,False,False,False,length_below_openberg_minimum
149,2020-02-19,-67.4338,72.1069,ASCAT,0.0,0.0,False,False,False,False,length_below_openberg_minimum
150,2020-02-20,-67.3978,72.1176,ASCAT,0.0,0.0,False,False,False,False,length_below_openberg_minimum
151,2020-02-21,-67.3658,72.1317,ASCAT,53708.0,35188.0,False,False,False,False,length_exceeds_openberg_maximum
152,2020-02-22,-67.3396,72.1536,ASCAT,0.0,0.0,False,False,False,False,length_below_openberg_minimum
153,2020-02-23,-67.3396,72.1536,ASCAT,0.0,0.0,False,False,False,False,length_below_openberg_minimum
154,2020-02-24,-67.3351,72.1742,ASCAT,0.0,0.0,False,False,False,False,length_below_openberg_minimum
155,2020-02-25,-67.3252,72.2195,ASCAT,0.0,0.0,False,False,False,False,length_below_openberg_minimum
156,2020-02-26,-67.3152,72.2647,ASCAT,0.0,0.0,False,False,False,False,length_below_openberg_minimum
157,2020-02-27,-67.3107,72.2853,ASCAT,0.0,0.0,False,False,False,False,length_below_openberg_minimum
158,2020-02-28,-67.3107,72.2853,ASCAT,53708.0,35188.0,False,False,False,False,length_exceeds_openberg_maximum
159,2020-02-29,-67.3107,72.2853,ASCAT,0.0,0.0,False,False,False,False,length_below_openberg_minimum
160,2020-03-01,-67.3052,72.342,ASCAT,0.0,0.0,False,False,False,False,length_below_openberg_minimum
161,2020-03-02,-67.2932,72.4666,ASCAT,0.0,0.0,False,False,False,False,length_below_openberg_minimum
162,2020-03-03,-67.2812,72.5912,ASCAT,0.0,0.0,False,False,False,False,length_below_openberg_minimum
163,2020-03-04,-67.2757,72.6479,ASCAT,0.0,0.0,False,False,False,False,length_below_openberg_minimum
164,2020-03-05,-67.2757,72.6479,ASCAT,0.0,0.0,False,False,False,False,length_below_openberg_minimum
165,2020-03-06,-67.2943,72.7281,ASCAT,53708.0,35188.0,False,False,False,False,length_exceeds_openberg_maximum
166,2020-03-07,-67.304,72.8437,ASCAT,0.0,0.0,False,False,False,False,length_below_openberg_minimum
167,2020-03-08,-67.3118,72.9828,ASCAT,0.0,0.0,False,False,False,False,length_below_openberg_minimum
168,2020-03-09,-67.3171,73.0998,ASCAT,0.0,0.0,False,False,False,False,length_below_openberg_minimum
169,2020-03-10,-67.319,73.1489,ASCAT,0.0,0.0,False,False,False,False,length_below_openberg_minimum
170,2020-03-11,-67.319,73.1489,ASCAT,0.0,0.0,False,False,False,False,length_below_openberg_minimum
171,2020-03-12,-67.3449,73.2635,ASCAT,0.0,0.0,False,False,False,False,length_below_openberg_minimum
172,2020-03-13,-67.3517,73.3488,ASCAT,53708.0,35188.0,False,False,False,False,length_exceeds_openberg_maximum
173,2020-03-14,-67.3565,73.4267,ASCAT,0.0,0.0,False,False,False,False,length_below_openberg_minimum
174,2020-03-15,-67.3593,73.4835,ASCAT,0.0,0.0,False,False,False,False,length_below_openberg_minimum
175,2020-03-16,-67.3602,73.5055,ASCAT,0.0,0.0,False,False,False,False,length_below_openberg_minimum
176,2020-03-17,-67.3602,73.5055,ASCAT,0.0,0.0,False,False,False,False,length_below_openberg_minimum
177,2020-03-18,-67.3442,73.5851,ASCAT,0.0,0.0,False,False,False,False,length_below_openberg_minimum
178,2020-03-19,-67.3264,73.5814,ASCAT,0.0,0.0,False,False,False,False,length_below_openberg_minimum
179,2020-03-20,-67.3075,73.5733,ASCAT,53708.0,35188.0,False,False,False,False,length_exceeds_openberg_maximum
180,2020-03-21,-67.2888,73.5651,ASCAT,0.0,0.0,False,False,False,False,length_below_openberg_minimum
181,2020-03-22,-67.2716,73.5614,ASCAT,0.0,0.0,False,False,False,False,length_below_openberg_minimum
182,2020-03-23,-67.2567,73.5728,ASCAT,0.0,0.0,False,False,False,False,length_below_openberg_minimum
183,2020-03-24,-67.223,73.7166,ASCAT,0.0,0.0,False,False,False,False,length_below_openberg_minimum
184,2020-03-25,-67.1911,73.7845,ASCAT,0.0,0.0,False,False,False,False,length_below_openberg_minimum
185,2020-03-26,-67.16,73.8359,ASCAT,0.0,0.0,False,False,False,False,length_below_openberg_minimum
186,2020-03-27,-67.1315,73.8728,ASCAT,53708.0,35188.0,False,False,False,False,length_exceeds_openberg_maximum
187,2020-03-28,-67.1073,73.8972,ASCAT,0.0,0.0,False,False,False,False,length_below_openberg_minimum
188,2020-03-29,-67.0891,73.9107,ASCAT,0.0,0.0,False,False,False,False,length_below_openberg_minimum
189,2020-03-30,-67.0891,73.9107,ASCAT,0.0,0.0,False,False,False,False,length_below_openberg_minimum
190,2020-03-31,-67.0832,73.9363,ASCAT,0.0,0.0,False,False,False,False,length_below_openberg_minimum
191,2020-04-01,-67.068,73.9928,ASCAT,0.0,0.0,False,False,False,False,length_below_openberg_minimum
192,2020-04-02,-67.0473,74.0492,ASCAT,0.0,0.0,False,False,False,False,length_below_openberg_minimum
193,2020-04-03,-67.0252,74.0748,ASCAT,53708.0,35188.0,False,False,False,False,length_exceeds_openberg_maximum
194,2020-04-04,-66.9969,74.0448,ASCAT,0.0,0.0,False,False,False,False,length_below_openberg_minimum
195,2020-04-05,-66.9589,74.0725,ASCAT,0.0,0.0,False,False,False,False,length_below_openberg_minimum
196,2020-04-06,-66.9264,74.0496,ASCAT,0.0,0.0,False,False,False,False,length_below_openberg_minimum
197,2020-04-07,-66.8969,73.9952,ASCAT,0.0,0.0,False,False,False,False,length_below_openberg_minimum
198,2020-04-08,-66.8673,73.9304,ASCAT,0.0,0.0,False,False,False,False,length_below_openberg_minimum
199,2020-04-09,-66.8348,73.8764,ASCAT,0.0,0.0,False,False,False,False,length_below_openberg_minimum
200,2020-04-10,-66.7967,73.8388,ASCAT,53708.0,35188.0,False,False,False,False,length_exceeds_openberg_maximum
201,2020-04-11,-66.7478,73.7707,ASCAT,0.0,0.0,False,False,False,False,length_below_openberg_minimum
202,2020-04-12,-66.7167,73.7159,ASCAT,0.0,0.0,False,False,False,False,length_below_openberg_minimum
203,2020-04-13,-66.6928,73.6688,ASCAT,0.0,0.0,False,False,False,False,length_below_openberg_minimum
204,2020-04-14,-66.6691,73.615,ASCAT,0.0,0.0,False,False,False,False,length_below_openberg_minimum
205,2020-04-15,-66.6388,73.5399,ASCAT,0.0,0.0,False,False,False,False,length_below_openberg_minimum
206,2020-04-16,-66.5929,73.3938,ASCAT,0.0,0.0,False,False,False,False,length_below_openberg_minimum
207,2020-04-17,-66.5625,73.2748,ASCAT,53708.0,35188.0,False,False,False,False,length_exceeds_openberg_maximum
208,2020-04-18,-66.5312,73.2011,ASCAT,0.0,0.0,False,False,False,False,length_below_openberg_minimum
209,2020-04-19,-66.499,73.1448,ASCAT,0.0,0.0,False,False,False,False,length_below_openberg_minimum
210,2020-04-20,-66.4704,73.0908,ASCAT,0.0,0.0,False,False,False,False,length_below_openberg_minimum
211,2020-04-21,-66.4498,73.0239,ASCAT,0.0,0.0,False,False,False,False,length_below_openberg_minimum
212,2020-04-22,-66.4382,72.9296,ASCAT,0.0,0.0,False,False,False,False,length_below_openberg_minimum
213,2020-04-23,-66.4238,72.914,ASCAT,0.0,0.0,False,False,False,False,length_below_openberg_minimum
214,2020-04-24,-66.411,72.858,ASCAT,53708.0,35188.0,False,False,False,False,length_exceeds_openberg_maximum
215,2020-04-25,-66.3993,72.7542,ASCAT,0.0,0.0,False,False,False,False,length_below_openberg_minimum
216,2020-04-26,-66.3861,72.6283,ASCAT,0.0,0.0,False,False,False,False,length_below_openberg_minimum
217,2020-04-27,-66.3692,72.5062,ASCAT,0.0,0.0,False,False,False,False,length_below_openberg_minimum
218,2020-04-28,-66.3415,72.3869,ASCAT,0.0,0.0,False,False,False,False,length_below_openberg_minimum
219,2020-04-29,-66.339,72.1714,ASCAT,0.0,0.0,False,False,False,False,length_below_openberg_minimum
220,2020-04-30,-66.3392,72.0248,ASCAT,0.0,0.0,False,False,False,False,length_below_openberg_minimum
221,2020-05-01,-66.3398,71.8982,ASCAT,53708.0,35188.0,False,False,False,False,length_exceeds_openberg_maximum
222,2020-05-02,-66.3404,71.8009,ASCAT,0.0,0.0,False,False,False,False,length_below_openberg_minimum
223,2020-05-03,-66.3406,71.7422,ASCAT,0.0,0.0,False,False,False,False,length_below_openberg_minimum
224,2020-05-04,-66.3246,71.717,ASCAT,0.0,0.0,False,False,False,False,length_below_openberg_minimum
225,2020-05-05,-66.3417,71.5612,ASCAT,0.0,0.0,False,False,False,False,length_below_openberg_minimum
226,2020-05-06,-66.363,71.4173,ASCAT,0.0,0.0,False,False,False,False,length_below_openberg_minimum
227,2020-05-07,-66.3871,71.2812,ASCAT,0.0,0.0,False,False,False,False,length_below_openberg_minimum
228,2020-05-08,-66.4113,71.1302,ASCAT,53708.0,35188.0,False,False,False,False,length_exceeds_openberg_maximum
229,2020-05-09,-66.4329,70.9417,ASCAT,0.0,0.0,False,False,False,False,length_below_openberg_minimum
230,2020-05-10,-66.4506,70.6519,ASCAT,0.0,0.0,False,False,False,False,length_below_openberg_minimum
231,2020-05-11,-66.463,70.4435,ASCAT,0.0,0.0,False,False,False,False,length_below_openberg_minimum
232,2020-05-12,-66.5024,70.258,ASCAT,0.0,0.0,False,False,False,False,length_below_openberg_minimum
233,2020-05-13,-66.5685,70.0799,ASCAT,0.0,0.0,False,False,False,False,length_below_openberg_minimum
234,2020-05-14,-66.6374,69.9307,ASCAT,0.0,0.0,False,False,False,False,length_below_openberg_minimum
235,2020-05-15,-66.6852,69.832,ASCAT,53708.0,35188.0,False,False,False,False,length_exceeds_openberg_maximum
236,2020-05-16,-66.7074,69.7839,ASCAT,0.0,0.0,False,False,False,False,length_below_openberg_minimum
237,2020-05-17,-66.7412,69.7524,ASCAT,0.0,0.0,False,False,False,False,length_below_openberg_minimum
238,2020-05-18,-66.7857,69.6154,ASCAT,0.0,0.0,False,False,False,False,length_below_openberg_minimum
239,2020-05-19,-66.8372,69.3421,ASCAT,0.0,0.0,False,False,False,False,length_below_openberg_minimum
240,2020-05-20,-66.8797,68.992,ASCAT,0.0,0.0,False,False,False,False,length_below_openberg_minimum
241,2020-05-21,-66.8974,68.625,ASCAT,0.0,0.0,False,False,False,False,length_below_openberg_minimum
242,2020-05-22,-66.86,68.1943,ASCAT,53708.0,35188.0,False,False,False,False,length_exceeds_openberg_maximum
243,2020-05-23,-66.9259,68.0147,ASCAT,0.0,0.0,False,False,False,False,length_below_openberg_minimum
244,2020-05-24,-66.9235,67.8876,ASCAT,0.0,0.0,False,False,False,False,length_below_openberg_minimum
245,2020-05-25,-66.9164,67.7836,ASCAT,0.0,0.0,False,False,False,False,length_below_openberg_minimum
246,2020-05-26,-66.9053,67.6817,ASCAT,0.0,0.0,False,False,False,False,length_below_openberg_minimum
247,2020-05-27,-66.8904,67.5607,ASCAT,0.0,0.0,False,False,False,False,length_below_openberg_minimum
248,2020-05-28,-66.8513,67.4005,ASCAT,0.0,0.0,False,False,False,False,length_below_openberg_minimum
249,2020-05-29,-66.8597,67.2144,ASCAT,53708.0,35188.0,False,False,False,False,length_exceeds_openberg_maximum
250,2020-05-30,-66.8437,67.0719,ASCAT,0.0,0.0,False,False,False,False,length_below_openberg_minimum
251,2020-05-31,-66.8085,66.9518,ASCAT,0.0,0.0,False,False,False,False,length_below_openberg_minimum
252,2020-06-01,-66.7733,66.8243,ASCAT,0.0,0.0,False,False,False,False,length_below_openberg_minimum
253,2020-06-02,-66.7573,66.6596,ASCAT,0.0,0.0,False,False,False,False,length_below_openberg_minimum
254,2020-06-03,-66.7608,66.3975,ASCAT,0.0,0.0,False,False,False,False,length_below_openberg_minimum
255,2020-06-04,-66.756,66.1967,ASCAT,0.0,0.0,False,False,False,False,length_below_openberg_minimum
256,2020-06-05,-66.7506,65.9419,ASCAT,53708.0,35188.0,False,False,False,False,length_exceeds_openberg_maximum
257,2020-06-06,-66.7448,65.6514,ASCAT,0.0,0.0,False,False,False,False,length_below_openberg_minimum
258,2020-06-07,-66.7402,65.3716,ASCAT,0.0,0.0,False,False,False,False,length_below_openberg_minimum
259,2020-06-08,-66.7383,65.1492,ASCAT,0.0,0.0,False,False,False,False,length_below_openberg_minimum
260,2020-06-09,-66.7455,65.0022,ASCAT,0.0,0.0,False,False,False,False,length_below_openberg_minimum
261,2020-06-10,-66.7385,64.8717,ASCAT,0.0,0.0,False,False,False,False,length_below_openberg_minimum
262,2020-06-11,-66.7239,64.812,ASCAT,0.0,0.0,False,False,False,False,length_below_openberg_minimum
263,2020-06-12,-66.7021,64.7651,ASCAT,53708.0,35188.0,False,False,False,False,length_exceeds_openberg_maximum
264,2020-06-13,-66.6774,64.7344,ASCAT,0.0,0.0,False,False,False,False,length_below_openberg_minimum
265,2020-06-14,-66.6539,64.7234,ASCAT,0.0,0.0,False,False,False,False,length_below_openberg_minimum
266,2020-06-15,-66.6323,64.7492,ASCAT,0.0,0.0,False,False,False,False,length_below_openberg_minimum
267,2020-06-16,-66.6149,64.6069,ASCAT,0.0,0.0,False,False,False,False,length_below_openberg_minimum
268,2020-06-17,-66.6149,64.6069,ASCAT,0.0,0.0,False,False,False,False,length_below_openberg_minimum
269,2020-06-18,-66.6149,64.6069,ASCAT,0.0,0.0,False,False,False,False,length_below_openberg_minimum
270,2020-06-19,-66.6149,64.6069,ASCAT,53708.0,35188.0,False,False,False,False,length_exceeds_openberg_maximum
271,2020-06-20,-66.6149,64.6069,ASCAT,0.0,0.0,False,False,False,False,length_below_openberg_minimum
272,2020-06-21,-66.6552,64.0515,ASCAT,0.0,0.0,False,False,False,False,length_below_openberg_minimum
273,2020-06-22,-66.6327,63.9237,ASCAT,0.0,0.0,False,False,False,False,length_below_openberg_minimum
274,2020-06-23,-66.613,63.6519,ASCAT,0.0,0.0,False,False,False,False,length_below_openberg_minimum
275,2020-06-24,-66.5938,63.252,ASCAT,0.0,0.0,False,False,False,False,length_below_openberg_minimum
276,2020-06-25,-66.5793,62.832,ASCAT,0.0,0.0,False,False,False,False,length_below_openberg_minimum
277,2020-06-26,-66.5735,62.4998,ASCAT,53708.0,35188.0,False,False,False,False,length_exceeds_openberg_maximum
278,2020-06-27,-66.6051,62.2885,ASCAT,0.0,0.0,False,False,False,False,length_below_openberg_minimum
279,2020-06-28,-66.6051,62.2885,ASCAT,0.0,0.0,False,False,False,False,length_below_openberg_minimum
280,2020-06-29,-66.5914,62.2523,ASCAT,0.0,0.0,False,False,False,False,length_below_openberg_minimum
281,2020-06-30,-66.5612,62.1595,ASCAT,0.0,0.0,False,False,False,False,length_below_openberg_minimum
282,2020-07-01,-66.5309,62.0338,ASCAT,0.0,0.0,False,False,False,False,length_below_openberg_minimum
283,2020-07-02,-66.5172,61.8989,ASCAT,0.0,0.0,False,False,False,False,length_below_openberg_minimum
284,2020-07-03,-66.5213,61.7271,ASCAT,53708.0,35188.0,False,False,False,False,length_exceeds_openberg_maximum
285,2020-07-04,-66.4838,61.5532,ASCAT,0.0,0.0,False,False,False,False,length_below_openberg_minimum
286,2020-07-05,-66.4727,61.4355,ASCAT,0.0,0.0,False,False,False,False,length_below_openberg_minimum
287,2020-07-06,-66.4648,61.3405,ASCAT,0.0,0.0,False,False,False,False,length_below_openberg_minimum
288,2020-07-07,-66.4601,61.2512,ASCAT,0.0,0.0,False,False,False,False,length_below_openberg_minimum
289,2020-07-08,-66.4585,61.1506,ASCAT,0.0,0.0,False,False,False,False,length_below_openberg_minimum
290,2020-07-09,-66.555,61.0296,ASCAT,0.0,0.0,False,False,False,False,length_below_openberg_minimum
291,2020-07-10,-66.5601,60.8126,ASCAT,53708.0,35188.0,False,False,False,False,length_exceeds_openberg_maximum
292,2020-07-11,-66.5623,60.6628,ASCAT,0.0,0.0,False,False,False,False,length_below_openberg_minimum
293,2020-07-12,-66.5634,60.54,ASCAT,0.0,0.0,False,False,False,False,length_below_openberg_minimum
294,2020-07-13,-66.5649,60.4263,ASCAT,0.0,0.0,False,False,False,False,length_below_openberg_minimum
295,2020-07-14,-66.568,60.3041,ASCAT,0.0,0.0,False,False,False,False,length_below_openberg_minimum
296,2020-07-15,-66.5922,60.1679,ASCAT,0.0,0.0,False,False,False,False,length_below_openberg_minimum
297,2020-07-16,-66.5828,60.1519,ASCAT,0.0,0.0,False,False,False,False,length_below_openberg_minimum
298,2020-07-17,-66.5776,60.102,ASCAT,53708.0,35188.0,False,False,False,False,length_exceeds_openberg_maximum
299,2020-07-18,-66.5743,60.0151,ASCAT,0.0,0.0,False,False,False,False,length_below_openberg_minimum
300,2020-07-19,-66.5702,59.9148,ASCAT,0.0,0.0,False,False,False,False,length_below_openberg_minimum
301,2020-07-20,-66.5629,59.8245,ASCAT,0.0,0.0,False,False,False,False,length_below_openberg_minimum
302,2020-07-21,-66.5357,59.7497,ASCAT,0.0,0.0,False,False,False,False,length_below_openberg_minimum
303,2020-07-22,-66.5084,59.6327,ASCAT,0.0,0.0,False,False,False,False,length_below_openberg_minimum
304,2020-07-23,-66.4902,59.5249,ASCAT,0.0,0.0,False,False,False,False,length_below_openberg_minimum
305,2020-07-24,-66.4743,59.4178,ASCAT,53708.0,35188.0,False,False,False,False,length_exceeds_openberg_maximum
306,2020-07-25,-66.4629,59.3358,ASCAT,0.0,0.0,False,False,False,False,length_below_openberg_minimum
307,2020-07-26,-66.4586,59.3031,ASCAT,0.0,0.0,False,False,False,False,length_below_openberg_minimum
308,2020-07-27,-66.4586,59.3031,ASCAT,0.0,0.0,False,False,False,False,length_below_openberg_minimum
309,2020-07-28,-66.4614,59.2563,ASCAT,0.0,0.0,False,False,False,False,length_below_openberg_minimum
310,2020-07-29,-66.4614,59.2563,ASCAT,0.0,0.0,False,False,False,False,length_below_openberg_minimum
311,2020-07-30,-66.4614,59.2563,ASCAT,0.0,0.0,False,False,False,False,length_below_openberg_minimum
312,2020-07-31,-66.4614,59.2563,ASCAT,53708.0,35188.0,False,False,False,False,length_exceeds_openberg_maximum
313,2020-08-01,-66.4614,59.2563,ASCAT,0.0,0.0,False,False,False,False,length_below_openberg_minimum
314,2020-08-02,-66.4437,59.2402,ASCAT,0.0,0.0,False,False,False,False,length_below_openberg_minimum
315,2020-08-03,-66.4235,59.1556,ASCAT,0.0,0.0,False,False,False,False,length_below_openberg_minimum
316,2020-08-04,-66.425,59.1606,ASCAT,0.0,0.0,False,False,False,False,length_below_openberg_minimum
317,2020-08-05,-66.4284,59.1725,ASCAT,0.0,0.0,False,False,False,False,length_below_openberg_minimum
318,2020-08-06,-66.4317,59.186,ASCAT,0.0,0.0,False,False,False,False,length_below_openberg_minimum
319,2020-08-07,-66.4332,59.1964,ASCAT,53708.0,35188.0,False,False,False,False,length_exceeds_openberg_maximum
320,2020-08-08,-66.4207,59.2023,ASCAT,0.0,0.0,False,False,False,False,length_below_openberg_minimum
321,2020-08-09,-66.4132,59.171,ASCAT,0.0,0.0,False,False,False,False,length_below_openberg_minimum
322,2020-08-10,-66.412,59.147,ASCAT,0.0,0.0,False,False,False,False,length_below_openberg_minimum
323,2020-08-11,-66.4113,59.1249,ASCAT,0.0,0.0,False,False,False,False,length_below_openberg_minimum
324,2020-08-12,-66.4108,59.1087,ASCAT,0.0,0.0,False,False,False,False,length_below_openberg_minimum
325,2020-08-13,-66.4107,59.1024,ASCAT,0.0,0.0,False,False,False,False,length_below_openberg_minimum
326,2020-08-14,-66.4107,59.1024,ASCAT,53708.0,35188.0,False,False,False,False,length_exceeds_openberg_maximum
327,2020-08-15,-66.4107,59.1024,ASCAT,0.0,0.0,False,False,False,False,length_below_openberg_minimum
328,2020-08-16,-66.4047,59.1047,ASCAT,0.0,0.0,False,False,False,False,length_below_openberg_minimum
329,2020-08-17,-66.3916,59.1098,ASCAT,0.0,0.0,False,False,False,False,length_below_openberg_minimum
330,2020-08-18,-66.3784,59.1149,ASCAT,0.0,0.0,False,False,False,False,length_below_openberg_minimum
331,2020-08-19,-66.3724,59.1172,ASCAT,0.0,0.0,False,False,False,False,length_below_openberg_minimum
332,2020-08-20,-66.3724,59.1172,ASCAT,0.0,0.0,False,False,False,False,length_below_openberg_minimum
333,2020-08-21,-66.3464,59.0839,ASCAT,53708.0,35188.0,False,False,False,False,length_exceeds_openberg_maximum
334,2020-08-22,-66.3476,59.0864,ASCAT,0.0,0.0,False,False,False,False,length_below_openberg_minimum
335,2020-08-23,-66.3511,59.0919,ASCAT,0.0,0.0,False,False,False,False,length_below_openberg_minimum
336,2020-08-24,-66.3567,59.0973,ASCAT,0.0,0.0,False,False,False,False,length_below_openberg_minimum
337,2020-08-25,-66.3642,59.0998,ASCAT,0.0,0.0,False,False,False,False,length_below_openberg_minimum
338,2020-08-26,-66.3847,59.0692,ASCAT,0.0,0.0,False,False,False,False,length_below_openberg_minimum
339,2020-08-27,-66.3847,59.0692,ASCAT,0.0,0.0,False,False,False,False,length_below_openberg_minimum
340,2020-08-28,-66.3868,59.0661,ASCAT,53708.0,35188.0,False,False,False,False,length_exceeds_openberg_maximum
341,2020-08-29,-66.3914,59.0593,ASCAT,0.0,0.0,False,False,False,False,length_below_openberg_minimum
342,2020-08-30,-66.3959,59.0524,ASCAT,0.0,0.0,False,False,False,False,length_below_openberg_minimum
343,2020-08-31,-66.398,59.0493,ASCAT,0.0,0.0,False,False,False,False,length_below_openberg_minimum
344,2020-09-01,-66.398,59.0493,ASCAT,0.0,0.0,False,False,False,False,length_below_openberg_minimum
345,2020-09-02,-66.398,59.0493,ASCAT,0.0,0.0,False,False,False,False,length_below_openberg_minimum
346,2020-09-03,-66.3949,59.0264,ASCAT,0.0,0.0,False,False,False,False,length_below_openberg_minimum
347,2020-09-04,-66.3867,58.976,ASCAT,53708.0,35188.0,False,False,False,False,length_exceeds_openberg_maximum
348,2020-09-05,-66.3753,58.9256,ASCAT,0.0,0.0,False,False,False,False,length_below_openberg_minimum
349,2020-09-06,-66.3626,58.9027,ASCAT,0.0,0.0,False,False,False,False,length_below_openberg_minimum
350,2020-09-07,-66.3444,58.9429,ASCAT,0.0,0.0,False,False,False,False,length_below_openberg_minimum
351,2020-09-08,-66.3444,58.9429,ASCAT,0.0,0.0,False,False,False,False,length_below_openberg_minimum
352,2020-09-09,-66.3388,58.938,ASCAT,0.0,0.0,False,False,False,False,length_below_openberg_minimum
353,2020-09-10,-66.3266,58.9272,ASCAT,0.0,0.0,False,False,False,False,length_below_openberg_minimum
354,2020-09-11,-66.3144,58.9163,ASCAT,53708.0,35188.0,False,False,False,False,length_exceeds_openberg_maximum
355,2020-09-12,-66.3088,58.9114,ASCAT,0.0,0.0,False,False,False,False,length_below_openberg_minimum
356,2020-09-13,-66.3088,58.9114,ASCAT,0.0,0.0,False,False,False,False,length_below_openberg_minimum
357,2020-09-14,-66.2805,58.8691,ASCAT,0.0,0.0,False,False,False,False,length_below_openberg_minimum
358,2020-09-15,-66.2563,58.8334,ASCAT,0.0,0.0,False,False,False,False,length_below_openberg_minimum
359,2020-09-16,-66.2345,58.8017,ASCAT,0.0,0.0,False,False,False,False,length_below_openberg_minimum
360,2020-09-17,-66.2113,58.7653,ASCAT,0.0,0.0,False,False,False,False,length_below_openberg_minimum
361,2020-09-18,-66.1828,58.7154,ASCAT,53708.0,35188.0,False,False,False,False,length_exceeds_openberg_maximum
362,2020-09-19,-66.1416,58.6213,ASCAT,0.0,0.0,False,False,False,False,length_below_openberg_minimum
363,2020-09-20,-66.1211,58.3692,ASCAT,0.0,0.0,False,False,False,False,length_below_openberg_minimum
364,2020-09-21,-66.0873,58.2209,ASCAT,0.0,0.0,False,False,False,False,length_below_openberg_minimum
365,2020-09-22,-66.0422,58.1091,ASCAT,0.0,0.0,False,False,False,False,length_below_openberg_minimum
366,2020-09-23,-65.992,58.0066,ASCAT,0.0,0.0,False,False,False,False,length_below_openberg_minimum
367,2020-09-24,-65.9426,57.8863,ASCAT,0.0,0.0,False,False,False,False,length_below_openberg_minimum
368,2020-09-25,-65.8941,57.7332,ASCAT,53708.0,35188.0,False,False,False,False,length_exceeds_openberg_maximum
369,2020-09-26,-65.8979,57.584,ASCAT,0.0,0.0,False,False,False,False,length_below_openberg_minimum
370,2020-09-27,-65.8979,57.584,ASCAT,0.0,0.0,False,False,False,False,length_below_openberg_minimum
371,2020-09-28,-65.88,57.5675,ASCAT,0.0,0.0,False,False,False,False,length_below_openberg_minimum
372,2020-09-29,-65.8468,57.5369,ASCAT,0.0,0.0,False,False,False,False,length_below_openberg_minimum
373,2020-09-30,-65.8289,57.5204,ASCAT,0.0,0.0,False,False,False,False,length_below_openberg_minimum
374,2020-10-01,-65.8289,57.5204,ASCAT,0.0,0.0,False,False,False,False,length_below_openberg_minimum
375,2020-10-02,-65.8223,57.6549,ASCAT,0.0,0.0,False,False,False,False,length_below_openberg_minimum
376,2020-10-03,-65.8223,57.6549,ASCAT,0.0,0.0,False,False,False,False,length_below_openberg_minimum
377,2020-10-04,-65.8238,57.5135,ASCAT,0.0,0.0,False,False,False,False,length_below_openberg_minimum
378,2020-10-05,-65.6967,57.1768,ASCAT,0.0,0.0,False,False,False,False,length_below_openberg_minimum
379,2020-10-06,-65.6967,57.1768,ASCAT,0.0,0.0,False,False,False,False,length_below_openberg_minimum
380,2020-10-07,-65.664,57.1231,ASCAT,0.0,0.0,False,False,False,False,length_below_openberg_minimum
381,2020-10-08,-65.664,57.1231,ASCAT,0.0,0.0,False,False,False,False,length_below_openberg_minimum
382,2020-10-09,-65.6398,57.0959,ASCAT,53708.0,35188.0,False,False,False,False,length_exceeds_openberg_maximum
383,2020-10-10,-65.5866,57.0216,ASCAT,0.0,0.0,False,False,False,False,length_below_openberg_minimum
384,2020-10-11,-65.5333,56.9109,ASCAT,0.0,0.0,False,False,False,False,length_below_openberg_minimum
385,2020-10-12,-65.5091,56.7747,ASCAT,0.0,0.0,False,False,False,False,length_below_openberg_minimum
386,2020-10-13,-65.566,56.512,ASCAT,0.0,0.0,False,False,False,False,length_below_openberg_minimum
387,2020-10-14,-65.5942,56.4797,ASCAT,0.0,0.0,False,False,False,False,length_below_openberg_minimum
388,2020-10-15,-65.5943,56.4299,ASCAT,0.0,0.0,False,False,False,False,length_below_openberg_minimum
389,2020-10-16,-65.5944,56.3682,ASCAT,53708.0,35188.0,False,False,False,False,length_exceeds_openberg_maximum
390,2020-10-17,-65.5944,56.3157,ASCAT,0.0,0.0,False,False,False,False,length_below_openberg_minimum
391,2020-10-18,-65.5944,56.2935,ASCAT,0.0,0.0,False,False,False,False,length_below_openberg_minimum
392,2020-10-19,-65.5944,56.2935,ASCAT,0.0,0.0,False,False,False,False,length_below_openberg_minimum
393,2020-10-20,-65.5944,56.2935,ASCAT,0.0,0.0,False,False,False,False,length_below_openberg_minimum
394,2020-10-21,-65.5941,56.2496,ASCAT,0.0,0.0,False,False,False,False,length_below_openberg_minimum
395,2020-10-22,-65.5934,56.153,ASCAT,0.0,0.0,False,False,False,False,length_below_openberg_minimum
396,2020-10-23,-65.5928,56.0564,ASCAT,53708.0,35188.0,False,False,False,False,length_exceeds_openberg_maximum
397,2020-10-24,-65.5925,56.0125,ASCAT,0.0,0.0,False,False,False,False,length_below_openberg_minimum
398,2020-10-25,-65.5925,56.0125,ASCAT,0.0,0.0,False,False,False,False,length_below_openberg_minimum
399,2020-10-26,-65.5925,56.0125,ASCAT,0.0,0.0,False,False,False,False,length_below_openberg_minimum
400,2020-10-27,-65.5918,56.0157,ASCAT,0.0,0.0,False,False,False,False,length_below_openberg_minimum
401,2020-10-28,-65.5902,56.0226,ASCAT,0.0,0.0,False,False,False,False,length_below_openberg_minimum
402,2020-10-29,-65.5886,56.0295,ASCAT,0.0,0.0,False,False,False,False,length_below_openberg_minimum
403,2020-10-30,-65.5879,56.0327,ASCAT,53708.0,35188.0,False,False,False,False,length_exceeds_openberg_maximum
404,2020-10-31,-65.5879,56.0327,ASCAT,0.0,0.0,False,False,False,False,length_below_openberg_minimum
405,2020-11-01,-65.5879,56.0327,ASCAT,0.0,0.0,False,False,False,False,length_below_openberg_minimum
406,2020-11-02,-65.5828,55.9845,ASCAT,0.0,0.0,False,False,False,False,length_below_openberg_minimum
407,2020-11-03,-65.5697,55.8697,ASCAT,0.0,0.0,False,False,False,False,length_below_openberg_minimum
408,2020-11-04,-65.5522,55.7333,ASCAT,0.0,0.0,False,False,False,False,length_below_openberg_minimum
409,2020-11-05,-65.5338,55.6201,ASCAT,0.0,0.0,False,False,False,False,length_below_openberg_minimum
410,2020-11-06,-65.5116,55.5419,ASCAT,53708.0,35188.0,False,False,False,False,length_exceeds_openberg_maximum
411,2020-11-07,-65.5116,55.5419,ASCAT,0.0,0.0,False,False,False,False,length_below_openberg_minimum
412,2020-11-08,-65.5116,55.5419,ASCAT,0.0,0.0,False,False,False,False,length_below_openberg_minimum
413,2020-11-09,-65.5157,55.5054,ASCAT,0.0,0.0,False,False,False,False,length_below_openberg_minimum
414,2020-11-10,-65.5157,55.5054,ASCAT,0.0,0.0,False,False,False,False,length_below_openberg_minimum
415,2020-11-11,-65.5157,55.5054,ASCAT,0.0,0.0,False,False,False,False,length_below_openberg_minimum
416,2020-11-12,-65.5157,55.5054,ASCAT,0.0,0.0,False,False,False,False,length_below_openberg_minimum
417,2020-11-13,-65.5157,55.5054,ASCAT,0.0,0.0,False,False,False,False,length_below_openberg_minimum
418,2020-11-14,-65.5157,55.5054,ASCAT,0.0,0.0,False,False,False,False,length_below_openberg_minimum
419,2020-11-15,-65.5157,55.5054,ASCAT,0.0,0.0,False,False,False,False,length_below_openberg_minimum
420,2020-11-16,-65.5157,55.5054,ASCAT,0.0,0.0,False,False,False,False,length_below_openberg_minimum
421,2020-11-17,-65.5157,55.5054,ASCAT,0.0,0.0,False,False,False,False,length_below_openberg_minimum
422,2020-11-18,-65.5157,55.5054,ASCAT,0.0,0.0,False,False,False,False,length_below_openberg_minimum
423,2020-11-19,-65.4744,55.361,ASCAT,0.0,0.0,False,False,False,False,length_below_openberg_minimum
424,2020-11-20,-65.4726,55.3044,ASCAT,0.0,0.0,False,False,False,False,length_below_openberg_minimum
425,2020-11-21,-65.4394,55.1894,ASCAT,0.0,0.0,False,False,False,False,length_below_openberg_minimum
426,2020-11-22,-65.4394,55.1894,ASCAT,0.0,0.0,False,False,False,False,length_below_openberg_minimum
427,2020-11-23,-65.4376,55.1329,ASCAT,0.0,0.0,False,False,False,False,length_below_openberg_minimum
428,2020-11-24,-65.4698,55.0788,ASCAT,0.0,0.0,False,False,False,False,length_below_openberg_minimum
429,2020-11-25,-65.4698,55.0788,ASCAT,0.0,0.0,False,False,False,False,length_below_openberg_minimum
430,2020-11-26,-65.4698,55.0788,ASCAT,0.0,0.0,False,False,False,False,length_below_openberg_minimum
431,2020-11-27,-65.4756,54.9837,ASCAT,0.0,0.0,False,False,False,False,length_below_openberg_minimum
432,2020-11-28,-65.4756,54.9837,ASCAT,0.0,0.0,False,False,False,False,length_below_openberg_minimum
433,2020-11-29,-65.4585,55.0253,ASCAT,0.0,0.0,False,False,False,False,length_below_openberg_minimum
434,2020-11-30,-65.4585,55.0253,ASCAT,0.0,0.0,False,False,False,False,length_below_openberg_minimum
435,2020-12-01,-65.4585,55.0253,ASCAT,0.0,0.0,False,False,False,False,length_below_openberg_minimum
436,2020-12-02,-65.4585,55.0253,ASCAT,0.0,0.0,False,False,False,False,length_below_openberg_minimum
437,2020-12-03,-65.4585,55.0253,ASCAT,0.0,0.0,False,False,False,False,length_below_openberg_minimum
438,2020-12-04,-65.4585,55.0253,ASCAT,0.0,0.0,False,False,False,False,length_below_openberg_minimum
439,2020-12-05,-65.4585,55.0253,ASCAT,0.0,0.0,False,False,False,False,length_below_openberg_minimum
440,2020-12-06,-65.4585,55.0253,ASCAT,0.0,0.0,False,False,False,False,length_below_openberg_minimum
441,2020-12-07,-65.4153,54.9271,ASCAT,0.0,0.0,False,False,False,False,length_below_openberg_minimum
442,2020-12-08,-65.4153,54.9271,ASCAT,0.0,0.0,False,False,False,False,length_below_openberg_minimum
443,2020-12-09,-65.4095,54.9072,ASCAT,0.0,0.0,False,False,False,False,length_below_openberg_minimum
444,2020-12-10,-65.4095,54.9072,ASCAT,0.0,0.0,False,False,False,False,length_below_openberg_minimum
445,2020-12-11,-65.4095,54.9072,ASCAT,0.0,0.0,False,False,False,False,length_below_openberg_minimum
446,2020-12-12,-65.4095,54.9072,ASCAT,0.0,0.0,False,False,False,False,length_below_openberg_minimum
447,2020-12-13,-65.4095,54.9072,ASCAT,0.0,0.0,False,False,False,False,length_below_openberg_minimum
448,2020-12-14,-65.4095,54.9072,ASCAT,0.0,0.0,False,False,False,False,length_below_openberg_minimum
449,2020-12-15,-65.4095,54.9072,ASCAT,0.0,0.0,False,False,False,False,length_below_openberg_minimum
450,2020-12-16,-65.3882,54.785,ASCAT,0.0,0.0,False,False,False,False,length_below_openberg_minimum
451,2020-12-17,-65.385,54.6751,ASCAT,0.0,0.0,False,False,False,False,length_below_openberg_minimum
452,2020-12-18,-65.385,54.6751,ASCAT,0.0,0.0,False,False,False,False,length_below_openberg_minimum
453,2020-12-19,-65.385,54.6751,ASCAT,0.0,0.0,False,False,False,False,length_below_openberg_minimum
454,2020-12-20,-65.385,54.6751,ASCAT,0.0,0.0,False,False,False,False,length_below_openberg_minimum
455,2020-12-21,-65.385,54.6751,ASCAT,0.0,0.0,False,False,False,False,length_below_openberg_minimum
456,2020-12-22,-65.3513,54.6598,ASCAT,0.0,0.0,False,False,False,False,length_below_openberg_minimum
457,2020-12-23,-65.3513,54.6598,ASCAT,0.0,0.0,False,False,False,False,length_below_openberg_minimum
458,2020-12-24,-65.3454,54.64,ASCAT,0.0,0.0,False,False,False,False,length_below_openberg_minimum
459,2020-12-25,-65.3454,54.64,ASCAT,0.0,0.0,False,False,False,False,length_below_openberg_minimum
460,2020-12-26,-65.3057,54.4083,ASCAT,0.0,0.0,False,False,False,False,length_below_openberg_minimum
461,2020-12-27,-65.3057,54.4083,ASCAT,0.0,0.0,False,False,False,False,length_below_openberg_minimum
462,2020-12-28,-65.3265,54.1841,ASCAT,0.0,0.0,False,False,False,False,length_below_openberg_minimum
463,2020-12-29,-65.2935,54.0953,ASCAT,0.0,0.0,False,False,False,False,length_below_openberg_minimum
464,2020-12-30,-65.2935,54.0953,ASCAT,0.0,0.0,False,False,False,False,length_below_openberg_minimum
465,2020-12-31,-65.3,54.0563,ASCAT,53708.0,35188.0,False,False,False,False,length_exceeds_openberg_maximum
466,2021-01-01,-65.3069,54.0151,ASCAT,0.0,0.0,False,False,False,False,length_below_openberg_minimum
467,2021-01-02,-65.3236,53.915,ASCAT,0.0,0.0,False,False,False,False,length_below_openberg_minimum
468,2021-01-03,-65.3386,53.825,ASCAT,0.0,0.0,False,False,False,False,length_below_openberg_minimum
469,2021-01-04,-65.3451,53.786,ASCAT,0.0,0.0,False,False,False,False,length_below_openberg_minimum
470,2021-01-05,-65.3451,53.786,ASCAT,0.0,0.0,False,False,False,False,length_below_openberg_minimum
471,2021-01-06,-65.3633,53.7972,ASCAT,0.0,0.0,False,False,False,False,length_below_openberg_minimum
472,2021-01-07,-65.3633,53.7972,ASCAT,0.0,0.0,False,False,False,False,length_below_openberg_minimum
473,2021-01-08,-65.3628,53.8057,ASCAT,53708.0,35188.0,False,False,False,False,length_exceeds_openberg_maximum
474,2021-01-09,-65.3616,53.8259,ASCAT,0.0,0.0,False,False,False,False,length_below_openberg_minimum
475,2021-01-10,-65.3603,53.8501,ASCAT,0.0,0.0,False,False,False,False,length_below_openberg_minimum
476,2021-01-11,-65.3591,53.8703,ASCAT,0.0,0.0,False,False,False,False,length_below_openberg_minimum
477,2021-01-12,-65.3586,53.8788,ASCAT,0.0,0.0,False,False,False,False,length_below_openberg_minimum
478,2021-01-13,-65.3586,53.8788,ASCAT,0.0,0.0,False,False,False,False,length_below_openberg_minimum
479,2021-01-14,-65.3586,53.8788,ASCAT,0.0,0.0,False,False,False,False,length_below_openberg_minimum
480,2021-01-15,-65.3586,53.8788,ASCAT,53708.0,35188.0,False,False,False,False,length_exceeds_openberg_maximum
481,2021-01-16,-65.3537,53.8528,ASCAT,0.0,0.0,False,False,False,False,length_below_openberg_minimum
482,2021-01-17,-65.3421,53.7908,ASCAT,0.0,0.0,False,False,False,False,length_below_openberg_minimum
483,2021-01-18,-65.3281,53.7167,ASCAT,0.0,0.0,False,False,False,False,length_below_openberg_minimum
484,2021-01-19,-65.3165,53.6547,ASCAT,0.0,0.0,False,False,False,False,length_below_openberg_minimum
485,2021-01-20,-65.3116,53.6287,ASCAT,0.0,0.0,False,False,False,False,length_below_openberg_minimum
486,2021-01-21,-65.3116,53.6287,ASCAT,0.0,0.0,False,False,False,False,length_below_openberg_minimum
487,2021-01-22,-65.3092,53.5727,ASCAT,53708.0,35188.0,False,False,False,False,length_exceeds_openberg_maximum
488,2021-01-23,-65.3092,53.5727,ASCAT,0.0,0.0,False,False,False,False,length_below_openberg_minimum
489,2021-01-24,-65.3136,53.5203,ASCAT,0.0,0.0,False,False,False,False,length_below_openberg_minimum
490,2021-01-25,-65.3267,53.3789,ASCAT,0.0,0.0,False,False,False,False,length_below_openberg_minimum
491,2021-01-26,-65.3481,53.1726,ASCAT,0.0,0.0,False,False,False,False,length_below_openberg_minimum
492,2021-01-27,-65.3774,52.9251,ASCAT,0.0,0.0,False,False,False,False,length_below_openberg_minimum
493,2021-01-28,-65.4144,52.6604,ASCAT,0.0,0.0,False,False,False,False,length_below_openberg_minimum
494,2021-01-29,-65.4587,52.4024,ASCAT,53708.0,35188.0,False,False,False,False,length_exceeds_openberg_maximum
495,2021-01-30,-65.5691,52.1076,ASCAT,0.0,0.0,False,False,False,False,length_below_openberg_minimum
496,2021-01-31,-65.5465,52.0298,ASCAT,0.0,0.0,False,False,False,False,length_below_openberg_minimum
497,2021-02-01,-65.4958,51.8269,ASCAT,0.0,0.0,False,False,False,False,length_below_openberg_minimum
498,2021-02-02,-65.4958,51.8269,ASCAT,0.0,0.0,False,False,False,False,length_below_openberg_minimum
499,2021-02-03,-65.4979,51.7931,ASCAT,0.0,0.0,False,False,False,False,length_below_openberg_minimum
500,2021-02-04,-65.5048,51.7004,ASCAT,0.0,0.0,False,False,False,False,length_below_openberg_minimum
501,2021-02-05,-65.5169,51.562,ASCAT,53708.0,35188.0,False,False,False,False,length_exceeds_openberg_maximum
502,2021-02-06,-65.535,51.3912,ASCAT,0.0,0.0,False,False,False,False,length_below_openberg_minimum
503,2021-02-07,-65.5595,51.2012,ASCAT,0.0,0.0,False,False,False,False,length_below_openberg_minimum
504,2021-02-08,-65.5913,51.0051,ASCAT,0.0,0.0,False,False,False,False,length_below_openberg_minimum
505,2021-02-09,-65.7385,50.7423,ASCAT,0.0,0.0,False,False,False,False,length_below_openberg_minimum
506,2021-02-10,-65.8629,50.5396,ASCAT,0.0,0.0,False,False,False,False,length_below_openberg_minimum
507,2021-02-11,-66.0045,49.8178,ASCAT,0.0,0.0,False,False,False,False,length_below_openberg_minimum
508,2021-02-12,-66.0548,49.6757,ASCAT,53708.0,35188.0,False,False,False,False,length_exceeds_openberg_maximum
509,2021-02-13,-66.0807,49.5729,ASCAT,0.0,0.0,False,False,False,False,length_below_openberg_minimum
510,2021-02-14,-66.1026,49.4881,ASCAT,0.0,0.0,False,False,False,False,length_below_openberg_minimum
511,2021-02-15,-66.1205,49.4123,ASCAT,0.0,0.0,False,False,False,False,length_below_openberg_minimum
512,2021-02-16,-66.1347,49.3369,ASCAT,0.0,0.0,False,False,False,False,length_below_openberg_minimum
513,2021-02-17,-66.1453,49.253,ASCAT,0.0,0.0,False,False,False,False,length_below_openberg_minimum
514,2021-02-18,-66.1525,49.1519,ASCAT,0.0,0.0,False,False,False,False,length_below_openberg_minimum
515,2021-02-19,-66.1564,49.0146,ASCAT,53708.0,35188.0,False,False,False,False,length_exceeds_openberg_maximum
516,2021-02-20,-66.2413,48.7016,ASCAT,0.0,0.0,False,False,False,False,length_below_openberg_minimum
517,2021-02-21,-66.2803,48.5343,ASCAT,0.0,0.0,False,False,False,False,length_below_openberg_minimum
518,2021-02-22,-66.2803,48.5343,ASCAT,0.0,0.0,False,False,False,False,length_below_openberg_minimum
519,2021-02-23,-66.2832,48.508,ASCAT,0.0,0.0,False,False,False,False,length_below_openberg_minimum
520,2021-02-24,-66.2904,48.4373,ASCAT,0.0,0.0,False,False,False,False,length_below_openberg_minimum
521,2021-02-25,-66.3002,48.3346,ASCAT,0.0,0.0,False,False,False,False,length_below_openberg_minimum
522,2021-02-26,-66.3107,48.2121,ASCAT,53708.0,35188.0,False,False,False,False,length_exceeds_openberg_maximum
523,2021-02-27,-66.3198,48.0821,ASCAT,0.0,0.0,False,False,False,False,length_below_openberg_minimum
524,2021-02-28,-66.3257,47.9569,ASCAT,0.0,0.0,False,False,False,False,length_below_openberg_minimum
525,2021-03-01,-66.3285,47.8184,ASCAT,0.0,0.0,False,False,False,False,length_below_openberg_minimum
526,2021-03-02,-66.3312,47.6799,ASCAT,0.0,0.0,False,False,False,False,length_below_openberg_minimum
527,2021-03-03,-66.3309,47.5209,ASCAT,0.0,0.0,False,False,False,False,length_below_openberg_minimum
528,2021-03-04,-66.3306,47.4006,ASCAT,0.0,0.0,False,False,False,False,length_below_openberg_minimum
529,2021-03-05,-66.3406,47.358,ASCAT,53708.0,35188.0,False,False,False,False,length_exceeds_openberg_maximum
530,2021-03-06,-66.3557,47.2539,ASCAT,0.0,0.0,False,False,False,False,length_below_openberg_minimum
531,2021-03-07,-66.3757,47.0888,ASCAT,0.0,0.0,False,False,False,False,length_below_openberg_minimum
532,2021-03-08,-66.4013,46.9039,ASCAT,0.0,0.0,False,False,False,False,length_below_openberg_minimum
533,2021-03-09,-66.4332,46.7402,ASCAT,0.0,0.0,False,False,False,False,length_below_openberg_minimum
534,2021-03-10,-66.4905,46.5786,ASCAT,0.0,0.0,False,False,False,False,length_below_openberg_minimum
535,2021-03-11,-66.5696,46.4245,ASCAT,0.0,0.0,False,False,False,False,length_below_openberg_minimum
536,2021-03-12,-66.6374,46.3558,ASCAT,53708.0,35188.0,False,False,False,False,length_exceeds_openberg_maximum
537,2021-03-13,-66.6809,46.3887,ASCAT,0.0,0.0,False,False,False,False,length_below_openberg_minimum
538,2021-03-14,-66.7299,46.2552,ASCAT,0.0,0.0,False,False,False,False,length_below_openberg_minimum
539,2021-03-15,-66.7947,46.0951,ASCAT,0.0,0.0,False,False,False,False,length_below_openberg_minimum
540,2021-03-16,-66.8437,45.9777,ASCAT,0.0,0.0,False,False,False,False,length_below_openberg_minimum
541,2021-03-17,-66.8574,45.9442,ASCAT,0.0,0.0,False,False,False,False,length_below_openberg_minimum
542,2021-03-18,-66.8693,45.8795,ASCAT,0.0,0.0,False,False,False,False,length_below_openberg_minimum
543,2021-03-19,-66.8802,45.7843,ASCAT,53708.0,35188.0,False,False,False,False,length_exceeds_openberg_maximum
544,2021-03-20,-66.8914,45.6697,ASCAT,0.0,0.0,False,False,False,False,length_below_openberg_minimum
545,2021-03-21,-66.9043,45.5473,ASCAT,0.0,0.0,False,False,False,False,length_below_openberg_minimum
546,2021-03-22,-66.9182,45.4164,ASCAT,0.0,0.0,False,False,False,False,length_below_openberg_minimum
547,2021-03-23,-66.9343,45.2633,ASCAT,0.0,0.0,False,False,False,False,length_below_openberg_minimum
548,2021-03-24,-66.9568,45.0791,ASCAT,0.0,0.0,False,False,False,False,length_below_openberg_minimum
549,2021-03-25,-67.0016,44.8216,ASCAT,0.0,0.0,False,False,False,False,length_below_openberg_minimum
550,2021-03-26,-67.0882,44.6138,ASCAT,53708.0,35188.0,False,False,False,False,length_exceeds_openberg_maximum
551,2021-03-27,-67.1199,44.5168,ASCAT,0.0,0.0,False,False,False,False,length_below_openberg_minimum
552,2021-03-28,-67.1465,44.4078,ASCAT,0.0,0.0,False,False,False,False,length_below_openberg_minimum
553,2021-03-29,-67.1907,44.0745,ASCAT,0.0,0.0,False,False,False,False,length_below_openberg_minimum
554,2021-03-30,-67.2113,43.8835,ASCAT,0.0,0.0,False,False,False,False,length_below_openberg_minimum
555,2021-03-31,-67.2274,43.7366,ASCAT,0.0,0.0,False,False,False,False,length_below_openberg_minimum
556,2021-04-01,-67.2382,43.6128,ASCAT,0.0,0.0,False,False,False,False,length_below_openberg_minimum
557,2021-04-02,-67.2433,43.4909,ASCAT,53708.0,35188.0,False,False,False,False,length_exceeds_openberg_maximum
558,2021-04-03,-67.2445,43.3625,ASCAT,0.0,0.0,False,False,False,False,length_below_openberg_minimum
559,2021-04-04,-67.2451,43.2426,ASCAT,0.0,0.0,False,False,False,False,length_below_openberg_minimum
560,2021-04-05,-67.2466,43.1455,ASCAT,0.0,0.0,False,False,False,False,length_below_openberg_minimum
561,2021-04-06,-67.2769,43.0787,ASCAT,0.0,0.0,False,False,False,False,length_below_openberg_minimum
562,2021-04-07,-67.2936,42.8095,ASCAT,0.0,0.0,True,False,False,False,length_below_openberg_minimum
563,2021-04-08,-67.3462,42.532,ASCAT,0.0,0.0,True,False,False,False,length_below_openberg_minimum
564,2021-04-09,-67.4118,42.2674,ASCAT,53708.0,35188.0,True,True,True,False,length_exceeds_openberg_maximum
565,2021-04-10,-67.4568,42.0412,ASCAT,0.0,0.0,True,True,True,False,length_below_openberg_minimum
566,2021-04-11,-67.5196,41.8575,ASCAT,0.0,0.0,True,True,True,False,length_below_openberg_minimum
567,2021-04-12,-67.595,41.6956,ASCAT,0.0,0.0,True,True,True,False,length_below_openberg_minimum
568,2021-04-13,-67.6706,41.5314,ASCAT,0.0,0.0,True,True,True,False,length_below_openberg_minimum
569,2021-04-14,-67.7341,41.3411,ASCAT,0.0,0.0,True,True,True,False,length_below_openberg_minimum
570,2021-04-15,-67.7778,41.1114,ASCAT,0.0,0.0,True,True,True,False,length_below_openberg_minimum
571,2021-04-16,-67.8153,40.8489,ASCAT,53708.0,35188.0,True,True,True,False,length_exceeds_openberg_maximum
572,2021-04-17,-67.8662,40.5595,ASCAT,0.0,0.0,True,True,True,False,length_below_openberg_minimum
573,2021-04-18,-67.9611,40.221,ASCAT,0.0,0.0,True,True,True,False,length_below_openberg_minimum
574,2021-04-19,-68.097,39.9729,ASCAT,0.0,0.0,True,True,True,False,length_below_openberg_minimum
575,2021-04-20,-68.1281,39.7886,ASCAT,0.0,0.0,True,True,True,False,length_below_openberg_minimum
576,2021-04-21,-68.1525,39.5907,ASCAT,0.0,0.0,True,True,True,False,length_below_openberg_minimum
577,2021-04-22,-68.2102,39.2586,ASCAT,0.0,0.0,True,True,True,False,length_below_openberg_minimum
578,2021-04-23,-68.2899,38.8228,ASCAT,53708.0,35188.0,True,True,True,False,length_exceeds_openberg_maximum
579,2021-04-24,-68.3606,38.386,ASCAT,0.0,0.0,True,True,True,False,length_below_openberg_minimum
580,2021-04-25,-68.391,38.0505,ASCAT,0.0,0.0,True,True,True,False,length_below_openberg_minimum
581,2021-04-26,-68.372,37.8373,ASCAT,0.0,0.0,True,True,True,False,length_below_openberg_minimum
582,2021-04-27,-68.3243,37.6786,ASCAT,0.0,0.0,True,True,True,False,length_below_openberg_minimum
583,2021-04-28,-68.2625,37.5437,ASCAT,0.0,0.0,True,True,True,False,length_below_openberg_minimum
584,2021-04-29,-68.2006,37.4019,ASCAT,0.0,0.0,True,True,True,False,length_below_openberg_minimum
585,2021-04-30,-68.1529,37.2226,ASCAT,53708.0,35188.0,True,True,True,False,length_exceeds_openberg_maximum
586,2021-05-01,-68.1339,36.975,ASCAT,0.0,0.0,True,True,True,False,length_below_openberg_minimum
587,2021-05-02,-68.1343,36.4735,ASCAT,0.0,0.0,True,True,True,False,length_below_openberg_minimum
588,2021-05-03,-68.1354,35.915,ASCAT,0.0,0.0,True,True,True,False,length_below_openberg_minimum
589,2021-05-04,-68.1475,35.5732,ASCAT,0.0,0.0,True,True,True,False,length_below_openberg_minimum
590,2021-05-05,-68.074,35.2796,ASCAT,0.0,0.0,True,True,True,False,length_below_openberg_minimum
591,2021-05-06,-68.0119,34.9049,ASCAT,0.0,0.0,True,True,True,False,length_below_openberg_minimum
592,2021-05-07,-67.9584,34.4976,ASCAT,53708.0,35188.0,True,True,True,False,length_exceeds_openberg_maximum
593,2021-05-08,-67.9356,34.1688,ASCAT,0.0,0.0,True,True,True,False,length_below_openberg_minimum
594,2021-05-09,-67.9969,33.963,ASCAT,0.0,0.0,True,True,True,False,length_below_openberg_minimum
595,2021-05-10,-68.0631,33.6991,ASCAT,0.0,0.0,True,True,True,False,length_below_openberg_minimum
596,2021-05-11,-68.1686,33.2716,ASCAT,0.0,0.0,True,True,True,False,length_below_openberg_minimum
597,2021-05-12,-68.2367,33.0637,ASCAT,0.0,0.0,True,True,True,False,length_below_openberg_minimum
598,2021-05-13,-68.2648,32.8845,ASCAT,0.0,0.0,True,True,True,False,length_below_openberg_minimum
599,2021-05-14,-68.2916,32.6884,ASCAT,53708.0,35188.0,True,True,True,False,length_exceeds_openberg_maximum
600,2021-05-15,-68.3501,32.394,ASCAT,0.0,0.0,True,True,True,False,length_below_openberg_minimum
601,2021-05-16,-68.4348,32.0254,ASCAT,0.0,0.0,True,True,True,False,length_below_openberg_minimum
602,2021-05-17,-68.525,31.6589,ASCAT,0.0,0.0,True,True,True,False,length_below_openberg_minimum
603,2021-05-18,-68.6,31.3706,ASCAT,0.0,0.0,True,True,True,False,length_below_openberg_minimum
604,2021-05-19,-68.6529,31.1861,ASCAT,0.0,0.0,True,True,True,False,length_below_openberg_minimum
605,2021-05-20,-68.7387,30.8399,ASCAT,0.0,0.0,True,True,True,False,length_below_openberg_minimum
606,2021-05-21,-68.8541,30.3347,ASCAT,53708.0,35188.0,True,True,True,False,length_exceeds_openberg_maximum
607,2021-05-22,-68.9861,29.7343,ASCAT,0.0,0.0,True,True,True,False,length_below_openberg_minimum
608,2021-05-23,-69.1218,29.1022,ASCAT,0.0,0.0,True,True,True,False,length_below_openberg_minimum
609,2021-05-24,-69.2485,28.5021,ASCAT,0.0,0.0,True,True,True,False,length_below_openberg_minimum
610,2021-05-25,-69.3533,27.9976,ASCAT,0.0,0.0,True,True,True,False,length_below_openberg_minimum
611,2021-05-26,-69.4339,27.6022,ASCAT,0.0,0.0,True,True,True,False,length_below_openberg_minimum
612,2021-05-27,-69.5068,27.2262,ASCAT,0.0,0.0,True,True,True,False,length_below_openberg_minimum
613,2021-05-28,-69.5792,26.8204,ASCAT,53708.0,35188.0,True,True,True,False,length_exceeds_openberg_maximum
614,2021-05-29,-69.656,26.3806,ASCAT,0.0,0.0,True,True,True,False,length_below_openberg_minimum
615,2021-05-30,-69.7436,25.8642,ASCAT,0.0,0.0,True,True,True,False,length_below_openberg_minimum
616,2021-05-31,-69.8288,25.3085,ASCAT,0.0,0.0,True,True,True,False,length_below_openberg_minimum
617,2021-06-01,-69.8671,24.7804,ASCAT,0.0,0.0,True,True,True,False,length_below_openberg_minimum
618,2021-06-02,-69.814,24.3143,ASCAT,0.0,0.0,True,True,True,False,length_below_openberg_minimum
619,2021-06-03,-69.9026,23.8759,ASCAT,0.0,0.0,True,True,True,False,length_below_openberg_minimum
620,2021-06-04,-69.9736,23.3709,ASCAT,53708.0,35188.0,True,True,True,False,length_exceeds_openberg_maximum
621,2021-06-05,-69.9493,22.9883,ASCAT,0.0,0.0,True,True,True,False,length_below_openberg_minimum
622,2021-06-06,-69.8893,22.4828,ASCAT,0.0,0.0,True,True,True,False,length_below_openberg_minimum
623,2021-06-07,-69.8213,21.9568,ASCAT,0.0,0.0,True,True,True,False,length_below_openberg_minimum
624,2021-06-08,-69.775,21.5055,ASCAT,0.0,0.0,True,True,True,False,length_below_openberg_minimum
625,2021-06-09,-69.7344,21.0836,ASCAT,0.0,0.0,True,True,True,False,length_below_openberg_minimum
626,2021-06-10,-69.6986,20.6692,ASCAT,0.0,0.0,True,True,True,False,length_below_openberg_minimum
627,2021-06-11,-69.6662,20.2406,ASCAT,53708.0,35188.0,True,True,True,False,length_exceeds_openberg_maximum
628,2021-06-12,-69.6388,19.7877,ASCAT,0.0,0.0,True,True,True,False,length_below_openberg_minimum
629,2021-06-13,-69.5964,19.3778,ASCAT,0.0,0.0,True,True,True,False,length_below_openberg_minimum
630,2021-06-14,-69.5409,18.9924,ASCAT,0.0,0.0,True,True,True,False,length_below_openberg_minimum
631,2021-06-15,-69.4782,18.6194,ASCAT,0.0,0.0,True,True,True,False,length_below_openberg_minimum
632,2021-06-16,-69.414,18.247,ASCAT,0.0,0.0,True,True,True,False,length_below_openberg_minimum
633,2021-06-17,-69.3541,17.8634,ASCAT,0.0,0.0,True,True,True,False,length_below_openberg_minimum
634,2021-06-18,-69.3043,17.4566,ASCAT,53708.0,35188.0,True,True,True,False,length_exceeds_openberg_maximum
635,2021-06-19,-69.2568,17.003,ASCAT,0.0,0.0,True,True,True,False,length_below_openberg_minimum
636,2021-06-20,-69.2308,16.556,ASCAT,0.0,0.0,True,True,True,False,length_below_openberg_minimum
637,2021-06-21,-69.2491,16.1745,ASCAT,0.0,0.0,True,True,True,False,length_below_openberg_minimum
638,2021-06-22,-69.1279,15.9041,ASCAT,0.0,0.0,True,True,True,False,length_below_openberg_minimum
639,2021-06-23,-69.0838,15.6191,ASCAT,0.0,0.0,True,True,True,False,length_below_openberg_minimum
640,2021-06-24,-69.0549,15.3238,ASCAT,0.0,0.0,True,True,True,False,length_below_openberg_minimum
641,2021-06-25,-69.0445,15.0163,ASCAT,53708.0,35188.0,True,True,True,False,length_exceeds_openberg_maximum
642,2021-06-26,-69.0803,14.6875,ASCAT,0.0,0.0,True,True,True,False,length_below_openberg_minimum
643,2021-06-27,-69.0666,14.5072,ASCAT,0.0,0.0,True,True,True,False,length_below_openberg_minimum
644,2021-06-28,-69.0591,14.3071,ASCAT,0.0,0.0,True,True,True,False,length_below_openberg_minimum
645,2021-06-29,-69.0593,14.0184,ASCAT,0.0,0.0,True,True,True,False,length_below_openberg_minimum
646,2021-06-30,-69.0797,13.7549,ASCAT,0.0,0.0,True,True,True,False,length_below_openberg_minimum
647,2021-07-01,-69.1,13.5,ASCAT,0.0,0.0,True,True,True,False,length_below_openberg_minimum
648,2021-07-02,-69.0931,13.2383,ASCAT,53708.0,35188.0,True,True,True,False,length_exceeds_openberg_maximum
649,2021-07-03,-69.078,12.9747,ASCAT,0.0,0.0,True,True,True,False,length_below_openberg_minimum
650,2021-07-04,-69.063,12.7177,ASCAT,0.0,0.0,True,True,True,False,length_below_openberg_minimum
651,2021-07-05,-69.0561,12.4764,ASCAT,0.0,0.0,True,True,True,False,length_below_openberg_minimum
652,2021-07-06,-69.0579,12.26,ASCAT,0.0,0.0,True,True,True,False,length_below_openberg_minimum
653,2021-07-07,-69.0666,12.106,ASCAT,0.0,0.0,True,True,True,False,length_below_openberg_minimum
654,2021-07-08,-69.0859,11.9668,ASCAT,0.0,0.0,True,True,True,False,length_below_openberg_minimum
655,2021-07-09,-69.1135,11.8406,ASCAT,53708.0,35188.0,True,True,True,False,length_exceeds_openberg_maximum
656,2021-07-10,-69.1472,11.7252,ASCAT,0.0,0.0,True,True,True,False,length_below_openberg_minimum
657,2021-07-11,-69.1849,11.6187,ASCAT,0.0,0.0,True,True,True,False,length_below_openberg_minimum
658,2021-07-12,-69.2242,11.5191,ASCAT,0.0,0.0,True,True,True,False,length_below_openberg_minimum
659,2021-07-13,-69.2631,11.4244,ASCAT,0.0,0.0,True,True,True,False,length_below_openberg_minimum
660,2021-07-14,-69.2992,11.3325,ASCAT,0.0,0.0,True,True,True,False,length_below_openberg_minimum
661,2021-07-15,-69.3305,11.2415,ASCAT,0.0,0.0,True,True,True,False,length_below_openberg_minimum
662,2021-07-16,-69.3558,11.1638,ASCAT,53708.0,35188.0,True,True,True,False,length_exceeds_openberg_maximum
663,2021-07-17,-69.3777,11.1042,ASCAT,0.0,0.0,True,True,True,False,length_below_openberg_minimum
664,2021-07-18,-69.3989,11.0491,ASCAT,0.0,0.0,True,True,True,False,length_below_openberg_minimum
665,2021-07-19,-69.4226,10.9846,ASCAT,0.0,0.0,True,True,True,False,length_below_openberg_minimum
666,2021-07-20,-69.4515,10.8972,ASCAT,0.0,0.0,True,True,True,False,length_below_openberg_minimum
667,2021-07-21,-69.4888,10.7732,ASCAT,0.0,0.0,True,True,True,False,length_below_openberg_minimum
668,2021-07-22,-69.5564,10.4519,ASCAT,0.0,0.0,True,True,True,False,length_below_openberg_minimum
669,2021-07-23,-69.5728,10.3592,ASCAT,53708.0,35188.0,True,True,True,False,length_exceeds_openberg_maximum
670,2021-07-24,-69.6093,10.072,ASCAT,0.0,0.0,True,True,True,False,length_below_openberg_minimum
671,2021-07-25,-69.655,9.621,ASCAT,0.0,0.0,True,True,True,False,length_below_openberg_minimum
672,2021-07-26,-69.6774,9.2155,ASCAT,0.0,0.0,True,True,True,False,length_below_openberg_minimum
673,2021-07-27,-69.5778,8.9381,ASCAT,0.0,0.0,True,True,True,False,length_below_openberg_minimum
674,2021-07-28,-69.5256,8.4048,ASCAT,0.0,0.0,True,True,True,False,length_below_openberg_minimum
675,2021-07-29,-69.554,7.7118,ASCAT,0.0,0.0,True,True,True,False,length_below_openberg_minimum
676,2021-07-30,-69.6278,7.5039,ASCAT,53708.0,35188.0,True,True,True,False,length_exceeds_openberg_maximum
677,2021-07-31,-69.6685,7.3935,ASCAT,0.0,0.0,True,True,True,False,length_below_openberg_minimum
678,2021-08-01,-69.6823,7.3181,ASCAT,0.0,0.0,True,True,True,False,length_below_openberg_minimum
679,2021-08-02,-69.7987,6.6803,ASCAT,0.0,0.0,True,True,True,False,length_below_openberg_minimum
680,2021-08-03,-69.8183,6.3256,ASCAT,0.0,0.0,True,True,True,False,length_below_openberg_minimum
681,2021-08-04,-69.8249,6.1581,ASCAT,0.0,0.0,True,True,True,False,length_below_openberg_minimum
682,2021-08-05,-69.82,6.15,ASCAT,0.0,0.0,True,True,True,False,length_below_openberg_minimum
683,2021-08-06,-69.8424,6.087,ASCAT,53708.0,35188.0,True,True,True,False,length_exceeds_openberg_maximum
684,2021-08-07,-69.8424,6.087,ASCAT,0.0,0.0,True,True,True,False,length_below_openberg_minimum
685,2021-08-08,-69.8492,5.7712,ASCAT,0.0,0.0,True,True,True,False,length_below_openberg_minimum
686,2021-08-09,-69.86,5.4648,ASCAT,0.0,0.0,True,True,True,False,length_below_openberg_minimum
687,2021-08-10,-69.8742,5.1661,ASCAT,0.0,0.0,True,True,True,False,length_below_openberg_minimum
688,2021-08-11,-69.8901,4.8273,ASCAT,0.0,0.0,True,True,True,False,length_below_openberg_minimum
689,2021-08-12,-69.9061,4.401,ASCAT,0.0,0.0,True,True,True,False,length_below_openberg_minimum
690,2021-08-13,-69.9225,3.7271,ASCAT,53708.0,35188.0,True,True,True,False,length_exceeds_openberg_maximum
691,2021-08-14,-69.9028,3.2106,ASCAT,0.0,0.0,True,True,True,False,length_below_openberg_minimum
692,2021-08-15,-69.8499,2.7425,ASCAT,0.0,0.0,True,True,True,False,length_below_openberg_minimum
693,2021-08-16,-69.7733,2.3137,ASCAT,0.0,0.0,True,True,True,False,length_below_openberg_minimum
694,2021-08-17,-69.6826,1.9152,ASCAT,0.0,0.0,True,True,True,False,length_below_openberg_minimum
695,2021-08-18,-69.5871,1.5378,ASCAT,0.0,0.0,True,True,True,False,length_below_openberg_minimum
696,2021-08-19,-69.4964,1.1725,ASCAT,0.0,0.0,True,True,True,False,length_below_openberg_minimum
697,2021-08-20,-69.4198,0.8102,ASCAT,53708.0,35188.0,True,True,True,False,length_exceeds_openberg_maximum
698,2021-08-21,-69.3669,0.4418,ASCAT,0.0,0.0,True,True,True,False,length_below_openberg_minimum
699,2021-08-22,-69.3472,0.0584,ASCAT,0.0,0.0,True,True,True,False,length_below_openberg_minimum
700,2021-08-23,-69.3583,-0.3506,ASCAT,0.0,0.0,True,True,True,False,length_below_openberg_minimum
701,2021-08-24,-69.3889,-0.776,ASCAT,0.0,0.0,True,True,True,False,length_below_openberg_minimum
702,2021-08-25,-69.4351,-1.1977,ASCAT,0.0,0.0,True,True,True,False,length_below_openberg_minimum
703,2021-08-26,-69.493,-1.5955,ASCAT,0.0,0.0,True,True,True,False,length_below_openberg_minimum
704,2021-08-27,-69.5588,-1.9492,ASCAT,53708.0,35188.0,True,True,True,False,length_exceeds_openberg_maximum
705,2021-08-28,-69.6286,-2.2387,ASCAT,0.0,0.0,True,True,True,False,length_below_openberg_minimum
706,2021-08-29,-69.7305,-2.4454,ASCAT,0.0,0.0,True,True,True,False,length_below_openberg_minimum
707,2021-08-30,-69.8299,-2.7944,ASCAT,0.0,0.0,True,True,True,False,length_below_openberg_minimum
708,2021-08-31,-69.8517,-3.1415,ASCAT,0.0,0.0,True,True,True,False,length_below_openberg_minimum
709,2021-09-01,-69.863,-3.4938,ASCAT,0.0,0.0,True,True,True,False,length_below_openberg_minimum
710,2021-09-02,-69.879,-3.8807,ASCAT,0.0,0.0,True,True,True,False,length_below_openberg_minimum
711,2021-09-03,-69.9121,-4.3422,ASCAT,53708.0,35188.0,True,True,True,False,length_exceeds_openberg_maximum
712,2021-09-04,-69.9293,-4.635,ASCAT,0.0,0.0,True,True,True,False,length_below_openberg_minimum
713,2021-09-05,-69.897,-5.0824,ASCAT,0.0,0.0,True,True,True,False,length_below_openberg_minimum
714,2021-09-06,-69.9402,-5.2664,ASCAT,0.0,0.0,True,True,True,False,length_below_openberg_minimum
715,2021-09-07,-69.9839,-5.4765,ASCAT,0.0,0.0,True,True,True,False,length_below_openberg_minimum
716,2021-09-08,-70.0121,-5.8255,ASCAT,0.0,0.0,True,True,True,False,length_below_openberg_minimum
717,2021-09-09,-70.0393,-6.1859,ASCAT,0.0,0.0,True,True,True,False,length_below_openberg_minimum
718,2021-09-10,-70.0721,-6.3661,ASCAT,53708.0,35188.0,True,True,True,False,length_exceeds_openberg_maximum
719,2021-09-11,-70.0916,-6.5306,ASCAT,0.0,0.0,True,True,True,False,length_below_openberg_minimum
720,2021-09-12,-70.0814,-6.7881,ASCAT,0.0,0.0,True,True,True,False,length_below_openberg_minimum
721,2021-09-13,-70.0743,-6.9601,ASCAT,0.0,0.0,True,True,True,False,length_below_openberg_minimum
722,2021-09-14,-70.1074,-7.2336,ASCAT,0.0,0.0,True,True,True,False,length_below_openberg_minimum
723,2021-09-15,-70.1841,-7.3193,ASCAT,0.0,0.0,True,True,True,False,length_below_openberg_minimum
724,2021-09-16,-70.2408,-7.5588,ASCAT,0.0,0.0,True,True,True,False,length_below_openberg_minimum
725,2021-09-17,-70.2924,-7.9456,ASCAT,53708.0,35188.0,True,True,True,False,length_exceeds_openberg_maximum
726,2021-09-18,-70.33,-8.3469,ASCAT,0.0,0.0,True,True,True,False,length_below_openberg_minimum
727,2021-09-19,-70.3445,-8.6299,ASCAT,0.0,0.0,True,True,True,False,length_below_openberg_minimum
728,2021-09-20,-70.3374,-8.7679,ASCAT,0.0,0.0,True,True,True,False,length_below_openberg_minimum
729,2021-09-21,-70.3443,-8.9399,ASCAT,0.0,0.0,True,True,True,False,length_below_openberg_minimum
730,2021-09-22,-70.3635,-9.1362,ASCAT,0.0,0.0,True,True,True,False,length_below_openberg_minimum
731,2021-09-23,-70.3923,-9.3504,ASCAT,0.0,0.0,True,True,True,False,length_below_openberg_minimum
732,2021-09-24,-70.4281,-9.576,ASCAT,53708.0,35188.0,True,True,True,False,length_exceeds_openberg_maximum
733,2021-09-25,-70.4686,-9.8066,ASCAT,0.0,0.0,True,True,True,False,length_below_openberg_minimum
734,2021-09-26,-70.511,-10.0356,ASCAT,0.0,0.0,True,True,True,False,length_below_openberg_minimum
735,2021-09-27,-70.5528,-10.2565,ASCAT,0.0,0.0,True,True,True,False,length_below_openberg_minimum
736,2021-09-28,-70.5915,-10.463,ASCAT,0.0,0.0,True,True,True,False,length_below_openberg_minimum
737,2021-09-29,-70.6246,-10.6485,ASCAT,0.0,0.0,True,True,True,False,length_below_openberg_minimum
738,2021-09-30,-70.6572,-10.8353,ASCAT,0.0,0.0,True,True,True,False,length_below_openberg_minimum
739,2021-10-01,-70.6935,-11.0357,ASCAT,53708.0,35188.0,True,True,True,False,length_exceeds_openberg_maximum
740,2021-10-02,-70.7291,-11.2285,ASCAT,0.0,0.0,True,True,True,False,length_below_openberg_minimum
741,2021-10-03,-70.7598,-11.3926,ASCAT,0.0,0.0,True,True,True,False,length_below_openberg_minimum
742,2021-10-04,-70.7814,-11.5066,ASCAT,0.0,0.0,True,True,True,False,length_below_openberg_minimum
743,2021-10-05,-70.7895,-11.5493,ASCAT,0.0,0.0,True,True,True,False,length_below_openberg_minimum
744,2021-10-06,-70.7895,-11.5493,ASCAT,0.0,0.0,True,True,True,False,length_below_openberg_minimum
745,2021-10-07,-70.86,-12.15,ASCAT,0.0,0.0,True,True,True,False,length_below_openberg_minimum
746,2021-10-08,-70.9067,-12.1902,ASCAT,53708.0,35188.0,True,True,True,False,length_exceeds_openberg_maximum
747,2021-10-09,-70.9437,-12.2055,ASCAT,0.0,0.0,True,False,False,False,length_below_openberg_minimum
748,2021-10-10,-70.9612,-12.2403,ASCAT,0.0,0.0,True,False,False,False,length_below_openberg_minimum
749,2021-10-11,-70.9641,-12.4328,ASCAT,0.0,0.0,True,False,False,False,length_below_openberg_minimum
750,2021-10-12,-70.9641,-12.4328,ASCAT,0.0,0.0,True,False,False,False,length_below_openberg_minimum
751,2021-10-13,-70.9699,-12.5623,ASCAT,0.0,0.0,True,False,False,False,length_below_openberg_minimum
752,2021-10-14,-70.9756,-12.6918,ASCAT,0.0,0.0,True,False,False,False,length_below_openberg_minimum
753,2021-10-15,-70.9756,-12.6918,ASCAT,53708.0,35188.0,True,False,False,False,length_exceeds_openberg_maximum
754,2021-10-16,-71.0094,-12.9943,ASCAT,0.0,0.0,True,False,False,False,length_below_openberg_minimum
755,2021-10-17,-71.2028,-13.7871,ASCAT,0.0,0.0,True,False,False,False,length_below_openberg_minimum
756,2021-10-18,-71.3004,-14.1688,ASCAT,0.0,0.0,True,False,False,False,length_below_openberg_minimum
757,2021-10-19,-71.3523,-14.4524,ASCAT,0.0,0.0,True,False,False,False,length_below_openberg_minimum
758,2021-10-20,-71.3665,-14.7228,ASCAT,0.0,0.0,True,False,False,False,length_below_openberg_minimum
759,2021-10-21,-71.4043,-15.0633,ASCAT,0.0,0.0,True,False,False,False,length_below_openberg_minimum
760,2021-10-22,-71.4267,-15.294,ASCAT,53708.0,35188.0,True,False,False,False,length_exceeds_openberg_maximum
761,2021-10-23,-71.5023,-15.3749,ASCAT,0.0,0.0,True,False,False,False,length_below_openberg_minimum
762,2021-10-24,-71.5634,-15.4454,ASCAT,0.0,0.0,True,False,False,False,length_below_openberg_minimum
763,2021-10-25,-71.621,-15.5139,ASCAT,0.0,0.0,True,False,False,False,length_below_openberg_minimum
764,2021-10-26,-71.6638,-15.5656,ASCAT,0.0,0.0,True,False,False,False,length_below_openberg_minimum
765,2021-10-27,-71.6806,-15.5861,ASCAT,0.0,0.0,True,False,False,False,length_below_openberg_minimum
766,2021-10-28,-71.6806,-15.5861,ASCAT,0.0,0.0,True,False,False,False,length_below_openberg_minimum
767,2021-10-29,-71.6955,-15.6284,ASCAT,53708.0,35188.0,True,False,False,False,length_exceeds_openberg_maximum
768,2021-10-30,-71.7362,-15.7454,ASCAT,0.0,0.0,True,False,False,False,length_below_openberg_minimum
769,2021-10-31,-71.7965,-15.9219,ASCAT,0.0,0.0,True,False,False,False,length_below_openberg_minimum
770,2021-11-01,-71.8703,-16.1427,ASCAT,0.0,0.0,False,False,False,False,length_below_openberg_minimum
771,2021-11-02,-71.9515,-16.3929,ASCAT,0.0,0.0,False,False,False,False,length_below_openberg_minimum
772,2021-11-03,-72.0339,-16.6573,ASCAT,0.0,0.0,False,False,False,False,length_below_openberg_minimum
773,2021-11-04,-72.1113,-16.9208,ASCAT,0.0,0.0,False,False,False,False,length_below_openberg_minimum
774,2021-11-05,-72.1778,-17.1682,ASCAT,53708.0,35188.0,False,False,False,False,length_exceeds_openberg_maximum
775,2021-11-06,-72.2271,-17.3846,ASCAT,0.0,0.0,False,False,False,False,length_below_openberg_minimum
776,2021-11-07,-72.2612,-17.5706,ASCAT,0.0,0.0,False,False,False,False,length_below_openberg_minimum
777,2021-11-08,-72.2883,-17.7433,ASCAT,0.0,0.0,False,False,False,False,length_below_openberg_minimum
778,2021-11-09,-72.3116,-17.9119,ASCAT,0.0,0.0,False,False,False,False,length_below_openberg_minimum
779,2021-11-10,-72.3342,-18.0856,ASCAT,0.0,0.0,False,False,False,False,length_below_openberg_minimum
780,2021-11-11,-72.3594,-18.2737,ASCAT,0.0,0.0,False,False,False,False,length_below_openberg_minimum
781,2021-11-12,-72.3903,-18.4854,ASCAT,53708.0,35188.0,False,False,False,False,length_exceeds_openberg_maximum
782,2021-11-13,-72.43,-18.73,ASCAT,0.0,0.0,False,False,False,False,length_below_openberg_minimum
783,2021-11-14,-72.4982,-19.0705,ASCAT,0.0,0.0,False,False,False,False,length_below_openberg_minimum
784,2021-11-15,-72.5476,-19.411,ASCAT,0.0,0.0,False,False,False,False,length_below_openberg_minimum
785,2021-11-16,-72.5994,-19.7486,ASCAT,0.0,0.0,False,False,False,False,length_below_openberg_minimum
786,2021-11-17,-72.6534,-20.0662,ASCAT,0.0,0.0,False,False,False,False,length_below_openberg_minimum
787,2021-11-18,-72.7118,-20.2651,ASCAT,0.0,0.0,False,False,False,False,length_below_openberg_minimum
788,2021-11-19,-72.7788,-20.3389,ASCAT,53708.0,35188.0,False,False,False,False,length_exceeds_openberg_maximum
789,2021-11-20,-72.7788,-20.3389,ASCAT,0.0,0.0,False,False,False,False,length_below_openberg_minimum
790,2021-11-21,-72.8772,-20.7089,ASCAT,0.0,0.0,False,False,False,False,length_below_openberg_minimum
791,2021-11-22,-72.9612,-21.1109,ASCAT,0.0,0.0,False,False,False,False,length_below_openberg_minimum
792,2021-11-23,-73.0252,-21.3078,ASCAT,0.0,0.0,False,False,False,False,length_below_openberg_minimum
793,2021-11-24,-73.067,-21.6961,ASCAT,0.0,0.0,False,False,False,False,length_below_openberg_minimum
794,2021-11-25,-73.067,-21.6961,ASCAT,0.0,0.0,False,False,False,False,length_below_openberg_minimum
795,2021-11-26,-73.1027,-21.613,ASCAT,53708.0,35188.0,False,False,False,False,length_exceeds_openberg_maximum
796,2021-11-27,-73.17,-21.53,ASCAT,0.0,0.0,False,False,False,False,length_below_openberg_minimum
797,2021-11-28,-73.2475,-21.821,ASCAT,0.0,0.0,False,False,False,False,length_below_openberg_minimum
798,2021-11-29,-73.2481,-22.0034,ASCAT,0.0,0.0,False,False,False,False,length_below_openberg_minimum
799,2021-11-30,-73.2481,-22.0034,ASCAT,0.0,0.0,False,False,False,False,length_below_openberg_minimum
800,2021-12-01,-73.2481,-22.0034,ASCAT,0.0,0.0,False,False,False,False,length_below_openberg_minimum
801,2021-12-02,-73.2481,-22.0034,ASCAT,0.0,0.0,False,False,False,False,length_below_openberg_minimum
802,2021-12-03,-73.2627,-22.0526,ASCAT,53708.0,35188.0,False,False,False,False,length_exceeds_openberg_maximum
803,2021-12-04,-73.2948,-22.1608,ASCAT,0.0,0.0,False,False,False,False,length_below_openberg_minimum
804,2021-12-05,-73.3269,-22.2689,ASCAT,0.0,0.0,False,False,False,False,length_below_openberg_minimum
805,2021-12-06,-73.3415,-22.3181,ASCAT,0.0,0.0,False,False,False,False,length_below_openberg_minimum
806,2021-12-07,-73.3415,-22.3181,ASCAT,0.0,0.0,False,False,False,False,length_below_openberg_minimum
807,2021-12-08,-73.3463,-22.3291,ASCAT,0.0,0.0,False,False,False,False,length_below_openberg_minimum
808,2021-12-09,-73.3596,-22.3603,ASCAT,0.0,0.0,False,False,False,False,length_below_openberg_minimum
809,2021-12-10,-73.3794,-22.4091,ASCAT,53708.0,35188.0,False,False,False,False,length_exceeds_openberg_maximum
810,2021-12-11,-73.4037,-22.4727,ASCAT,0.0,0.0,False,False,False,False,length_below_openberg_minimum
811,2021-12-12,-73.4306,-22.5485,ASCAT,0.0,0.0,False,False,False,False,length_below_openberg_minimum
812,2021-12-13,-73.4583,-22.6338,ASCAT,0.0,0.0,False,False,False,False,length_below_openberg_minimum
813,2021-12-14,-73.4848,-22.726,ASCAT,0.0,0.0,False,False,False,False,length_below_openberg_minimum
814,2021-12-15,-73.5081,-22.8223,ASCAT,0.0,0.0,False,False,False,False,length_below_openberg_minimum
815,2021-12-16,-73.5263,-22.9201,ASCAT,0.0,0.0,False,False,False,False,length_below_openberg_minimum
816,2021-12-17,-73.5421,-23.0575,ASCAT,53708.0,35188.0,False,False,False,False,length_exceeds_openberg_maximum
817,2021-12-18,-73.5585,-23.2546,ASCAT,0.0,0.0,False,False,False,False,length_below_openberg_minimum
818,2021-12-19,-73.5744,-23.482,ASCAT,0.0,0.0,False,False,False,False,length_below_openberg_minimum
819,2021-12-20,-73.5887,-23.7101,ASCAT,0.0,0.0,False,False,False,False,length_below_openberg_minimum
820,2021-12-21,-73.6004,-23.9096,ASCAT,0.0,0.0,False,False,False,False,length_below_openberg_minimum
821,2021-12-22,-73.6082,-24.0509,ASCAT,0.0,0.0,False,False,False,False,length_below_openberg_minimum
822,2021-12-23,-73.611,-24.1046,ASCAT,0.0,0.0,False,False,False,False,length_below_openberg_minimum
823,2021-12-24,-73.611,-24.1046,ASCAT,53708.0,35188.0,False,False,False,False,length_exceeds_openberg_maximum
824,2021-12-25,-73.5979,-24.2078,ASCAT,0.0,0.0,False,False,False,False,length_below_openberg_minimum
825,2021-12-26,-73.5848,-24.3103,ASCAT,0.0,0.0,False,False,False,False,length_below_openberg_minimum
826,2021-12-27,-73.5724,-24.4068,ASCAT,0.0,0.0,False,False,False,False,length_below_openberg_minimum
827,2021-12-28,-73.5647,-24.4673,ASCAT,0.0,0.0,False,False,False,False,length_below_openberg_minimum
828,2021-12-29,-73.5619,-24.4897,ASCAT,0.0,0.0,False,False,False,False,length_below_openberg_minimum
829,2021-12-30,-73.5685,-24.6946,ASCAT,0.0,0.0,False,False,False,False,length_below_openberg_minimum
830,2021-12-31,-73.58,-24.79,ASCAT,53708.0,35188.0,False,False,False,False,length_exceeds_openberg_maximum
831,2022-01-01,-73.58,-24.79,ASCAT,0.0,0.0,False,False,False,False,length_below_openberg_minimum
832,2022-01-02,-73.6005,-25.0011,ASCAT,0.0,0.0,False,False,False,False,length_below_openberg_minimum
833,2022-01-03,-73.5996,-25.0954,ASCAT,0.0,0.0,False,False,False,False,length_below_openberg_minimum
834,2022-01-04,-73.5987,-25.1829,ASCAT,0.0,0.0,False,False,False,False,length_below_openberg_minimum
835,2022-01-05,-73.5997,-25.3423,ASCAT,0.0,0.0,False,False,False,False,length_below_openberg_minimum
836,2022-01-06,-73.606,-25.4989,ASCAT,0.0,0.0,False,False,False,False,length_below_openberg_minimum
837,2022-01-07,-73.6116,-25.5855,ASCAT,53708.0,35188.0,False,False,False,False,length_exceeds_openberg_maximum
838,2022-01-08,-73.6116,-25.5855,ASCAT,0.0,0.0,False,False,False,False,length_below_openberg_minimum
839,2022-01-09,-73.6449,-25.8337,ASCAT,0.0,0.0,False,False,False,False,length_below_openberg_minimum
840,2022-01-10,-73.6347,-25.9093,ASCAT,0.0,0.0,False,False,False,False,length_below_openberg_minimum
841,2022-01-11,-73.6134,-26.0642,ASCAT,0.0,0.0,False,False,False,False,length_below_openberg_minimum
842,2022-01-12,-73.6193,-26.102,ASCAT,0.0,0.0,False,False,False,False,length_below_openberg_minimum
843,2022-01-13,-73.6394,-26.1972,ASCAT,0.0,0.0,False,False,False,False,length_below_openberg_minimum
844,2022-01-14,-73.6726,-26.3404,ASCAT,53708.0,35188.0,False,False,False,False,length_exceeds_openberg_maximum
845,2022-01-15,-73.7037,-26.4708,ASCAT,0.0,0.0,False,False,False,False,length_below_openberg_minimum
846,2022-01-16,-73.7174,-26.5278,ASCAT,0.0,0.0,False,False,False,False,length_below_openberg_minimum
847,2022-01-17,-73.7174,-26.5278,ASCAT,0.0,0.0,False,False,False,False,length_below_openberg_minimum
848,2022-01-18,-73.7186,-26.5284,ASCAT,0.0,0.0,False,False,False,False,length_below_openberg_minimum
849,2022-01-19,-73.722,-26.5301,ASCAT,0.0,0.0,False,False,False,False,length_below_openberg_minimum
850,2022-01-20,-73.7276,-26.533,ASCAT,0.0,0.0,False,False,False,False,length_below_openberg_minimum
851,2022-01-21,-73.7353,-26.5369,ASCAT,53708.0,35188.0,False,False,False,False,length_exceeds_openberg_maximum
852,2022-01-22,-73.745,-26.5419,ASCAT,0.0,0.0,False,False,False,False,length_below_openberg_minimum
853,2022-01-23,-73.7565,-26.5479,ASCAT,0.0,0.0,False,False,False,False,length_below_openberg_minimum
854,2022-01-24,-73.7699,-26.5549,ASCAT,0.0,0.0,False,False,False,False,length_below_openberg_minimum
855,2022-01-25,-73.805,-26.5728,ASCAT,0.0,0.0,False,False,False,False,length_below_openberg_minimum
856,2022-01-26,-73.8608,-26.6029,ASCAT,0.0,0.0,False,False,False,False,length_below_openberg_minimum
857,2022-01-27,-73.9056,-26.6317,ASCAT,0.0,0.0,False,False,False,False,length_below_openberg_minimum
858,2022-01-28,-73.9299,-26.6577,ASCAT,53708.0,35188.0,False,False,False,False,length_exceeds_openberg_maximum
859,2022-01-29,-73.9474,-26.6863,ASCAT,0.0,0.0,False,False,False,False,length_below_openberg_minimum
860,2022-01-30,-73.9612,-26.7152,ASCAT,0.0,0.0,False,False,False,False,length_below_openberg_minimum
861,2022-01-31,-73.9744,-26.7419,ASCAT,0.0,0.0,False,False,False,False,length_below_openberg_minimum
862,2022-02-01,-73.9903,-26.764,ASCAT,0.0,0.0,False,False,False,False,length_below_openberg_minimum
863,2022-02-02,-74.0118,-26.779,ASCAT,0.0,0.0,False,False,False,False,length_below_openberg_minimum
864,2022-02-03,-74.0422,-26.7846,ASCAT,0.0,0.0,False,False,False,False,length_below_openberg_minimum
865,2022-02-04,-74.1144,-26.7528,ASCAT,53708.0,35188.0,False,False,False,False,length_exceeds_openberg_maximum
866,2022-02-05,-74.1144,-26.7528,ASCAT,0.0,0.0,False,False,False,False,length_below_openberg_minimum
867,2022-02-06,-74.1446,-26.8102,ASCAT,0.0,0.0,False,False,False,False,length_below_openberg_minimum
868,2022-02-07,-74.2005,-26.9168,ASCAT,0.0,0.0,False,False,False,False,length_below_openberg_minimum
869,2022-02-08,-74.2307,-26.9742,ASCAT,0.0,0.0,False,False,False,False,length_below_openberg_minimum
870,2022-02-09,-74.2307,-26.9742,ASCAT,0.0,0.0,False,False,False,False,length_below_openberg_minimum
871,2022-02-10,-74.2742,-26.987,ASCAT,0.0,0.0,False,False,False,False,length_below_openberg_minimum
872,2022-02-11,-74.2742,-26.987,ASCAT,53708.0,35188.0,False,False,False,False,length_exceeds_openberg_maximum
873,2022-02-12,-74.3285,-26.9217,ASCAT,0.0,0.0,False,False,False,False,length_below_openberg_minimum
874,2022-02-13,-74.3285,-26.9217,ASCAT,0.0,0.0,False,False,False,False,length_below_openberg_minimum
875,2022-02-14,-74.3479,-27.0277,ASCAT,0.0,0.0,False,False,False,False,length_below_openberg_minimum
876,2022-02-15,-74.3673,-27.1337,ASCAT,0.0,0.0,False,False,False,False,length_below_openberg_minimum
877,2022-02-16,-74.3673,-27.1337,ASCAT,0.0,0.0,False,False,False,False,length_below_openberg_minimum
878,2022-02-17,-74.395,-27.2384,ASCAT,0.0,0.0,False,False,False,False,length_below_openberg_minimum
879,2022-02-18,-74.4288,-27.426,ASCAT,53708.0,35188.0,False,False,False,False,length_exceeds_openberg_maximum
880,2022-02-19,-74.437,-27.6115,ASCAT,0.0,0.0,False,False,False,False,length_below_openberg_minimum
881,2022-02-20,-74.437,-27.6115,ASCAT,0.0,0.0,False,False,False,False,length_below_openberg_minimum
882,2022-02-21,-74.4618,-27.7595,ASCAT,0.0,0.0,False,False,False,False,length_below_openberg_minimum
883,2022-02-22,-74.448,-27.9377,ASCAT,0.0,0.0,False,False,False,False,length_below_openberg_minimum
884,2022-02-23,-74.4842,-28.0038,ASCAT,0.0,0.0,False,False,False,False,length_below_openberg_minimum
885,2022-02-24,-74.493,-28.0415,ASCAT,0.0,0.0,False,False,False,False,length_below_openberg_minimum
886,2022-02-25,-74.4976,-28.0659,ASCAT,53708.0,35188.0,False,False,False,False,length_exceeds_openberg_maximum
887,2022-02-26,-74.5015,-28.0977,ASCAT,0.0,0.0,False,False,False,False,length_below_openberg_minimum
888,2022-02-27,-74.508,-28.1575,ASCAT,0.0,0.0,False,False,False,False,length_below_openberg_minimum
889,2022-02-28,-74.5214,-28.4625,ASCAT,0.0,0.0,False,False,False,False,length_below_openberg_minimum
890,2022-03-01,-74.5249,-28.5266,ASCAT,0.0,0.0,False,False,False,False,length_below_openberg_minimum
891,2022-03-02,-74.5277,-28.5722,ASCAT,0.0,0.0,False,False,False,False,length_below_openberg_minimum
892,2022-03-03,-74.5299,-28.6043,ASCAT,0.0,0.0,False,False,False,False,length_below_openberg_minimum
893,2022-03-04,-74.5316,-28.6276,ASCAT,53708.0,35188.0,False,False,False,False,length_exceeds_openberg_maximum
894,2022-03-05,-74.5327,-28.6473,ASCAT,0.0,0.0,False,False,False,False,length_below_openberg_minimum
895,2022-03-06,-74.5334,-28.6681,ASCAT,0.0,0.0,False,False,False,False,length_below_openberg_minimum
896,2022-03-07,-74.5336,-28.6951,ASCAT,0.0,0.0,False,False,False,False,length_below_openberg_minimum
897,2022-03-08,-74.5333,-28.7242,ASCAT,0.0,0.0,False,False,False,False,length_below_openberg_minimum
898,2022-03-09,-74.5325,-28.7525,ASCAT,0.0,0.0,False,False,False,False,length_below_openberg_minimum
899,2022-03-10,-74.5317,-28.7867,ASCAT,0.0,0.0,False,False,False,False,length_below_openberg_minimum
900,2022-03-11,-74.5309,-28.8255,ASCAT,53708.0,35188.0,False,False,False,False,length_exceeds_openberg_maximum
901,2022-03-12,-74.5301,-28.866,ASCAT,0.0,0.0,False,False,False,False,length_below_openberg_minimum
902,2022-03-13,-74.5291,-28.912,ASCAT,0.0,0.0,False,False,False,False,length_below_openberg_minimum
903,2022-03-14,-74.5281,-28.9671,ASCAT,0.0,0.0,False,False,False,False,length_below_openberg_minimum
904,2022-03-15,-74.527,-29.0351,ASCAT,0.0,0.0,False,False,False,False,length_below_openberg_minimum
905,2022-03-16,-74.5259,-29.1198,ASCAT,0.0,0.0,False,False,False,False,length_below_openberg_minimum
906,2022-03-17,-74.5246,-29.225,ASCAT,0.0,0.0,False,False,False,False,length_below_openberg_minimum
907,2022-03-18,-74.523,-29.4668,ASCAT,53708.0,35188.0,False,False,False,False,length_exceeds_openberg_maximum
908,2022-03-19,-74.4681,-29.524,ASCAT,0.0,0.0,False,False,False,False,length_below_openberg_minimum
909,2022-03-20,-74.4733,-29.6167,ASCAT,0.0,0.0,False,False,False,False,length_below_openberg_minimum
910,2022-03-21,-74.483,-29.734,ASCAT,0.0,0.0,False,False,False,False,length_below_openberg_minimum
911,2022-03-22,-74.4882,-29.8479,ASCAT,0.0,0.0,False,False,False,False,length_below_openberg_minimum
912,2022-03-23,-74.473,-29.9473,ASCAT,0.0,0.0,False,False,False,False,length_below_openberg_minimum
913,2022-03-24,-74.4315,-30.1396,ASCAT,0.0,0.0,False,False,False,False,length_below_openberg_minimum
914,2022-03-25,-74.4315,-30.1396,ASCAT,53708.0,35188.0,False,False,False,False,length_exceeds_openberg_maximum
915,2022-03-26,-74.4376,-30.3987,ASCAT,0.0,0.0,False,False,False,False,length_below_openberg_minimum
916,2022-03-27,-74.4305,-30.4437,ASCAT,0.0,0.0,False,False,False,False,length_below_openberg_minimum
917,2022-03-28,-74.4285,-30.6534,ASCAT,0.0,0.0,False,False,False,False,length_below_openberg_minimum
918,2022-03-29,-74.4278,-30.829,ASCAT,0.0,0.0,False,False,False,False,length_below_openberg_minimum
919,2022-03-30,-74.4278,-30.829,ASCAT,0.0,0.0,False,False,False,False,length_below_openberg_minimum
920,2022-03-31,-74.42,-31.0229,ASCAT,0.0,0.0,False,False,False,False,length_below_openberg_minimum
921,2022-04-01,-74.4122,-31.2169,ASCAT,53708.0,35188.0,False,False,False,False,length_exceeds_openberg_maximum
922,2022-04-02,-74.4122,-31.2169,ASCAT,0.0,0.0,False,False,False,False,length_below_openberg_minimum
923,2022-04-03,-74.3874,-31.5121,ASCAT,0.0,0.0,False,False,False,False,length_below_openberg_minimum
924,2022-04-04,-74.3874,-31.5121,ASCAT,0.0,0.0,False,False,False,False,length_below_openberg_minimum
925,2022-04-05,-74.3972,-31.6681,ASCAT,0.0,0.0,False,False,False,False,length_below_openberg_minimum
926,2022-04-06,-74.4227,-31.7997,ASCAT,0.0,0.0,False,False,False,False,length_below_openberg_minimum
927,2022-04-07,-74.4357,-31.9209,ASCAT,0.0,0.0,False,False,False,False,length_below_openberg_minimum
928,2022-04-08,-74.4462,-32.0411,ASCAT,53708.0,35188.0,False,False,False,False,length_exceeds_openberg_maximum
929,2022-04-09,-74.4532,-32.1332,ASCAT,0.0,0.0,False,False,False,False,length_below_openberg_minimum
930,2022-04-10,-74.4558,-32.1699,ASCAT,0.0,0.0,False,False,False,False,length_below_openberg_minimum
931,2022-04-11,-74.4558,-32.1699,ASCAT,0.0,0.0,False,False,False,False,length_below_openberg_minimum
932,2022-04-12,-74.4664,-32.2088,ASCAT,0.0,0.0,False,False,False,False,length_below_openberg_minimum
933,2022-04-13,-74.4939,-32.309,ASCAT,0.0,0.0,False,False,False,False,length_below_openberg_minimum
934,2022-04-14,-74.5314,-32.446,ASCAT,0.0,0.0,False,False,False,False,length_below_openberg_minimum
935,2022-04-15,-74.5723,-32.5952,ASCAT,53708.0,35188.0,False,False,False,False,length_exceeds_openberg_maximum
936,2022-04-16,-74.6098,-32.7322,ASCAT,0.0,0.0,False,False,False,False,length_below_openberg_minimum
937,2022-04-17,-74.6373,-32.8324,ASCAT,0.0,0.0,False,False,False,False,length_below_openberg_minimum
938,2022-04-18,-74.6479,-32.8713,ASCAT,0.0,0.0,False,False,False,False,length_below_openberg_minimum
939,2022-04-19,-74.6201,-32.8706,ASCAT,0.0,0.0,False,False,False,False,length_below_openberg_minimum
940,2022-04-20,-74.5685,-32.8688,ASCAT,0.0,0.0,False,False,False,False,length_below_openberg_minimum
941,2022-04-21,-74.5407,-32.8662,ASCAT,0.0,0.0,False,False,False,False,length_below_openberg_minimum
942,2022-04-22,-74.5428,-32.8379,ASCAT,53708.0,35188.0,False,False,False,False,length_exceeds_openberg_maximum
943,2022-04-23,-74.5484,-32.7682,ASCAT,0.0,0.0,False,False,False,False,length_below_openberg_minimum
944,2022-04-24,-74.5563,-32.671,ASCAT,0.0,0.0,False,False,False,False,length_below_openberg_minimum
945,2022-04-25,-74.5654,-32.5602,ASCAT,0.0,0.0,False,False,False,False,length_below_openberg_minimum
946,2022-04-26,-74.5744,-32.4498,ASCAT,0.0,0.0,False,False,False,False,length_below_openberg_minimum
947,2022-04-27,-74.5823,-32.3536,ASCAT,0.0,0.0,False,False,False,False,length_below_openberg_minimum
948,2022-04-28,-74.5879,-32.2857,ASCAT,0.0,0.0,False,False,False,False,length_below_openberg_minimum
949,2022-04-29,-74.59,-32.26,ASCAT,53708.0,35188.0,False,False,False,False,length_exceeds_openberg_maximum
950,2022-04-30,-74.59,-32.26,ASCAT,0.0,0.0,False,False,False,False,length_below_openberg_minimum
951,2022-05-01,-74.59,-32.26,ASCAT,0.0,0.0,False,False,False,False,length_below_openberg_minimum
952,2022-05-02,-74.59,-32.26,ASCAT,0.0,0.0,False,False,False,False,length_below_openberg_minimum
953,2022-05-03,-74.59,-32.26,ASCAT,0.0,0.0,False,False,False,False,length_below_openberg_minimum
954,2022-05-04,-74.59,-32.26,ASCAT,0.0,0.0,False,False,False,False,length_below_openberg_minimum
955,2022-05-05,-74.5661,-32.5025,ASCAT,0.0,0.0,False,False,False,False,length_below_openberg_minimum
956,2022-05-06,-74.5317,-32.7044,ASCAT,53708.0,35188.0,False,False,False,False,length_exceeds_openberg_maximum
957,2022-05-07,-74.4883,-32.742,ASCAT,0.0,0.0,False,False,False,False,length_below_openberg_minimum
958,2022-05-08,-74.4678,-32.7971,ASCAT,0.0,0.0,False,False,False,False,length_below_openberg_minimum
959,2022-05-09,-74.4413,-32.9499,ASCAT,0.0,0.0,False,False,False,False,length_below_openberg_minimum
960,2022-05-10,-74.4191,-33.174,ASCAT,0.0,0.0,False,False,False,False,length_below_openberg_minimum
961,2022-05-11,-74.4047,-33.3697,ASCAT,0.0,0.0,False,False,False,False,length_below_openberg_minimum
962,2022-05-12,-74.4005,-33.456,ASCAT,0.0,0.0,False,False,False,False,length_below_openberg_minimum
963,2022-05-13,-74.3539,-33.6481,ASCAT,53708.0,35188.0,False,False,False,False,length_exceeds_openberg_maximum
964,2022-05-14,-74.3108,-33.8861,ASCAT,0.0,0.0,False,False,False,False,length_below_openberg_minimum
965,2022-05-15,-74.3359,-34.0911,ASCAT,0.0,0.0,False,False,False,False,length_below_openberg_minimum
966,2022-05-16,-74.3446,-34.445,ASCAT,0.0,0.0,False,False,False,False,length_below_openberg_minimum
967,2022-05-17,-74.3162,-34.5837,ASCAT,0.0,0.0,False,False,False,False,length_below_openberg_minimum
968,2022-05-18,-74.3319,-34.8434,ASCAT,0.0,0.0,False,False,False,False,length_below_openberg_minimum
969,2022-05-19,-74.3543,-35.0456,ASCAT,0.0,0.0,False,False,False,False,length_below_openberg_minimum
970,2022-05-20,-74.3562,-35.2428,ASCAT,0.0,0.0,False,False,False,False,length_below_openberg_minimum
971,2022-05-21,-74.3578,-35.4344,ASCAT,0.0,0.0,False,False,False,False,length_below_openberg_minimum
972,2022-05-22,-74.3591,-35.623,ASCAT,0.0,0.0,False,False,False,False,length_below_openberg_minimum
973,2022-05-23,-74.3601,-35.811,ASCAT,0.0,0.0,False,False,False,False,length_below_openberg_minimum
974,2022-05-24,-74.3608,-36.0011,ASCAT,0.0,0.0,False,False,False,False,length_below_openberg_minimum
975,2022-05-25,-74.3613,-36.1957,ASCAT,0.0,0.0,False,False,False,False,length_below_openberg_minimum
976,2022-05-26,-74.3616,-36.3975,ASCAT,0.0,0.0,False,False,False,False,length_below_openberg_minimum
977,2022-05-27,-74.3618,-36.6088,ASCAT,53708.0,35188.0,False,False,False,False,length_exceeds_openberg_maximum
978,2022-05-28,-74.3618,-36.8324,ASCAT,0.0,0.0,False,False,False,False,length_below_openberg_minimum
979,2022-05-29,-74.3395,-37.0866,ASCAT,0.0,0.0,False,False,False,False,length_below_openberg_minimum
980,2022-05-30,-74.2938,-37.1764,ASCAT,0.0,0.0,False,False,False,False,length_below_openberg_minimum
981,2022-05-31,-74.262,-37.2742,ASCAT,0.0,0.0,False,False,False,False,length_below_openberg_minimum
982,2022-06-01,-74.2386,-37.5125,ASCAT,0.0,0.0,False,False,False,False,length_below_openberg_minimum
983,2022-06-02,-74.2203,-37.6003,ASCAT,0.0,0.0,False,False,False,False,length_below_openberg_minimum
984,2022-06-03,-74.2335,-37.7863,ASCAT,0.0,0.0,False,False,False,False,length_below_openberg_minimum
985,2022-06-04,-74.2245,-37.8781,ASCAT,0.0,0.0,False,False,False,False,length_below_openberg_minimum
986,2022-06-05,-74.2353,-38.1367,ASCAT,0.0,0.0,False,False,False,False,length_below_openberg_minimum
987,2022-06-06,-74.2449,-38.3931,ASCAT,0.0,0.0,False,False,False,False,length_below_openberg_minimum
988,2022-06-07,-74.2449,-38.3931,ASCAT,0.0,0.0,False,False,False,False,length_below_openberg_minimum
989,2022-06-08,-74.2985,-38.3829,ASCAT,0.0,0.0,False,False,False,False,length_below_openberg_minimum
990,2022-06-09,-74.278,-38.4106,ASCAT,0.0,0.0,False,False,False,False,length_below_openberg_minimum
991,2022-06-10,-74.2781,-38.378,ASCAT,53708.0,35188.0,False,False,False,False,length_exceeds_openberg_maximum
992,2022-06-11,-74.2782,-38.3175,ASCAT,0.0,0.0,False,False,False,False,length_below_openberg_minimum
993,2022-06-12,-74.2785,-38.2849,ASCAT,0.0,0.0,False,False,False,False,length_below_openberg_minimum
994,2022-06-13,-74.2804,-38.3754,ASCAT,0.0,0.0,False,False,False,False,length_below_openberg_minimum
995,2022-06-14,-74.285,-38.6144,ASCAT,0.0,0.0,False,False,False,False,length_below_openberg_minimum
996,2022-06-15,-74.2911,-38.9528,ASCAT,0.0,0.0,False,False,False,False,length_below_openberg_minimum
997,2022-06-16,-74.2976,-39.3417,ASCAT,0.0,0.0,False,False,False,False,length_below_openberg_minimum
998,2022-06-17,-74.3036,-39.732,ASCAT,53708.0,35188.0,False,False,False,False,length_exceeds_openberg_maximum
999,2022-06-18,-74.308,-40.0748,ASCAT,0.0,0.0,False,False,False,False,length_below_openberg_minimum
1000,2022-06-19,-74.3097,-40.3212,ASCAT,0.0,0.0,False,False,False,False,length_below_openberg_minimum
1001,2022-06-20,-74.3103,-40.4553,NIC,0.0,0.0,False,False,False,False,length_below_openberg_minimum
1002,2022-06-21,-74.2575,-40.6316,NIC,0.0,0.0,False,False,False,False,length_below_openberg_minimum
1003,2022-06-22,-74.204,-40.793,NIC,0.0,0.0,False,False,False,False,length_below_openberg_minimum
1004,2022-06-23,-74.156,-40.9343,NIC,0.0,0.0,False,False,False,False,length_below_openberg_minimum
1005,2022-06-24,-74.12,-41.05,NIC,53708.0,35188.0,False,False,False,False,length_exceeds_openberg_maximum
1006,2022-06-25,-74.0945,-41.1419,NIC,0.0,0.0,False,False,False,False,length_below_openberg_minimum
1007,2022-06-26,-74.0729,-41.2186,NIC,0.0,0.0,False,False,False,False,length_below_openberg_minimum
1008,2022-06-27,-74.0536,-41.2855,NIC,0.0,0.0,False,False,False,False,length_below_openberg_minimum
1009,2022-06-28,-74.0352,-41.3478,NIC,0.0,0.0,False,False,False,False,length_below_openberg_minimum
1010,2022-06-29,-74.0161,-41.4108,NIC,0.0,0.0,False,False,False,False,length_below_openberg_minimum
1011,2022-06-30,-73.9949,-41.4797,NIC,0.0,0.0,False,False,False,False,length_below_openberg_minimum
1012,2022-07-01,-73.97,-41.56,NIC,53708.0,35188.0,False,False,False,False,length_exceeds_openberg_maximum
1013,2022-07-02,-73.9408,-41.6585,NIC,0.0,0.0,False,False,False,False,length_below_openberg_minimum
1014,2022-07-03,-73.8802,-42.0539,ASCAT,0.0,0.0,False,False,False,False,length_below_openberg_minimum
1015,2022-07-04,-73.7805,-42.2337,ASCAT,0.0,0.0,False,False,False,False,length_below_openberg_minimum
1016,2022-07-05,-73.7293,-42.2782,ASCAT,0.0,0.0,False,False,False,False,length_below_openberg_minimum
1017,2022-07-06,-73.6912,-42.3155,ASCAT,0.0,0.0,False,False,False,False,length_below_openberg_minimum
1018,2022-07-07,-73.6572,-42.3992,ASCAT,0.0,0.0,False,False,False,False,length_below_openberg_minimum
1019,2022-07-08,-73.6279,-42.2956,ASCAT,53708.0,35188.0,False,False,False,False,length_exceeds_openberg_maximum
1020,2022-07-09,-73.6573,-42.3503,ASCAT,0.0,0.0,False,False,False,False,length_below_openberg_minimum
1021,2022-07-10,-73.5813,-42.4763,ASCAT,0.0,0.0,False,False,False,False,length_below_openberg_minimum
1022,2022-07-11,-73.5162,-42.5706,ASCAT,0.0,0.0,False,False,False,False,length_below_openberg_minimum
1023,2022-07-12,-73.4324,-42.6361,ASCAT,0.0,0.0,False,False,False,False,length_below_openberg_minimum
1024,2022-07-13,-73.351,-42.6761,ASCAT,0.0,0.0,False,False,False,False,length_below_openberg_minimum
1025,2022-07-14,-73.2929,-42.6887,ASCAT,0.0,0.0,False,False,False,False,length_below_openberg_minimum
1026,2022-07-15,-73.2929,-42.6887,ASCAT,53708.0,35188.0,False,False,False,False,length_exceeds_openberg_maximum
1027,2022-07-16,-73.2929,-42.6887,ASCAT,0.0,0.0,False,False,False,False,length_below_openberg_minimum
1028,2022-07-17,-73.2094,-42.8491,ASCAT,0.0,0.0,False,False,False,False,length_below_openberg_minimum
1029,2022-07-18,-73.1796,-42.8079,ASCAT,0.0,0.0,False,False,False,False,length_below_openberg_minimum
1030,2022-07-19,-73.1796,-42.8079,ASCAT,0.0,0.0,False,False,False,False,length_below_openberg_minimum
1031,2022-07-20,-73.1796,-42.8079,ASCAT,0.0,0.0,False,False,False,False,length_below_openberg_minimum
1032,2022-07-21,-73.1796,-42.8079,ASCAT,0.0,0.0,False,False,False,False,length_below_openberg_minimum
1033,2022-07-22,-73.1796,-42.8079,ASCAT,53708.0,35188.0,False,False,False,False,length_exceeds_openberg_maximum
1034,2022-07-23,-73.1796,-42.8079,ASCAT,0.0,0.0,False,False,False,False,length_below_openberg_minimum
1035,2022-07-24,-73.1796,-42.8079,ASCAT,0.0,0.0,False,False,False,False,length_below_openberg_minimum
1036,2022-07-25,-73.1796,-42.8079,ASCAT,0.0,0.0,False,False,False,False,length_below_openberg_minimum
1037,2022-07-26,-73.1796,-42.8079,ASCAT,0.0,0.0,False,False,False,False,length_below_openberg_minimum
1038,2022-07-27,-73.1796,-42.8079,ASCAT,0.0,0.0,False,False,False,False,length_below_openberg_minimum
1039,2022-07-28,-73.1796,-42.8079,ASCAT,0.0,0.0,False,False,False,False,length_below_openberg_minimum
1040,2022-07-29,-73.1768,-42.8275,ASCAT,53708.0,35188.0,False,False,False,False,length_exceeds_openberg_maximum
1041,2022-07-30,-73.1692,-42.88,ASCAT,0.0,0.0,False,False,False,False,length_below_openberg_minimum
1042,2022-07-31,-73.158,-42.9555,ASCAT,0.0,0.0,False,False,False,False,length_below_openberg_minimum
1043,2022-08-01,-73.1445,-43.0445,ASCAT,0.0,0.0,False,False,False,False,length_below_openberg_minimum
1044,2022-08-02,-73.13,-43.1373,ASCAT,0.0,0.0,False,False,False,False,length_below_openberg_minimum
1045,2022-08-03,-73.1155,-43.2243,ASCAT,0.0,0.0,False,False,False,False,length_below_openberg_minimum
1046,2022-08-04,-73.1025,-43.2956,ASCAT,0.0,0.0,False,False,False,False,length_below_openberg_minimum
1047,2022-08-05,-73.1,-43.48,NIC,53708.0,35188.0,False,False,False,False,length_exceeds_openberg_maximum
1048,2022-08-06,-73.0848,-43.5349,NIC,0.0,0.0,False,False,False,False,length_below_openberg_minimum
1049,2022-08-07,-73.0704,-43.585,NIC,0.0,0.0,False,False,False,False,length_below_openberg_minimum
1050,2022-08-08,-73.0564,-43.6318,NIC,0.0,0.0,False,False,False,False,length_below_openberg_minimum
1051,2022-08-09,-73.0426,-43.6763,NIC,0.0,0.0,False,False,False,False,length_below_openberg_minimum
1052,2022-08-10,-73.0287,-43.72,NIC,0.0,0.0,False,False,False,False,length_below_openberg_minimum
1053,2022-08-11,-73.0146,-43.7641,NIC,0.0,0.0,False,False,False,False,length_below_openberg_minimum
1054,2022-08-12,-73.0,-43.81,NIC,53708.0,35188.0,False,False,False,False,length_exceeds_openberg_maximum
1055,2022-08-13,-72.9844,-43.856,NIC,0.0,0.0,False,False,False,False,length_below_openberg_minimum
1056,2022-08-14,-72.9679,-43.9005,NIC,0.0,0.0,False,False,False,False,length_below_openberg_minimum
1057,2022-08-15,-72.951,-43.9447,NIC,0.0,0.0,False,False,False,False,length_below_openberg_minimum
1058,2022-08-16,-72.9343,-43.9896,NIC,0.0,0.0,False,False,False,False,length_below_openberg_minimum
1059,2022-08-17,-72.9182,-44.0363,NIC,0.0,0.0,False,False,False,False,length_below_openberg_minimum
1060,2022-08-18,-72.9164,-44.0191,ASCAT,0.0,0.0,False,False,False,False,length_below_openberg_minimum
1061,2022-08-19,-72.8296,-44.2723,ASCAT,53708.0,35188.0,False,False,False,False,length_exceeds_openberg_maximum
1062,2022-08-20,-72.8296,-44.2723,ASCAT,0.0,0.0,False,False,False,False,length_below_openberg_minimum
1063,2022-08-21,-72.8296,-44.2723,ASCAT,0.0,0.0,False,False,False,False,length_below_openberg_minimum
1064,2022-08-22,-72.8296,-44.2723,ASCAT,0.0,0.0,False,False,False,False,length_below_openberg_minimum
1065,2022-08-23,-72.8296,-44.2723,ASCAT,0.0,0.0,False,False,False,False,length_below_openberg_minimum
1066,2022-08-24,-72.8296,-44.2723,ASCAT,0.0,0.0,False,False,False,False,length_below_openberg_minimum
1067,2022-08-25,-72.8296,-44.2723,ASCAT,0.0,0.0,False,False,False,False,length_below_openberg_minimum
1068,2022-08-26,-72.8274,-44.5044,ASCAT,53708.0,35188.0,False,False,False,False,length_exceeds_openberg_maximum
1069,2022-08-27,-72.8196,-44.8115,ASCAT,0.0,0.0,False,False,False,False,length_below_openberg_minimum
1070,2022-08-28,-72.808,-44.8978,ASCAT,0.0,0.0,False,False,False,False,length_below_openberg_minimum
1071,2022-08-29,-72.7898,-44.9522,ASCAT,0.0,0.0,False,False,False,False,length_below_openberg_minimum
1072,2022-08-30,-72.7486,-45.005,ASCAT,0.0,0.0,False,False,False,False,length_below_openberg_minimum
1073,2022-08-31,-72.7486,-45.005,ASCAT,0.0,0.0,False,False,False,False,length_below_openberg_minimum
1074,2022-09-01,-72.7228,-44.9201,ASCAT,0.0,0.0,False,False,False,False,length_below_openberg_minimum
1075,2022-09-02,-72.72,-44.94,ASCAT,53708.0,35188.0,False,False,False,False,length_exceeds_openberg_maximum
1076,2022-09-03,-72.72,-44.94,ASCAT,0.0,0.0,False,False,False,False,length_below_openberg_minimum
1077,2022-09-04,-72.6839,-45.5004,ASCAT,0.0,0.0,False,False,False,False,length_below_openberg_minimum
1078,2022-09-05,-72.6609,-45.5723,ASCAT,0.0,0.0,False,False,False,False,length_below_openberg_minimum
1079,2022-09-06,-72.6157,-45.8465,ASCAT,0.0,0.0,False,False,False,False,length_below_openberg_minimum
1080,2022-09-07,-72.5418,-45.979,ASCAT,0.0,0.0,False,False,False,False,length_below_openberg_minimum
1081,2022-09-08,-72.5418,-45.979,ASCAT,0.0,0.0,False,False,False,False,length_below_openberg_minimum
1082,2022-09-09,-72.4792,-46.2434,ASCAT,53708.0,35188.0,False,False,False,False,length_exceeds_openberg_maximum
1083,2022-09-10,-72.4715,-46.2681,ASCAT,0.0,0.0,False,False,False,False,length_below_openberg_minimum
1084,2022-09-11,-72.4593,-46.3312,ASCAT,0.0,0.0,False,False,False,False,length_below_openberg_minimum
1085,2022-09-12,-72.4411,-46.4332,ASCAT,0.0,0.0,False,False,False,False,length_below_openberg_minimum
1086,2022-09-13,-72.4141,-46.55,ASCAT,0.0,0.0,False,False,False,False,length_below_openberg_minimum
1087,2022-09-14,-72.35,-46.69,ASCAT,0.0,0.0,False,False,False,False,length_below_openberg_minimum
1088,2022-09-15,-72.3173,-46.8054,ASCAT,0.0,0.0,False,False,False,False,length_below_openberg_minimum
1089,2022-09-16,-72.2909,-46.9127,ASCAT,53708.0,35188.0,False,False,False,False,length_exceeds_openberg_maximum
1090,2022-09-17,-72.2692,-47.0129,ASCAT,0.0,0.0,False,False,False,False,length_below_openberg_minimum
1091,2022-09-18,-72.251,-47.1073,ASCAT,0.0,0.0,False,False,False,False,length_below_openberg_minimum
1092,2022-09-19,-72.2348,-47.1972,ASCAT,0.0,0.0,False,False,False,False,length_below_openberg_minimum
1093,2022-09-20,-72.2192,-47.2836,ASCAT,0.0,0.0,False,False,False,False,length_below_openberg_minimum
1094,2022-09-21,-72.2029,-47.3678,ASCAT,0.0,0.0,False,False,False,False,length_below_openberg_minimum
1095,2022-09-22,-72.1835,-47.4413,ASCAT,0.0,0.0,False,False,False,False,length_below_openberg_minimum
1096,2022-09-23,-72.1656,-47.5095,ASCAT,53708.0,35188.0,False,False,False,False,length_exceeds_openberg_maximum
1097,2022-09-24,-72.1577,-47.5945,ASCAT,0.0,0.0,False,False,False,False,length_below_openberg_minimum
1098,2022-09-25,-72.1743,-47.7269,ASCAT,0.0,0.0,False,False,False,False,length_below_openberg_minimum
1099,2022-09-26,-72.159,-47.6719,ASCAT,0.0,0.0,False,False,False,False,length_below_openberg_minimum
1100,2022-09-27,-72.1481,-47.7546,ASCAT,0.0,0.0,False,False,False,False,length_below_openberg_minimum
1101,2022-09-28,-72.1059,-47.8789,ASCAT,0.0,0.0,False,False,False,False,length_below_openberg_minimum
1102,2022-09-29,-72.1266,-47.8633,ASCAT,0.0,0.0,False,False,False,False,length_below_openberg_minimum
1103,2022-09-30,-72.1204,-47.8816,ASCAT,0.0,0.0,False,False,False,False,length_below_openberg_minimum
1104,2022-10-01,-72.1135,-47.8568,ASCAT,0.0,0.0,False,False,False,False,length_below_openberg_minimum
1105,2022-10-02,-72.1079,-47.9182,ASCAT,0.0,0.0,False,False,False,False,length_below_openberg_minimum
1106,2022-10-03,-72.0919,-48.0553,ASCAT,0.0,0.0,False,False,False,False,length_below_openberg_minimum
1107,2022-10-04,-72.0938,-48.135,ASCAT,0.0,0.0,False,False,False,False,length_below_openberg_minimum
1108,2022-10-05,-72.0763,-48.2756,ASCAT,0.0,0.0,False,False,False,False,length_below_openberg_minimum
1109,2022-10-06,-72.073,-48.4596,ASCAT,0.0,0.0,False,False,False,False,length_below_openberg_minimum
1110,2022-10-07,-72.0715,-48.502,ASCAT,53708.0,35188.0,False,False,False,False,length_exceeds_openberg_maximum
1111,2022-10-08,-72.0705,-48.5243,ASCAT,0.0,0.0,False,False,False,False,length_below_openberg_minimum
1112,2022-10-09,-72.0684,-48.5573,ASCAT,0.0,0.0,False,False,False,False,length_below_openberg_minimum
1113,2022-10-10,-72.0577,-48.6325,ASCAT,0.0,0.0,False,False,False,False,length_below_openberg_minimum
1114,2022-10-11,-72.059,-48.802,ASCAT,0.0,0.0,False,False,False,False,length_below_openberg_minimum
1115,2022-10-12,-72.0551,-48.9856,ASCAT,0.0,0.0,False,False,False,False,length_below_openberg_minimum
1116,2022-10-13,-72.0241,-49.0682,ASCAT,0.0,0.0,False,False,False,False,length_below_openberg_minimum
1117,2022-10-14,-71.9938,-49.1532,ASCAT,53708.0,35188.0,False,False,False,False,length_exceeds_openberg_maximum
1118,2022-10-15,-72.0178,-49.2586,ASCAT,0.0,0.0,False,False,False,False,length_below_openberg_minimum
1119,2022-10-16,-72.0418,-49.3666,ASCAT,0.0,0.0,False,False,False,False,length_below_openberg_minimum
1120,2022-10-17,-72.0224,-49.4599,ASCAT,0.0,0.0,False,False,False,False,length_below_openberg_minimum
1121,2022-10-18,-72.02,-49.4424,NIC,0.0,0.0,False,False,False,False,length_below_openberg_minimum
1122,2022-10-19,-72.02,-49.5673,NIC,0.0,0.0,False,False,False,False,length_below_openberg_minimum
1123,2022-10-20,-72.02,-49.6907,NIC,0.0,0.0,False,False,False,False,length_below_openberg_minimum
1124,2022-10-21,-72.02,-49.81,NIC,53708.0,35188.0,False,False,False,False,length_exceeds_openberg_maximum
1125,2022-10-22,-72.0111,-49.9235,NIC,0.0,0.0,False,False,False,False,length_below_openberg_minimum
1126,2022-10-23,-71.9883,-50.0329,NIC,0.0,0.0,False,False,False,False,length_below_openberg_minimum
1127,2022-10-24,-71.957,-50.1409,NIC,0.0,0.0,False,False,False,False,length_below_openberg_minimum
1128,2022-10-25,-71.923,-50.25,NIC,0.0,0.0,False,False,False,False,length_below_openberg_minimum
1129,2022-10-26,-71.8917,-50.3629,NIC,0.0,0.0,False,False,False,False,length_below_openberg_minimum
1130,2022-10-27,-71.8689,-50.482,NIC,0.0,0.0,False,False,False,False,length_below_openberg_minimum
1131,2022-10-28,-71.86,-50.61,NIC,53708.0,35188.0,False,False,False,False,length_exceeds_openberg_maximum
1132,2022-10-29,-71.86,-50.7552,NIC,0.0,0.0,False,False,False,False,length_below_openberg_minimum
1133,2022-10-30,-71.86,-50.9188,NIC,0.0,0.0,False,False,False,False,length_below_openberg_minimum
1134,2022-10-31,-71.86,-51.0926,NIC,0.0,0.0,False,False,False,False,length_below_openberg_minimum
1135,2022-11-01,-71.9042,-51.3736,ASCAT,0.0,0.0,False,False,False,False,length_below_openberg_minimum
1136,2022-11-02,-71.8668,-51.6884,ASCAT,0.0,0.0,False,False,False,False,length_below_openberg_minimum
1137,2022-11-03,-71.8469,-51.7971,ASCAT,0.0,0.0,False,False,False,False,length_below_openberg_minimum
1138,2022-11-04,-71.8316,-51.8769,ASCAT,53708.0,35188.0,False,False,False,False,length_exceeds_openberg_maximum
1139,2022-11-05,-71.8194,-51.936,ASCAT,0.0,0.0,False,False,False,False,length_below_openberg_minimum
1140,2022-11-06,-71.8087,-51.9825,ASCAT,0.0,0.0,False,False,False,False,length_below_openberg_minimum
1141,2022-11-07,-71.7981,-52.0247,ASCAT,0.0,0.0,False,False,False,False,length_below_openberg_minimum
1142,2022-11-08,-71.786,-52.0707,ASCAT,0.0,0.0,False,False,False,False,length_below_openberg_minimum
1143,2022-11-09,-71.7709,-52.1287,ASCAT,0.0,0.0,False,False,False,False,length_below_openberg_minimum
1144,2022-11-10,-71.7469,-52.2127,ASCAT,0.0,0.0,False,False,False,False,length_below_openberg_minimum
1145,2022-11-11,-71.7203,-52.2989,ASCAT,53708.0,35188.0,False,False,False,False,length_exceeds_openberg_maximum
1146,2022-11-12,-71.7077,-52.3384,ASCAT,0.0,0.0,False,False,False,False,length_below_openberg_minimum
1147,2022-11-13,-71.7077,-52.3384,ASCAT,0.0,0.0,False,False,False,False,length_below_openberg_minimum
1148,2022-11-14,-71.7296,-52.4284,ASCAT,0.0,0.0,False,False,False,False,length_below_openberg_minimum
1149,2022-11-15,-71.7109,-52.4558,ASCAT,0.0,0.0,False,False,False,False,length_below_openberg_minimum
1150,2022-11-16,-71.7034,-52.5817,ASCAT,0.0,0.0,False,False,False,False,length_below_openberg_minimum
1151,2022-11-17,-71.7034,-52.5817,ASCAT,0.0,0.0,False,False,False,False,length_below_openberg_minimum
1152,2022-11-18,-71.7034,-52.5817,ASCAT,53708.0,35188.0,False,False,False,False,length_exceeds_openberg_maximum
1153,2022-11-19,-71.6946,-52.8348,ASCAT,0.0,0.0,False,False,False,False,length_below_openberg_minimum
1154,2022-11-20,-71.6921,-52.9295,ASCAT,0.0,0.0,False,False,False,False,length_below_openberg_minimum
1155,2022-11-21,-71.66,-53.0592,ASCAT,0.0,0.0,False,False,False,False,length_below_openberg_minimum
1156,2022-11-22,-71.6119,-53.2796,ASCAT,0.0,0.0,False,False,False,False,length_below_openberg_minimum
1157,2022-11-23,-71.6119,-53.2796,ASCAT,0.0,0.0,False,False,False,False,length_below_openberg_minimum
1158,2022-11-24,-71.5744,-53.3852,ASCAT,0.0,0.0,False,False,False,False,length_below_openberg_minimum
1159,2022-11-25,-71.5554,-53.5701,ASCAT,53708.0,35188.0,False,False,False,False,length_exceeds_openberg_maximum
1160,2022-11-26,-71.4772,-53.7684,ASCAT,0.0,0.0,False,False,False,False,length_below_openberg_minimum
1161,2022-11-27,-71.4624,-53.8348,ASCAT,0.0,0.0,False,False,False,False,length_below_openberg_minimum
1162,2022-11-28,-71.4554,-53.8743,ASCAT,0.0,0.0,False,False,False,False,length_below_openberg_minimum
1163,2022-11-29,-71.4419,-53.9359,ASCAT,0.0,0.0,False,False,False,False,length_below_openberg_minimum
1164,2022-11-30,-71.39,-54.09,ASCAT,0.0,0.0,False,False,False,False,length_below_openberg_minimum
1165,2022-12-01,-71.3388,-54.2387,ASCAT,0.0,0.0,False,False,False,False,length_below_openberg_minimum
1166,2022-12-02,-71.3301,-54.3611,ASCAT,53708.0,35188.0,False,False,False,False,length_exceeds_openberg_maximum
1167,2022-12-03,-71.3,-54.445,ASCAT,0.0,0.0,False,False,False,False,length_below_openberg_minimum
1168,2022-12-04,-71.2184,-54.6257,ASCAT,0.0,0.0,False,False,False,False,length_below_openberg_minimum
1169,2022-12-05,-71.1879,-54.7484,ASCAT,0.0,0.0,False,False,False,False,length_below_openberg_minimum
1170,2022-12-06,-71.1635,-54.814,ASCAT,0.0,0.0,False,False,False,False,length_below_openberg_minimum
1171,2022-12-07,-71.1287,-54.8224,ASCAT,0.0,0.0,False,False,False,False,length_below_openberg_minimum
1172,2022-12-08,-71.0988,-54.8731,ASCAT,0.0,0.0,False,False,False,False,length_below_openberg_minimum
1173,2022-12-09,-71.0712,-54.9826,ASCAT,53708.0,35188.0,False,False,False,False,length_exceeds_openberg_maximum
1174,2022-12-10,-71.0451,-55.1255,ASCAT,0.0,0.0,False,False,False,False,length_below_openberg_minimum
1175,2022-12-11,-71.0195,-55.2769,ASCAT,0.0,0.0,False,False,False,False,length_below_openberg_minimum
1176,2022-12-12,-70.9934,-55.4114,ASCAT,0.0,0.0,False,False,False,False,length_below_openberg_minimum
1177,2022-12-13,-70.966,-55.504,ASCAT,0.0,0.0,False,False,False,False,length_below_openberg_minimum
1178,2022-12-14,-70.9384,-55.5667,ASCAT,0.0,0.0,False,False,False,False,length_below_openberg_minimum
1179,2022-12-15,-70.9122,-55.6279,ASCAT,0.0,0.0,False,False,False,False,length_below_openberg_minimum
1180,2022-12-16,-70.8867,-55.6869,ASCAT,53708.0,35188.0,False,False,False,False,length_exceeds_openberg_maximum
1181,2022-12-17,-70.8614,-55.7428,ASCAT,0.0,0.0,False,False,False,False,length_below_openberg_minimum
1182,2022-12-18,-70.8359,-55.795,ASCAT,0.0,0.0,False,False,False,False,length_below_openberg_minimum
1183,2022-12-19,-70.8095,-55.8427,ASCAT,0.0,0.0,False,False,False,False,length_below_openberg_minimum
1184,2022-12-20,-70.7818,-55.8851,ASCAT,0.0,0.0,False,False,False,False,length_below_openberg_minimum
1185,2022-12-21,-70.7521,-55.9215,ASCAT,0.0,0.0,False,False,False,False,length_below_openberg_minimum
1186,2022-12-22,-70.7201,-55.9511,ASCAT,0.0,0.0,False,False,False,False,length_below_openberg_minimum
1187,2022-12-23,-70.685,-55.9732,ASCAT,53708.0,35188.0,False,False,False,False,length_exceeds_openberg_maximum
1188,2022-12-24,-70.6465,-55.987,ASCAT,0.0,0.0,False,False,False,False,length_below_openberg_minimum
1189,2022-12-25,-70.6039,-55.9918,ASCAT,0.0,0.0,False,False,False,False,length_below_openberg_minimum
1190,2022-12-26,-70.5425,-55.9871,ASCAT,0.0,0.0,False,False,False,False,length_below_openberg_minimum
1191,2022-12-27,-70.4938,-55.9872,ASCAT,0.0,0.0,False,False,False,False,length_below_openberg_minimum
1192,2022-12-28,-70.447,-55.9877,ASCAT,0.0,0.0,False,False,False,False,length_below_openberg_minimum
1193,2022-12-29,-70.4024,-55.9884,ASCAT,0.0,0.0,False,False,False,False,length_below_openberg_minimum
1194,2022-12-30,-70.3604,-55.9894,ASCAT,53708.0,35188.0,False,False,False,False,length_exceeds_openberg_maximum
1195,2022-12-31,-70.3213,-55.9908,ASCAT,0.0,0.0,False,False,False,False,length_below_openberg_minimum
1196,2023-01-01,-70.2689,-55.9933,ASCAT,0.0,0.0,False,False,False,False,length_below_openberg_minimum
1197,2023-01-02,-70.2387,-55.9953,ASCAT,0.0,0.0,False,False,False,False,length_below_openberg_minimum
1198,2023-01-03,-70.2127,-55.9977,ASCAT,0.0,0.0,False,False,False,False,length_below_openberg_minimum
1199,2023-01-04,-70.1912,-56.0003,ASCAT,0.0,0.0,False,False,False,False,length_below_openberg_minimum
1200,2023-01-05,-70.1718,-56.009,ASCAT,0.0,0.0,False,False,False,False,length_below_openberg_minimum
1201,2023-01-06,-70.1538,-56.0244,ASCAT,53708.0,35188.0,False,False,False,False,length_exceeds_openberg_maximum
1202,2023-01-07,-70.1406,-56.0391,ASCAT,0.0,0.0,False,False,False,False,length_below_openberg_minimum
1203,2023-01-08,-70.1355,-56.0457,ASCAT,0.0,0.0,False,False,False,False,length_below_openberg_minimum
1204,2023-01-09,-70.1355,-56.0457,ASCAT,0.0,0.0,False,False,False,False,length_below_openberg_minimum
1205,2023-01-10,-70.1355,-56.0457,ASCAT,0.0,0.0,False,False,False,False,length_below_openberg_minimum
1206,2023-01-11,-70.1355,-56.0457,ASCAT,0.0,0.0,False,False,False,False,length_below_openberg_minimum
1207,2023-01-12,-70.0657,-56.0387,ASCAT,0.0,0.0,False,False,False,False,length_below_openberg_minimum
1208,2023-01-13,-70.0399,-56.0189,ASCAT,53708.0,35188.0,False,False,False,False,length_exceeds_openberg_maximum
1209,2023-01-14,-70.0172,-55.9935,ASCAT,0.0,0.0,False,False,False,False,length_below_openberg_minimum
1210,2023-01-15,-69.9745,-55.9733,ASCAT,0.0,0.0,False,False,False,False,length_below_openberg_minimum
1211,2023-01-16,-69.9513,-55.9507,ASCAT,0.0,0.0,False,False,False,False,length_below_openberg_minimum
1212,2023-01-17,-69.8835,-55.8324,ASCAT,0.0,0.0,False,False,False,False,length_below_openberg_minimum
1213,2023-01-18,-69.8126,-55.6927,ASCAT,0.0,0.0,False,False,False,False,length_below_openberg_minimum
1214,2023-01-19,-69.6934,-55.6489,ASCAT,0.0,0.0,False,False,False,False,length_below_openberg_minimum
1215,2023-01-20,-69.66,-55.69,ASCAT,53708.0,35188.0,False,False,False,False,length_exceeds_openberg_maximum
1216,2023-01-21,-69.6188,-55.7316,ASCAT,0.0,0.0,False,False,False,False,length_below_openberg_minimum
1217,2023-01-22,-69.568,-55.7634,ASCAT,0.0,0.0,False,False,False,False,length_below_openberg_minimum
1218,2023-01-23,-69.4981,-55.5461,ASCAT,0.0,0.0,False,False,False,False,length_below_openberg_minimum
1219,2023-01-24,-69.4992,-55.6258,ASCAT,0.0,0.0,False,False,False,False,length_below_openberg_minimum
1220,2023-01-25,-69.4992,-55.6258,ASCAT,0.0,0.0,False,False,False,False,length_below_openberg_minimum
1221,2023-01-26,-69.4992,-55.6258,ASCAT,0.0,0.0,False,False,False,False,length_below_openberg_minimum
1222,2023-01-27,-69.4992,-55.6258,ASCAT,53708.0,35188.0,False,False,False,False,length_exceeds_openberg_maximum
1223,2023-01-28,-69.4527,-55.6421,ASCAT,0.0,0.0,False,False,False,False,length_below_openberg_minimum
1224,2023-01-29,-69.4421,-55.6311,ASCAT,0.0,0.0,False,False,False,False,length_below_openberg_minimum
1225,2023-01-30,-69.3482,-55.7429,ASCAT,0.0,0.0,False,False,False,False,length_below_openberg_minimum
1226,2023-01-31,-69.2807,-55.782,ASCAT,0.0,0.0,False,False,False,False,length_below_openberg_minimum
1227,2023-02-01,-69.2471,-55.7976,ASCAT,0.0,0.0,False,False,False,False,length_below_openberg_minimum
1228,2023-02-02,-69.2471,-55.7976,ASCAT,0.0,0.0,False,False,False,False,length_below_openberg_minimum
1229,2023-02-03,-69.2059,-55.7757,ASCAT,53708.0,35188.0,False,False,False,False,length_exceeds_openberg_maximum
1230,2023-02-04,-69.2059,-55.7757,ASCAT,0.0,0.0,False,False,False,False,length_below_openberg_minimum
1231,2023-02-05,-69.1949,-55.755,ASCAT,0.0,0.0,False,False,False,False,length_below_openberg_minimum
1232,2023-02-06,-69.1708,-55.7095,ASCAT,0.0,0.0,False,False,False,False,length_below_openberg_minimum
1233,2023-02-07,-69.1466,-55.664,ASCAT,0.0,0.0,False,False,False,False,length_below_openberg_minimum
1234,2023-02-08,-69.1356,-55.6433,ASCAT,0.0,0.0,False,False,False,False,length_below_openberg_minimum
1235,2023-02-09,-69.1356,-55.6433,ASCAT,0.0,0.0,False,False,False,False,length_below_openberg_minimum
1236,2023-02-10,-69.1472,-55.5169,ASCAT,53708.0,35188.0,False,False,False,False,length_exceeds_openberg_maximum
1237,2023-02-11,-69.1415,-55.5169,ASCAT,0.0,0.0,False,False,False,False,length_below_openberg_minimum
1238,2023-02-12,-69.1261,-55.517,ASCAT,0.0,0.0,False,False,False,False,length_below_openberg_minimum
1239,2023-02-13,-69.1036,-55.517,ASCAT,0.0,0.0,False,False,False,False,length_below_openberg_minimum
1240,2023-02-14,-69.0763,-55.5171,ASCAT,0.0,0.0,False,False,False,False,length_below_openberg_minimum
1241,2023-02-15,-69.0468,-55.5172,ASCAT,0.0,0.0,False,False,False,False,length_below_openberg_minimum
1242,2023-02-16,-69.0177,-55.5173,ASCAT,0.0,0.0,False,False,False,False,length_below_openberg_minimum
1243,2023-02-17,-68.9913,-55.5174,ASCAT,53708.0,35188.0,False,False,False,False,length_exceeds_openberg_maximum
1244,2023-02-18,-68.9702,-55.5176,ASCAT,0.0,0.0,False,False,False,False,length_below_openberg_minimum
1245,2023-02-19,-68.9754,-55.6186,NIC,0.0,0.0,False,False,False,False,length_below_openberg_minimum
1246,2023-02-20,-68.9513,-55.6171,NIC,0.0,0.0,False,False,False,False,length_below_openberg_minimum
1247,2023-02-21,-68.9271,-55.6153,NIC,0.0,0.0,False,False,False,False,length_below_openberg_minimum
1248,2023-02-22,-68.9033,-55.6134,NIC,0.0,0.0,False,False,False,False,length_below_openberg_minimum
1249,2023-02-23,-68.8807,-55.6116,NIC,0.0,0.0,False,False,False,False,length_below_openberg_minimum
1250,2023-02-24,-68.86,-55.61,NIC,53708.0,35188.0,False,False,False,False,length_exceeds_openberg_maximum
1251,2023-02-25,-68.839,-55.6087,NIC,0.0,0.0,False,False,False,False,length_below_openberg_minimum
1252,2023-02-26,-68.8162,-55.6076,NIC,0.0,0.0,False,False,False,False,length_below_openberg_minimum
1253,2023-02-27,-68.7936,-55.6066,NIC,0.0,0.0,False,False,False,False,length_below_openberg_minimum
1254,2023-02-28,-68.7728,-55.6055,NIC,0.0,0.0,False,False,False,False,length_below_openberg_minimum
1255,2023-03-01,-68.7558,-55.6041,NIC,0.0,0.0,False,False,False,False,length_below_openberg_minimum
1256,2023-03-02,-68.7442,-55.6023,NIC,0.0,0.0,False,False,False,False,length_below_openberg_minimum
1257,2023-03-03,-68.74,-55.6,NIC,53708.0,35188.0,False,False,False,False,length_exceeds_openberg_maximum
1258,2023-03-04,-68.7724,-55.5616,ASCAT,0.0,0.0,False,False,False,False,length_below_openberg_minimum
1259,2023-03-05,-68.7724,-55.5616,ASCAT,0.0,0.0,False,False,False,False,length_below_openberg_minimum
1260,2023-03-06,-68.7735,-55.5461,ASCAT,0.0,0.0,False,False,False,False,length_below_openberg_minimum
1261,2023-03-07,-68.7763,-55.508,ASCAT,0.0,0.0,False,False,False,False,length_below_openberg_minimum
1262,2023-03-08,-68.7795,-55.4595,ASCAT,0.0,0.0,False,False,False,False,length_below_openberg_minimum
1263,2023-03-09,-68.7823,-55.4129,ASCAT,0.0,0.0,False,False,False,False,length_below_openberg_minimum
1264,2023-03-10,-68.7834,-55.3805,ASCAT,53708.0,35188.0,False,False,False,False,length_exceeds_openberg_maximum
1265,2023-03-11,-68.7796,-55.3594,ASCAT,0.0,0.0,False,False,False,False,length_below_openberg_minimum
1266,2023-03-12,-68.7698,-55.3389,ASCAT,0.0,0.0,False,False,False,False,length_below_openberg_minimum
1267,2023-03-13,-68.7565,-55.3201,ASCAT,0.0,0.0,False,False,False,False,length_below_openberg_minimum
1268,2023-03-14,-68.7419,-55.3038,ASCAT,0.0,0.0,False,False,False,False,length_below_openberg_minimum
1269,2023-03-15,-68.7286,-55.291,ASCAT,0.0,0.0,False,False,False,False,length_below_openberg_minimum
1270,2023-03-16,-68.7188,-55.2826,ASCAT,0.0,0.0,False,False,False,False,length_below_openberg_minimum
1271,2023-03-17,-68.715,-55.2796,ASCAT,53708.0,35188.0,False,False,False,False,length_exceeds_openberg_maximum
1272,2023-03-18,-68.715,-55.2796,ASCAT,0.0,0.0,False,False,False,False,length_below_openberg_minimum
1273,2023-03-19,-68.6846,-55.2931,ASCAT,0.0,0.0,False,False,False,False,length_below_openberg_minimum
1274,2023-03-20,-68.6381,-55.3067,ASCAT,0.0,0.0,False,False,False,False,length_below_openberg_minimum
1275,2023-03-21,-68.6091,-55.2955,ASCAT,0.0,0.0,False,False,False,False,length_below_openberg_minimum
1276,2023-03-22,-68.5845,-55.2678,ASCAT,0.0,0.0,False,False,False,False,length_below_openberg_minimum
1277,2023-03-23,-68.561,-55.2321,ASCAT,0.0,0.0,False,False,False,False,length_below_openberg_minimum
1278,2023-03-24,-68.5356,-55.1973,ASCAT,53708.0,35188.0,False,False,False,False,length_exceeds_openberg_maximum
1279,2023-03-25,-68.505,-55.1718,ASCAT,0.0,0.0,False,False,False,False,length_below_openberg_minimum
1280,2023-03-26,-68.463,-55.1571,ASCAT,0.0,0.0,False,False,False,False,length_below_openberg_minimum
1281,2023-03-27,-68.4304,-55.2187,ASCAT,0.0,0.0,False,False,False,False,length_below_openberg_minimum
1282,2023-03-28,-68.3793,-55.2475,ASCAT,0.0,0.0,False,False,False,False,length_below_openberg_minimum
1283,2023-03-29,-68.3221,-55.2914,ASCAT,0.0,0.0,False,False,False,False,length_below_openberg_minimum
1284,2023-03-30,-68.2703,-55.3286,ASCAT,0.0,0.0,False,False,False,False,length_below_openberg_minimum
1285,2023-03-31,-68.22,-55.3482,ASCAT,53708.0,35188.0,False,False,False,False,length_exceeds_openberg_maximum
1286,2023-04-01,-68.1683,-55.2482,ASCAT,0.0,0.0,False,False,False,False,length_below_openberg_minimum
1287,2023-04-02,-68.1683,-55.2482,ASCAT,0.0,0.0,False,False,False,False,length_below_openberg_minimum
1288,2023-04-03,-68.1683,-55.2482,ASCAT,0.0,0.0,False,False,False,False,length_below_openberg_minimum
1289,2023-04-04,-68.1683,-55.2482,ASCAT,0.0,0.0,False,False,False,False,length_below_openberg_minimum
1290,2023-04-05,-68.1683,-55.2482,ASCAT,0.0,0.0,False,False,False,False,length_below_openberg_minimum
1291,2023-04-06,-68.1137,-55.2238,ASCAT,0.0,0.0,False,False,False,False,length_below_openberg_minimum
1292,2023-04-07,-68.0663,-55.1495,ASCAT,53708.0,35188.0,False,False,False,False,length_exceeds_openberg_maximum
1293,2023-04-08,-67.9961,-55.1511,ASCAT,0.0,0.0,False,False,False,False,length_below_openberg_minimum
1294,2023-04-09,-67.9724,-55.1985,ASCAT,0.0,0.0,False,False,False,False,length_below_openberg_minimum
1295,2023-04-10,-67.89,-55.1532,ASCAT,0.0,0.0,False,False,False,False,length_below_openberg_minimum
1296,2023-04-11,-67.7632,-55.2296,ASCAT,0.0,0.0,False,False,False,False,length_below_openberg_minimum
1297,2023-04-12,-67.6827,-55.2821,ASCAT,0.0,0.0,False,False,False,False,length_below_openberg_minimum
1298,2023-04-13,-67.6196,-55.3333,ASCAT,0.0,0.0,False,False,False,False,length_below_openberg_minimum
1299,2023-04-14,-67.5873,-55.3616,ASCAT,53708.0,35188.0,False,False,False,False,length_exceeds_openberg_maximum
1300,2023-04-15,-67.5873,-55.3616,ASCAT,0.0,0.0,False,False,False,False,length_below_openberg_minimum
1301,2023-04-16,-67.5524,-55.3276,ASCAT,0.0,0.0,False,False,False,False,length_below_openberg_minimum
1302,2023-04-17,-67.5237,-55.3377,ASCAT,0.0,0.0,False,False,False,False,length_below_openberg_minimum
1303,2023-04-18,-67.4895,-55.3478,ASCAT,0.0,0.0,False,False,False,False,length_below_openberg_minimum
1304,2023-04-19,-67.4111,-55.3388,ASCAT,0.0,0.0,False,False,False,False,length_below_openberg_minimum
1305,2023-04-20,-67.3069,-55.3145,ASCAT,0.0,0.0,False,False,False,False,length_below_openberg_minimum
1306,2023-04-21,-67.2398,-55.2792,ASCAT,53708.0,35188.0,False,False,False,False,length_exceeds_openberg_maximum
1307,2023-04-22,-67.2213,-55.1979,ASCAT,0.0,0.0,False,False,False,False,length_below_openberg_minimum
1308,2023-04-23,-67.1824,-55.2103,ASCAT,0.0,0.0,False,False,False,False,length_below_openberg_minimum
1309,2023-04-24,-67.1449,-55.2106,ASCAT,0.0,0.0,False,False,False,False,length_below_openberg_minimum
1310,2023-04-25,-67.1117,-55.2494,ASCAT,0.0,0.0,False,False,False,False,length_below_openberg_minimum
1311,2023-04-26,-67.0696,-55.2879,ASCAT,0.0,0.0,False,False,False,False,length_below_openberg_minimum
1312,2023-04-27,-66.965,-55.2186,ASCAT,0.0,0.0,False,False,False,False,length_below_openberg_minimum
1313,2023-04-28,-66.86,-55.1,ASCAT,53708.0,35188.0,False,False,False,False,length_exceeds_openberg_maximum
1314,2023-04-29,-66.8191,-54.9975,ASCAT,0.0,0.0,False,False,False,False,length_below_openberg_minimum
1315,2023-04-30,-66.7801,-55.0386,ASCAT,0.0,0.0,False,False,False,False,length_below_openberg_minimum
1316,2023-05-01,-66.7252,-55.014,ASCAT,0.0,0.0,False,False,False,False,length_below_openberg_minimum
1317,2023-05-02,-66.6914,-54.9208,ASCAT,0.0,0.0,False,False,False,False,length_below_openberg_minimum
1318,2023-05-03,-66.619,-54.8626,ASCAT,0.0,0.0,False,False,False,False,length_below_openberg_minimum
1319,2023-05-04,-66.5131,-54.8162,ASCAT,0.0,0.0,False,False,False,False,length_below_openberg_minimum
1320,2023-05-05,-66.4014,-54.7625,ASCAT,53708.0,35188.0,False,False,False,False,length_exceeds_openberg_maximum
1321,2023-05-06,-66.287,-54.6901,ASCAT,0.0,0.0,False,False,False,False,length_below_openberg_minimum
1322,2023-05-07,-66.1656,-54.6063,ASCAT,0.0,0.0,False,False,False,False,length_below_openberg_minimum
1323,2023-05-08,-66.0537,-54.5198,ASCAT,0.0,0.0,False,False,False,False,length_below_openberg_minimum
1324,2023-05-09,-65.9601,-54.4317,ASCAT,0.0,0.0,False,False,False,False,length_below_openberg_minimum
1325,2023-05-10,-65.8979,-54.55,ASCAT,0.0,0.0,False,False,False,False,length_below_openberg_minimum
1326,2023-05-11,-65.8979,-54.55,ASCAT,0.0,0.0,False,False,False,False,length_below_openberg_minimum
1327,2023-05-12,-65.8874,-54.5348,ASCAT,53708.0,35188.0,False,False,False,False,length_exceeds_openberg_maximum
1328,2023-05-13,-65.86,-54.495,ASCAT,0.0,0.0,False,False,False,False,length_below_openberg_minimum
1329,2023-05-14,-65.8217,-54.4396,ASCAT,0.0,0.0,False,False,False,False,length_below_openberg_minimum
1330,2023-05-15,-65.7786,-54.3774,ASCAT,0.0,0.0,False,False,False,False,length_below_openberg_minimum
1331,2023-05-16,-65.7369,-54.3173,ASCAT,0.0,0.0,False,False,False,False,length_below_openberg_minimum
1332,2023-05-17,-65.7024,-54.2681,ASCAT,0.0,0.0,False,False,False,False,length_below_openberg_minimum
1333,2023-05-18,-65.6699,-54.2312,ASCAT,0.0,0.0,False,False,False,False,length_below_openberg_minimum
1334,2023-05-19,-65.6359,-54.1982,ASCAT,53708.0,35188.0,False,False,False,False,length_exceeds_openberg_maximum
1335,2023-05-20,-65.609,-54.1637,ASCAT,0.0,0.0,False,False,False,False,length_below_openberg_minimum
1336,2023-05-21,-65.5981,-54.1218,ASCAT,0.0,0.0,False,False,False,False,length_below_openberg_minimum
1337,2023-05-22,-65.6028,-54.0628,ASCAT,0.0,0.0,False,False,False,False,length_below_openberg_minimum
1338,2023-05-23,-65.6069,-54.1336,NIC,0.0,0.0,False,False,False,False,length_below_openberg_minimum
1339,2023-05-24,-65.5862,-54.1085,NIC,0.0,0.0,False,False,False,False,length_below_openberg_minimum
1340,2023-05-25,-65.5612,-54.09,NIC,0.0,0.0,False,False,False,False,length_below_openberg_minimum
1341,2023-05-26,-65.53,-54.08,NIC,53708.0,35188.0,False,False,False,False,length_exceeds_openberg_maximum
1342,2023-05-27,-65.4829,-54.0755,NIC,0.0,0.0,False,False,False,False,length_below_openberg_minimum
1343,2023-05-28,-65.4161,-54.072,NIC,0.0,0.0,False,False,False,False,length_below_openberg_minimum
1344,2023-05-29,-65.3355,-54.0692,NIC,0.0,0.0,False,False,False,False,length_below_openberg_minimum
1345,2023-05-30,-65.2475,-54.0669,NIC,0.0,0.0,False,False,False,False,length_below_openberg_minimum
1346,2023-05-31,-65.1581,-54.0648,NIC,0.0,0.0,False,False,False,False,length_below_openberg_minimum
1347,2023-06-01,-65.0736,-54.0626,NIC,0.0,0.0,False,False,False,False,length_below_openberg_minimum
1348,2023-06-02,-65.0,-54.06,NIC,53708.0,35188.0,False,False,False,False,length_exceeds_openberg_maximum
1349,2023-06-03,-64.9372,-54.0573,NIC,0.0,0.0,False,False,False,False,length_below_openberg_minimum
1350,2023-06-04,-64.8794,-54.0547,NIC,0.0,0.0,False,False,False,False,length_below_openberg_minimum
1351,2023-06-05,-64.8245,-54.0522,NIC,0.0,0.0,False,False,False,False,length_below_openberg_minimum
1352,2023-06-06,-64.7702,-54.0496,NIC,0.0,0.0,False,False,False,False,length_below_openberg_minimum
1353,2023-06-07,-64.634,-54.1179,ASCAT,0.0,0.0,False,False,False,False,length_below_openberg_minimum
1354,2023-06-08,-64.5223,-54.1121,ASCAT,0.0,0.0,False,False,False,False,length_below_openberg_minimum
1355,2023-06-09,-64.389,-54.0963,ASCAT,55560.0,35188.0,False,False,False,False,length_exceeds_openberg_maximum
1356,2023-06-10,-64.2758,-54.0727,ASCAT,0.0,0.0,False,False,False,False,length_below_openberg_minimum
1357,2023-06-11,-64.2062,-54.0123,ASCAT,0.0,0.0,False,False,False,False,length_below_openberg_minimum
1358,2023-06-12,-64.13,-53.91,ASCAT,0.0,0.0,False,False,False,False,length_below_openberg_minimum
1359,2023-06-13,-63.9791,-53.7553,ASCAT,0.0,0.0,False,False,False,False,length_below_openberg_minimum
1360,2023-06-14,-63.8545,-53.6075,ASCAT,0.0,0.0,False,False,False,False,length_below_openberg_minimum
1361,2023-06-15,-63.7591,-53.5502,ASCAT,0.0,0.0,False,False,False,False,length_below_openberg_minimum
1362,2023-06-16,-63.6776,-53.4513,ASCAT,0.0,0.0,False,False,False,False,length_below_openberg_minimum
1363,2023-06-17,-63.6139,-53.3491,ASCAT,0.0,0.0,False,False,False,False,length_below_openberg_minimum
1364,2023-06-18,-63.5761,-53.2837,ASCAT,0.0,0.0,False,False,False,False,length_below_openberg_minimum
1365,2023-06-19,-63.5364,-53.1037,ASCAT,0.0,0.0,False,False,False,False,length_below_openberg_minimum
1366,2023-06-20,-63.4613,-53.1318,ASCAT,0.0,0.0,False,False,False,False,length_below_openberg_minimum
1367,2023-06-21,-63.41,-53.16,ASCAT,0.0,0.0,False,False,False,False,length_below_openberg_minimum
1368,2023-06-22,-63.41,-53.16,ASCAT,0.0,0.0,False,False,False,False,length_below_openberg_minimum
1369,2023-06-23,-63.344,-53.2388,ASCAT,0.0,0.0,False,False,False,False,length_below_openberg_minimum
1370,2023-06-24,-63.1947,-53.2952,ASCAT,0.0,0.0,False,False,False,False,length_below_openberg_minimum
1371,2023-06-25,-63.1521,-53.4509,ASCAT,0.0,0.0,False,False,False,False,length_below_openberg_minimum
1372,2023-06-26,-63.1521,-53.4509,ASCAT,0.0,0.0,False,False,False,False,length_below_openberg_minimum
1373,2023-06-27,-62.9161,-53.6277,ASCAT,0.0,0.0,False,False,False,False,length_below_openberg_minimum
1374,2023-06-28,-62.68,-53.87,ASCAT,0.0,0.0,False,False,False,False,length_below_openberg_minimum
1375,2023-06-29,-62.6827,-53.9708,ASCAT,0.0,0.0,False,False,False,False,length_below_openberg_minimum
1376,2023-06-30,-62.6414,-54.0158,ASCAT,55560.0,35188.0,False,False,False,False,length_exceeds_openberg_maximum
1377,2023-07-01,-62.5466,-54.0469,ASCAT,0.0,0.0,False,False,False,False,length_below_openberg_minimum
1378,2023-07-02,-62.4419,-54.0586,ASCAT,0.0,0.0,False,False,False,False,length_below_openberg_minimum
1379,2023-07-03,-62.3322,-53.9942,ASCAT,0.0,0.0,False,False,False,False,length_below_openberg_minimum
1380,2023-07-04,-62.2493,-53.9517,ASCAT,0.0,0.0,False,False,False,False,length_below_openberg_minimum
1381,2023-07-05,-62.1774,-53.9033,ASCAT,0.0,0.0,False,False,False,False,length_below_openberg_minimum
1382,2023-07-06,-62.1092,-53.7951,ASCAT,0.0,0.0,False,False,False,False,length_below_openberg_minimum
1383,2023-07-07,-62.0481,-53.6603,ASCAT,55560.0,35188.0,False,False,False,False,length_exceeds_openberg_maximum
1384,2023-07-08,-61.9919,-53.5394,ASCAT,0.0,0.0,False,False,False,False,length_below_openberg_minimum
1385,2023-07-09,-61.9372,-53.4168,ASCAT,0.0,0.0,False,False,False,False,length_below_openberg_minimum
1386,2023-07-10,-61.8853,-53.2952,ASCAT,0.0,0.0,False,False,False,False,length_below_openberg_minimum
1387,2023-07-11,-61.8377,-53.1773,ASCAT,0.0,0.0,False,False,False,False,length_below_openberg_minimum
1388,2023-07-12,-61.7959,-53.0657,ASCAT,0.0,0.0,False,False,False,False,length_below_openberg_minimum
1389,2023-07-13,-61.7612,-52.9631,ASCAT,0.0,0.0,False,False,False,False,length_below_openberg_minimum
1390,2023-07-14,-61.7378,-52.8835,ASCAT,55560.0,35188.0,False,False,False,False,length_exceeds_openberg_maximum
1391,2023-07-15,-61.7125,-52.789,ASCAT,0.0,0.0,False,False,False,False,length_below_openberg_minimum
1392,2023-07-16,-61.6604,-52.5888,ASCAT,0.0,0.0,False,False,False,False,length_below_openberg_minimum
1393,2023-07-17,-61.6267,-52.4407,ASCAT,0.0,0.0,False,False,False,False,length_below_openberg_minimum
1394,2023-07-18,-61.566,-52.2812,ASCAT,0.0,0.0,False,False,False,False,length_below_openberg_minimum
1395,2023-07-19,-61.5273,-52.2527,ASCAT,0.0,0.0,False,False,False,False,length_below_openberg_minimum
1396,2023-07-20,-61.4938,-52.2336,ASCAT,0.0,0.0,False,False,False,False,length_below_openberg_minimum
1397,2023-07-21,-61.4703,-52.2229,ASCAT,55560.0,35188.0,False,False,False,False,length_exceeds_openberg_maximum
1398,2023-07-22,-61.4614,-52.2196,ASCAT,0.0,0.0,False,False,False,False,length_below_openberg_minimum
1399,2023-07-23,-61.4614,-52.2196,ASCAT,0.0,0.0,False,False,False,False,length_below_openberg_minimum
1400,2023-07-24,-61.4614,-52.2196,ASCAT,0.0,0.0,False,False,False,False,length_below_openberg_minimum
1401,2023-07-25,-61.4614,-52.2196,ASCAT,0.0,0.0,False,False,False,False,length_below_openberg_minimum
1402,2023-07-26,-61.4614,-52.2196,ASCAT,0.0,0.0,False,False,False,False,length_below_openberg_minimum
1403,2023-07-27,-61.4482,-52.1912,ASCAT,0.0,0.0,False,False,False,False,length_below_openberg_minimum
1404,2023-07-28,-61.4155,-52.1234,ASCAT,53708.0,35188.0,False,False,False,False,length_exceeds_openberg_maximum
1405,2023-07-29,-61.3734,-52.0426,ASCAT,0.0,0.0,False,False,False,False,length_below_openberg_minimum
1406,2023-07-30,-61.3323,-51.9748,ASCAT,0.0,0.0,False,False,False,False,length_below_openberg_minimum
1407,2023-07-31,-61.3023,-51.9464,ASCAT,0.0,0.0,False,False,False,False,length_below_openberg_minimum
1408,2023-08-01,-61.285,-52.0035,ASCAT,0.0,0.0,False,False,False,False,length_below_openberg_minimum
1409,2023-08-02,-61.2763,-52.1074,ASCAT,0.0,0.0,False,False,False,False,length_below_openberg_minimum
1410,2023-08-03,-61.2685,-52.2587,ASCAT,0.0,0.0,False,False,False,False,length_below_openberg_minimum
1411,2023-08-04,-61.2618,-52.4345,ASCAT,55560.0,35188.0,False,False,False,False,length_exceeds_openberg_maximum
1412,2023-08-05,-61.2564,-52.6115,ASCAT,0.0,0.0,False,False,False,False,length_below_openberg_minimum
1413,2023-08-06,-61.2524,-52.7666,ASCAT,0.0,0.0,False,False,False,False,length_below_openberg_minimum
1414,2023-08-07,-61.2499,-52.8766,ASCAT,0.0,0.0,False,False,False,False,length_below_openberg_minimum
1415,2023-08-08,-61.249,-52.9184,ASCAT,0.0,0.0,False,False,False,False,length_below_openberg_minimum
1416,2023-08-09,-61.249,-52.9184,ASCAT,0.0,0.0,False,False,False,False,length_below_openberg_minimum
1417,2023-08-10,-61.249,-52.9184,ASCAT,0.0,0.0,False,False,False,False,length_below_openberg_minimum
1418,2023-08-11,-61.249,-52.9184,ASCAT,55560.0,35188.0,False,False,False,False,length_exceeds_openberg_maximum
1419,2023-08-12,-61.2283,-53.0197,ASCAT,0.0,0.0,False,False,False,False,length_below_openberg_minimum
1420,2023-08-13,-61.1924,-53.1883,ASCAT,0.0,0.0,False,False,False,False,length_below_openberg_minimum
1421,2023-08-14,-61.1577,-53.3529,ASCAT,0.0,0.0,False,False,False,False,length_below_openberg_minimum
1422,2023-08-15,-61.121,-53.5173,ASCAT,0.0,0.0,False,False,False,False,length_below_openberg_minimum
1423,2023-08-16,-61.0925,-53.592,ASCAT,0.0,0.0,False,False,False,False,length_below_openberg_minimum
1424,2023-08-17,-61.0758,-53.4595,ASCAT,0.0,0.0,False,False,False,False,length_below_openberg_minimum
1425,2023-08-18,-61.0213,-53.3419,ASCAT,55560.0,35188.0,False,False,False,False,length_exceeds_openberg_maximum
1426,2023-08-19,-60.9636,-53.2323,ASCAT,0.0,0.0,False,False,False,False,length_below_openberg_minimum
1427,2023-08-20,-61.16,-53.31,NIC,0.0,0.0,False,False,False,False,length_below_openberg_minimum
1428,2023-08-21,-61.16,-53.31,NIC,0.0,0.0,False,False,False,False,length_below_openberg_minimum
1429,2023-08-22,-61.16,-53.31,NIC,0.0,0.0,False,False,False,False,length_below_openberg_minimum
1430,2023-08-23,-61.16,-53.31,NIC,0.0,0.0,False,False,False,False,length_below_openberg_minimum
1431,2023-08-24,-61.16,-53.31,NIC,0.0,0.0,False,False,False,False,length_below_openberg_minimum
1432,2023-08-25,-61.16,-53.31,NIC,55560.0,35188.0,False,False,False,False,length_exceeds_openberg_maximum
